unpacked odm_a -> D:\3.VScode\Mi\work\v20_4_scratch_20260831104317\work\verify_v20_4_final\img\odm_a.img (786432 bytes)
unpacked product_a -> D:\3.VScode\Mi\work\v20_4_scratch_20260831104317\work\verify_v20_4_final\img\product_a.img (631758848 bytes)
unpacked system_a -> D:\3.VScode\Mi\work\v20_4_scratch_20260831104317\work\verify_v20_4_final\img\system_a.img (4906721280 bytes)
unpacked system_dlkm_a -> D:\3.VScode\Mi\work\v20_4_scratch_20260831104317\work\verify_v20_4_final\img\system_dlkm_a.img (12189696 bytes)
unpacked system_ext_a -> D:\3.VScode\Mi\work\v20_4_scratch_20260831104317\work\verify_v20_4_final\img\system_ext_a.img (195932160 bytes)
unpacked vendor_a -> D:\3.VScode\Mi\work\v20_4_scratch_20260831104317\work\verify_v20_4_final\img\vendor_a.img (1502416896 bytes)
unpacked vendor_dlkm_a -> D:\3.VScode\Mi\work\v20_4_scratch_20260831104317\work\verify_v20_4_final\img\vendor_dlkm_a.img (41353216 bytes)
[1;93mExtract: [0m[1;92mStarting...[0m
[1;93mExtract: [0mSuccess change case sensitive.
[1;93mExtract: [0m[0;33mfs_config|file_contexts|fs_options[0m  [1;92msaving...[0m
[1;93mExtract: [0m[0;33mfs_config|file_contexts|fs_options[0m  [1;92mdone.[0m
[1;93mExtract: [0m[1;92mUsing [0m[0;91m16[0m[1;92m threads[0m
[1;93mExtract: [0m[1;92m[ [0m[0;91m0.19%[0m[1;92m ][0m
[1;93mExtract: [0m[1;92m[ [0m[0;91m0.24%[0m[1;92m ][0m
[1;93mExtract: [0m[1;92m[ [0m[0;91m0.27%[0m[1;92m ][0m
[1;93mExtract: [0m[1;92m[ [0m[0;91m0.30%[0m[1;92m ][0m
[1;93mExtract: [0m[1;92m[ [0m[0;91m0.32%[0m[1;92m ][0m
[1;93mExtract: [0m[1;92m[ [0m[0;91m0.35%[0m[1;92m ][0m
[1;93mExtract: [0m[1;92m[ [0m[0;91m0.38%[0m[1;92m ][0m
[1;93mExtract: [0m[1;92m[ [0m[0;91m0.41%[0m[1;92m ][0m
[1;93mExtract: [0m[1;92m[ [0m[0;91m0.43%[0m[1;92m ][0m
[1;93mExtract: [0m[1;92m[ [0m[0;91m0.46%[0m[1;92m ][0m
[1;93mExtract: [0m[1;92m[ [0m[0;91m0.49%[0m[1;92m ][0m
[1;93mExtract: [0m[1;92m[ [0m[0;91m0.51%[0m[1;92m ][0m
[1;93mExtract: [0m[1;92m[ [0m[0;91m0.54%[0m[1;92m ][0m
[1;93mExtract: [0m[1;92m[ [0m[0;91m0.57%[0m[1;92m ][0m
[1;93mExtract: [0m[1;92m[ [0m[0;91m0.59%[0m[1;92m ][0m
[1;93mExtract: [0m[1;92m[ [0m[0;91m0.62%[0m[1;92m ][0m
[1;93mExtract: [0m[1;92m[ [0m[0;91m0.65%[0m[1;92m ][0m
[1;93mExtract: [0m[1;92m[ [0m[0;91m0.68%[0m[1;92m ][0m
[1;93mExtract: [0m[1;92m[ [0m[0;91m0.70%[0m[1;92m ][0m
[1;93mExtract: [0m[1;92m[ [0m[0;91m0.73%[0m[1;92m ][0m
[1;93mExtract: [0m[1;92m[ [0m[0;91m0.76%[0m[1;92m ][0m
[1;93mExtract: [0m[1;92m[ [0m[0;91m0.78%[0m[1;92m ][0m
[1;93mExtract: [0m[1;92m[ [0m[0;91m0.81%[0m[1;92m ][0m
[1;93mExtract: [0m[1;92m[ [0m[0;91m0.84%[0m[1;92m ][0m
[1;93mExtract: [0m[1;92m[ [0m[0;91m0.86%[0m[1;92m ][0m
[1;93mExtract: [0m[1;92m[ [0m[0;91m0.89%[0m[1;92m ][0m
[1;93mExtract: [0m[1;92m[ [0m[0;91m0.92%[0m[1;92m ][0m
[1;93mExtract: [0m[1;92m[ [0m[0;91m0.95%[0m[1;92m ][0m
[1;93mExtract: [0m[1;92m[ [0m[0;91m0.97%[0m[1;92m ][0m
[1;93mExtract: [0m[1;92m[ [0m[0;91m1.00%[0m[1;92m ][0m
[1;93mExtract: [0m[1;92m[ [0m[0;91m1.03%[0m[1;92m ][0m
[1;93mExtract: [0m[1;92m[ [0m[0;91m1.05%[0m[1;92m ][0m
[1;93mExtract: [0m[1;92m[ [0m[0;91m1.08%[0m[1;92m ][0m
[1;93mExtract: [0m[1;92m[ [0m[0;91m1.11%[0m[1;92m ][0m
[1;93mExtract: [0m[1;92m[ [0m[0;91m1.13%[0m[1;92m ][0m
[1;93mExtract: [0m[1;92m[ [0m[0;91m1.16%[0m[1;92m ][0m
[1;93mExtract: [0m[1;92m[ [0m[0;91m1.19%[0m[1;92m ][0m
[1;93mExtract: [0m[1;92m[ [0m[0;91m1.22%[0m[1;92m ][0m
[1;93mExtract: [0m[1;92m[ [0m[0;91m1.24%[0m[1;92m ][0m
[1;93mExtract: [0m[1;92m[ [0m[0;91m1.27%[0m[1;92m ][0m
[1;93mExtract: [0m[1;92m[ [0m[0;91m1.30%[0m[1;92m ][0m
[1;93mExtract: [0m[1;92m[ [0m[0;91m1.32%[0m[1;92m ][0m
[1;93mExtract: [0m[1;92m[ [0m[0;91m1.35%[0m[1;92m ][0m
[1;93mExtract: [0m[1;92m[ [0m[0;91m1.38%[0m[1;92m ][0m
[1;93mExtract: [0m[1;92m[ [0m[0;91m1.40%[0m[1;92m ][0m
[1;93mExtract: [0m[1;92m[ [0m[0;91m1.43%[0m[1;92m ][0m
[1;93mExtract: [0m[1;92m[ [0m[0;91m1.46%[0m[1;92m ][0m
[1;93mExtract: [0m[1;92m[ [0m[0;91m1.49%[0m[1;92m ][0m
[1;93mExtract: [0m[1;92m[ [0m[0;91m1.51%[0m[1;92m ][0m
[1;93mExtract: [0m[1;92m[ [0m[0;91m1.54%[0m[1;92m ][0m
[1;93mExtract: [0m[1;92m[ [0m[0;91m1.57%[0m[1;92m ][0m
[1;93mExtract: [0m[1;92m[ [0m[0;91m1.59%[0m[1;92m ][0m
[1;93mExtract: [0m[1;92m[ [0m[0;91m1.62%[0m[1;92m ][0m
[1;93mExtract: [0m[1;92m[ [0m[0;91m1.65%[0m[1;92m ][0m
[1;93mExtract: [0m[1;92m[ [0m[0;91m1.67%[0m[1;92m ][0m
[1;93mExtract: [0m[1;92m[ [0m[0;91m1.70%[0m[1;92m ][0m
[1;93mExtract: [0m[1;92m[ [0m[0;91m1.73%[0m[1;92m ][0m
[1;93mExtract: [0m[1;92m[ [0m[0;91m1.76%[0m[1;92m ][0m
[1;93mExtract: [0m[1;92m[ [0m[0;91m1.78%[0m[1;92m ][0m
[1;93mExtract: [0m[1;92m[ [0m[0;91m1.81%[0m[1;92m ][0m
[1;93mExtract: [0m[1;92m[ [0m[0;91m1.84%[0m[1;92m ][0m
[1;93mExtract: [0m[1;92m[ [0m[0;91m1.86%[0m[1;92m ][0m
[1;93mExtract: [0m[1;92m[ [0m[0;91m1.89%[0m[1;92m ][0m
[1;93mExtract: [0m[1;92m[ [0m[0;91m1.92%[0m[1;92m ][0m
[1;93mExtract: [0m[1;92m[ [0m[0;91m1.94%[0m[1;92m ][0m
[1;93mExtract: [0m[1;92m[ [0m[0;91m1.97%[0m[1;92m ][0m
[1;93mExtract: [0m[1;92m[ [0m[0;91m2.00%[0m[1;92m ][0m
[1;93mExtract: [0m[1;92m[ [0m[0;91m2.03%[0m[1;92m ][0m
[1;93mExtract: [0m[1;92m[ [0m[0;91m2.05%[0m[1;92m ][0m
[1;93mExtract: [0m[1;92m[ [0m[0;91m2.08%[0m[1;92m ][0m
[1;93mExtract: [0m[1;92m[ [0m[0;91m2.11%[0m[1;92m ][0m
[1;93mExtract: [0m[1;92m[ [0m[0;91m2.13%[0m[1;92m ][0m
[1;93mExtract: [0m[1;92m[ [0m[0;91m2.16%[0m[1;92m ][0m
[1;93mExtract: [0m[1;92m[ [0m[0;91m2.19%[0m[1;92m ][0m
[1;93mExtract: [0m[1;92m[ [0m[0;91m2.21%[0m[1;92m ][0m
[1;93mExtract: [0m[1;92m[ [0m[0;91m2.24%[0m[1;92m ][0m
[1;93mExtract: [0m[1;92m[ [0m[0;91m2.27%[0m[1;92m ][0m
[1;93mExtract: [0m[1;92m[ [0m[0;91m2.30%[0m[1;92m ][0m
[1;93mExtract: [0m[1;92m[ [0m[0;91m2.32%[0m[1;92m ][0m
[1;93mExtract: [0m[1;92m[ [0m[0;91m2.35%[0m[1;92m ][0m
[1;93mExtract: [0m[1;92m[ [0m[0;91m2.38%[0m[1;92m ][0m
[1;93mExtract: [0m[1;92m[ [0m[0;91m2.40%[0m[1;92m ][0m
[1;93mExtract: [0m[1;92m[ [0m[0;91m2.43%[0m[1;92m ][0m
[1;93mExtract: [0m[1;92m[ [0m[0;91m2.46%[0m[1;92m ][0m
[1;93mExtract: [0m[1;92m[ [0m[0;91m2.48%[0m[1;92m ][0m
[1;93mExtract: [0m[1;92m[ [0m[0;91m2.51%[0m[1;92m ][0m
[1;93mExtract: [0m[1;92m[ [0m[0;91m2.54%[0m[1;92m ][0m
[1;93mExtract: [0m[1;92m[ [0m[0;91m2.57%[0m[1;92m ][0m
[1;93mExtract: [0m[1;92m[ [0m[0;91m2.59%[0m[1;92m ][0m
[1;93mExtract: [0m[1;92m[ [0m[0;91m2.62%[0m[1;92m ][0m
[1;93mExtract: [0m[1;92m[ [0m[0;91m2.65%[0m[1;92m ][0m
[1;93mExtract: [0m[1;92m[ [0m[0;91m2.67%[0m[1;92m ][0m
[1;93mExtract: [0m[1;92m[ [0m[0;91m2.70%[0m[1;92m ][0m
[1;93mExtract: [0m[1;92m[ [0m[0;91m2.73%[0m[1;92m ][0m
[1;93mExtract: [0m[1;92m[ [0m[0;91m2.75%[0m[1;92m ][0m
[1;93mExtract: [0m[1;92m[ [0m[0;91m2.78%[0m[1;92m ][0m
[1;93mExtract: [0m[1;92m[ [0m[0;91m2.81%[0m[1;92m ][0m
[1;93mExtract: [0m[1;92m[ [0m[0;91m2.84%[0m[1;92m ][0m
[1;93mExtract: [0m[1;92m[ [0m[0;91m2.86%[0m[1;92m ][0m
[1;93mExtract: [0m[1;92m[ [0m[0;91m2.89%[0m[1;92m ][0m
[1;93mExtract: [0m[1;92m[ [0m[0;91m2.92%[0m[1;92m ][0m
[1;93mExtract: [0m[1;92m[ [0m[0;91m2.94%[0m[1;92m ][0m
[1;93mExtract: [0m[1;92m[ [0m[0;91m2.97%[0m[1;92m ][0m
[1;93mExtract: [0m[1;92m[ [0m[0;91m3.00%[0m[1;92m ][0m
[1;93mExtract: [0m[1;92m[ [0m[0;91m3.02%[0m[1;92m ][0m
[1;93mExtract: [0m[1;92m[ [0m[0;91m3.05%[0m[1;92m ][0m
[1;93mExtract: [0m[1;92m[ [0m[0;91m3.08%[0m[1;92m ][0m
[1;93mExtract: [0m[1;92m[ [0m[0;91m3.11%[0m[1;92m ][0m
[1;93mExtract: [0m[1;92m[ [0m[0;91m3.13%[0m[1;92m ][0m
[1;93mExtract: [0m[1;92m[ [0m[0;91m3.16%[0m[1;92m ][0m
[1;93mExtract: [0m[1;92m[ [0m[0;91m3.19%[0m[1;92m ][0m
[1;93mExtract: [0m[1;92m[ [0m[0;91m3.21%[0m[1;92m ][0m
[1;93mExtract: [0m[1;92m[ [0m[0;91m3.24%[0m[1;92m ][0m
[1;93mExtract: [0m[1;92m[ [0m[0;91m3.27%[0m[1;92m ][0m
[1;93mExtract: [0m[1;92m[ [0m[0;91m3.29%[0m[1;92m ][0m
[1;93mExtract: [0m[1;92m[ [0m[0;91m3.32%[0m[1;92m ][0m
[1;93mExtract: [0m[1;92m[ [0m[0;91m3.35%[0m[1;92m ][0m
[1;93mExtract: [0m[1;92m[ [0m[0;91m3.38%[0m[1;92m ][0m
[1;93mExtract: [0m[1;92m[ [0m[0;91m3.40%[0m[1;92m ][0m
[1;93mExtract: [0m[1;92m[ [0m[0;91m3.43%[0m[1;92m ][0m
[1;93mExtract: [0m[1;92m[ [0m[0;91m3.46%[0m[1;92m ][0m
[1;93mExtract: [0m[1;92m[ [0m[0;91m3.48%[0m[1;92m ][0m
[1;93mExtract: [0m[1;92m[ [0m[0;91m3.51%[0m[1;92m ][0m
[1;93mExtract: [0m[1;92m[ [0m[0;91m3.54%[0m[1;92m ][0m
[1;93mExtract: [0m[1;92m[ [0m[0;91m3.56%[0m[1;92m ][0m
[1;93mExtract: [0m[1;92m[ [0m[0;91m3.59%[0m[1;92m ][0m
[1;93mExtract: [0m[1;92m[ [0m[0;91m3.62%[0m[1;92m ][0m
[1;93mExtract: [0m[1;92m[ [0m[0;91m3.65%[0m[1;92m ][0m
[1;93mExtract: [0m[1;92m[ [0m[0;91m3.67%[0m[1;92m ][0m
[1;93mExtract: [0m[1;92m[ [0m[0;91m3.70%[0m[1;92m ][0m
[1;93mExtract: [0m[1;92m[ [0m[0;91m3.73%[0m[1;92m ][0m
[1;93mExtract: [0m[1;92m[ [0m[0;91m3.75%[0m[1;92m ][0m
[1;93mExtract: [0m[1;92m[ [0m[0;91m3.78%[0m[1;92m ][0m
[1;93mExtract: [0m[1;92m[ [0m[0;91m3.81%[0m[1;92m ][0m
[1;93mExtract: [0m[1;92m[ [0m[0;91m3.83%[0m[1;92m ][0m
[1;93mExtract: [0m[1;92m[ [0m[0;91m3.86%[0m[1;92m ][0m
[1;93mExtract: [0m[1;92m[ [0m[0;91m3.89%[0m[1;92m ][0m
[1;93mExtract: [0m[1;92m[ [0m[0;91m3.94%[0m[1;92m ][0m
[1;93mExtract: [0m[1;92m[ [0m[0;91m3.97%[0m[1;92m ][0m
[1;93mExtract: [0m[1;92m[ [0m[0;91m4.00%[0m[1;92m ][0m
[1;93mExtract: [0m[1;92m[ [0m[0;91m4.02%[0m[1;92m ][0m
[1;93mExtract: [0m[1;92m[ [0m[0;91m4.05%[0m[1;92m ][0m
[1;93mExtract: [0m[1;92m[ [0m[0;91m4.08%[0m[1;92m ][0m
[1;93mExtract: [0m[1;92m[ [0m[0;91m4.10%[0m[1;92m ][0m
[1;93mExtract: [0m[1;92m[ [0m[0;91m4.13%[0m[1;92m ][0m
[1;93mExtract: [0m[1;92m[ [0m[0;91m4.16%[0m[1;92m ][0m
[1;93mExtract: [0m[1;92m[ [0m[0;91m4.19%[0m[1;92m ][0m
[1;93mExtract: [0m[1;92m[ [0m[0;91m4.21%[0m[1;92m ][0m
[1;93mExtract: [0m[1;92m[ [0m[0;91m4.24%[0m[1;92m ][0m
[1;93mExtract: [0m[1;92m[ [0m[0;91m4.27%[0m[1;92m ][0m
[1;93mExtract: [0m[1;92m[ [0m[0;91m4.29%[0m[1;92m ][0m
[1;93mExtract: [0m[1;92m[ [0m[0;91m4.32%[0m[1;92m ][0m
[1;93mExtract: [0m[1;92m[ [0m[0;91m4.35%[0m[1;92m ][0m
[1;93mExtract: [0m[1;92m[ [0m[0;91m4.37%[0m[1;92m ][0m
[1;93mExtract: [0m[1;92m[ [0m[0;91m4.40%[0m[1;92m ][0m
[1;93mExtract: [0m[1;92m[ [0m[0;91m4.43%[0m[1;92m ][0m
[1;93mExtract: [0m[1;92m[ [0m[0;91m4.46%[0m[1;92m ][0m
[1;93mExtract: [0m[1;92m[ [0m[0;91m4.48%[0m[1;92m ][0m
[1;93mExtract: [0m[1;92m[ [0m[0;91m4.51%[0m[1;92m ][0m
[1;93mExtract: [0m[1;92m[ [0m[0;91m4.54%[0m[1;92m ][0m
[1;93mExtract: [0m[1;92m[ [0m[0;91m4.56%[0m[1;92m ][0m
[1;93mExtract: [0m[1;92m[ [0m[0;91m4.59%[0m[1;92m ][0m
[1;93mExtract: [0m[1;92m[ [0m[0;91m4.62%[0m[1;92m ][0m
[1;93mExtract: [0m[1;92m[ [0m[0;91m4.64%[0m[1;92m ][0m
[1;93mExtract: [0m[1;92m[ [0m[0;91m4.67%[0m[1;92m ][0m
[1;93mExtract: [0m[1;92m[ [0m[0;91m4.70%[0m[1;92m ][0m
[1;93mExtract: [0m[1;92m[ [0m[0;91m4.73%[0m[1;92m ][0m
[1;93mExtract: [0m[1;92m[ [0m[0;91m4.75%[0m[1;92m ][0m
[1;93mExtract: [0m[1;92m[ [0m[0;91m4.78%[0m[1;92m ][0m
[1;93mExtract: [0m[1;92m[ [0m[0;91m4.81%[0m[1;92m ][0m
[1;93mExtract: [0m[1;92m[ [0m[0;91m4.83%[0m[1;92m ][0m
[1;93mExtract: [0m[1;92m[ [0m[0;91m4.86%[0m[1;92m ][0m
[1;93mExtract: [0m[1;92m[ [0m[0;91m4.89%[0m[1;92m ][0m
[1;93mExtract: [0m[1;92m[ [0m[0;91m4.91%[0m[1;92m ][0m
[1;93mExtract: [0m[1;92m[ [0m[0;91m4.94%[0m[1;92m ][0m
[1;93mExtract: [0m[1;92m[ [0m[0;91m4.97%[0m[1;92m ][0m
[1;93mExtract: [0m[1;92m[ [0m[0;91m5.00%[0m[1;92m ][0m
[1;93mExtract: [0m[1;92m[ [0m[0;91m5.02%[0m[1;92m ][0m
[1;93mExtract: [0m[1;92m[ [0m[0;91m5.05%[0m[1;92m ][0m
[1;93mExtract: [0m[1;92m[ [0m[0;91m5.08%[0m[1;92m ][0m
[1;93mExtract: [0m[1;92m[ [0m[0;91m5.10%[0m[1;92m ][0m
[1;93mExtract: [0m[1;92m[ [0m[0;91m5.13%[0m[1;92m ][0m
[1;93mExtract: [0m[1;92m[ [0m[0;91m5.16%[0m[1;92m ][0m
[1;93mExtract: [0m[1;92m[ [0m[0;91m5.18%[0m[1;92m ][0m
[1;93mExtract: [0m[1;92m[ [0m[0;91m5.21%[0m[1;92m ][0m
[1;93mExtract: [0m[1;92m[ [0m[0;91m5.24%[0m[1;92m ][0m
[1;93mExtract: [0m[1;92m[ [0m[0;91m5.27%[0m[1;92m ][0m
[1;93mExtract: [0m[1;92m[ [0m[0;91m5.29%[0m[1;92m ][0m
[1;93mExtract: [0m[1;92m[ [0m[0;91m5.32%[0m[1;92m ][0m
[1;93mExtract: [0m[1;92m[ [0m[0;91m5.35%[0m[1;92m ][0m
[1;93mExtract: [0m[1;92m[ [0m[0;91m5.37%[0m[1;92m ][0m
[1;93mExtract: [0m[1;92m[ [0m[0;91m5.40%[0m[1;92m ][0m
[1;93mExtract: [0m[1;92m[ [0m[0;91m5.43%[0m[1;92m ][0m
[1;93mExtract: [0m[1;92m[ [0m[0;91m5.46%[0m[1;92m ][0m
[1;93mExtract: [0m[1;92m[ [0m[0;91m5.48%[0m[1;92m ][0m
[1;93mExtract: [0m[1;92m[ [0m[0;91m5.51%[0m[1;92m ][0m
[1;93mExtract: [0m[1;92m[ [0m[0;91m5.54%[0m[1;92m ][0m
[1;93mExtract: [0m[1;92m[ [0m[0;91m5.56%[0m[1;92m ][0m
[1;93mExtract: [0m[1;92m[ [0m[0;91m5.59%[0m[1;92m ][0m
[1;93mExtract: [0m[1;92m[ [0m[0;91m5.64%[0m[1;92m ][0m
[1;93mExtract: [0m[1;92m[ [0m[0;91m5.67%[0m[1;92m ][0m
[1;93mExtract: [0m[1;92m[ [0m[0;91m5.70%[0m[1;92m ][0m
[1;93mExtract: [0m[1;92m[ [0m[0;91m5.73%[0m[1;92m ][0m
[1;93mExtract: [0m[1;92m[ [0m[0;91m5.75%[0m[1;92m ][0m
[1;93mExtract: [0m[1;92m[ [0m[0;91m5.78%[0m[1;92m ][0m
[1;93mExtract: [0m[1;92m[ [0m[0;91m5.81%[0m[1;92m ][0m
[1;93mExtract: [0m[1;92m[ [0m[0;91m5.83%[0m[1;92m ][0m
[1;93mExtract: [0m[1;92m[ [0m[0;91m5.86%[0m[1;92m ][0m
[1;93mExtract: [0m[1;92m[ [0m[0;91m5.89%[0m[1;92m ][0m
[1;93mExtract: [0m[1;92m[ [0m[0;91m5.91%[0m[1;92m ][0m
[1;93mExtract: [0m[1;92m[ [0m[0;91m5.94%[0m[1;92m ][0m
[1;93mExtract: [0m[1;92m[ [0m[0;91m5.97%[0m[1;92m ][0m
[1;93mExtract: [0m[1;92m[ [0m[0;91m6.00%[0m[1;92m ][0m
[1;93mExtract: [0m[1;92m[ [0m[0;91m6.02%[0m[1;92m ][0m
[1;93mExtract: [0m[1;92m[ [0m[0;91m6.05%[0m[1;92m ][0m
[1;93mExtract: [0m[1;92m[ [0m[0;91m6.08%[0m[1;92m ][0m
[1;93mExtract: [0m[1;92m[ [0m[0;91m6.10%[0m[1;92m ][0m
[1;93mExtract: [0m[1;92m[ [0m[0;91m6.13%[0m[1;92m ][0m
[1;93mExtract: [0m[1;92m[ [0m[0;91m6.16%[0m[1;92m ][0m
[1;93mExtract: [0m[1;92m[ [0m[0;91m6.18%[0m[1;92m ][0m
[1;93mExtract: [0m[1;92m[ [0m[0;91m6.21%[0m[1;92m ][0m
[1;93mExtract: [0m[1;92m[ [0m[0;91m6.24%[0m[1;92m ][0m
[1;93mExtract: [0m[1;92m[ [0m[0;91m6.27%[0m[1;92m ][0m
[1;93mExtract: [0m[1;92m[ [0m[0;91m6.29%[0m[1;92m ][0m
[1;93mExtract: [0m[1;92m[ [0m[0;91m6.35%[0m[1;92m ][0m
[1;93mExtract: [0m[1;92m[ [0m[0;91m6.40%[0m[1;92m ][0m
[1;93mExtract: [0m[1;92m[ [0m[0;91m6.43%[0m[1;92m ][0m
[1;93mExtract: [0m[1;92m[ [0m[0;91m6.45%[0m[1;92m ][0m
[1;93mExtract: [0m[1;92m[ [0m[0;91m6.48%[0m[1;92m ][0m
[1;93mExtract: [0m[1;92m[ [0m[0;91m6.51%[0m[1;92m ][0m
[1;93mExtract: [0m[1;92m[ [0m[0;91m6.54%[0m[1;92m ][0m
[1;93mExtract: [0m[1;92m[ [0m[0;91m6.56%[0m[1;92m ][0m
[1;93mExtract: [0m[1;92m[ [0m[0;91m6.59%[0m[1;92m ][0m
[1;93mExtract: [0m[1;92m[ [0m[0;91m6.64%[0m[1;92m ][0m
[1;93mExtract: [0m[1;92m[ [0m[0;91m6.67%[0m[1;92m ][0m
[1;93mExtract: [0m[1;92m[ [0m[0;91m6.70%[0m[1;92m ][0m
[1;93mExtract: [0m[1;92m[ [0m[0;91m6.72%[0m[1;92m ][0m
[1;93mExtract: [0m[1;92m[ [0m[0;91m6.75%[0m[1;92m ][0m
[1;93mExtract: [0m[1;92m[ [0m[0;91m6.78%[0m[1;92m ][0m
[1;93mExtract: [0m[1;92m[ [0m[0;91m6.81%[0m[1;92m ][0m
[1;93mExtract: [0m[1;92m[ [0m[0;91m6.83%[0m[1;92m ][0m
[1;93mExtract: [0m[1;92m[ [0m[0;91m6.86%[0m[1;92m ][0m
[1;93mExtract: [0m[1;92m[ [0m[0;91m6.89%[0m[1;92m ][0m
[1;93mExtract: [0m[1;92m[ [0m[0;91m6.91%[0m[1;92m ][0m
[1;93mExtract: [0m[1;92m[ [0m[0;91m6.94%[0m[1;92m ][0m
[1;93mExtract: [0m[1;92m[ [0m[0;91m6.97%[0m[1;92m ][0m
[1;93mExtract: [0m[1;92m[ [0m[0;91m6.99%[0m[1;92m ][0m
[1;93mExtract: [0m[1;92m[ [0m[0;91m7.02%[0m[1;92m ][0m
[1;93mExtract: [0m[1;92m[ [0m[0;91m7.05%[0m[1;92m ][0m
[1;93mExtract: [0m[1;92m[ [0m[0;91m7.08%[0m[1;92m ][0m
[1;93mExtract: [0m[1;92m[ [0m[0;91m7.10%[0m[1;92m ][0m
[1;93mExtract: [0m[1;92m[ [0m[0;91m7.13%[0m[1;92m ][0m
[1;93mExtract: [0m[1;92m[ [0m[0;91m7.16%[0m[1;92m ][0m
[1;93mExtract: [0m[1;92m[ [0m[0;91m7.18%[0m[1;92m ][0m
[1;93mExtract: [0m[1;92m[ [0m[0;91m7.21%[0m[1;92m ][0m
[1;93mExtract: [0m[1;92m[ [0m[0;91m7.24%[0m[1;92m ][0m
[1;93mExtract: [0m[1;92m[ [0m[0;91m7.26%[0m[1;92m ][0m
[1;93mExtract: [0m[1;92m[ [0m[0;91m7.29%[0m[1;92m ][0m
[1;93mExtract: [0m[1;92m[ [0m[0;91m7.32%[0m[1;92m ][0m
[1;93mExtract: [0m[1;92m[ [0m[0;91m7.35%[0m[1;92m ][0m
[1;93mExtract: [0m[1;92m[ [0m[0;91m7.37%[0m[1;92m ][0m
[1;93mExtract: [0m[1;92m[ [0m[0;91m7.40%[0m[1;92m ][0m
[1;93mExtract: [0m[1;92m[ [0m[0;91m7.43%[0m[1;92m ][0m
[1;93mExtract: [0m[1;92m[ [0m[0;91m7.45%[0m[1;92m ][0m
[1;93mExtract: [0m[1;92m[ [0m[0;91m7.48%[0m[1;92m ][0m
[1;93mExtract: [0m[1;92m[ [0m[0;91m7.51%[0m[1;92m ][0m
[1;93mExtract: [0m[1;92m[ [0m[0;91m7.53%[0m[1;92m ][0m
[1;93mExtract: [0m[1;92m[ [0m[0;91m7.56%[0m[1;92m ][0m
[1;93mExtract: [0m[1;92m[ [0m[0;91m7.59%[0m[1;92m ][0m
[1;93mExtract: [0m[1;92m[ [0m[0;91m7.62%[0m[1;92m ][0m
[1;93mExtract: [0m[1;92m[ [0m[0;91m7.64%[0m[1;92m ][0m
[1;93mExtract: [0m[1;92m[ [0m[0;91m7.67%[0m[1;92m ][0m
[1;93mExtract: [0m[1;92m[ [0m[0;91m7.70%[0m[1;92m ][0m
[1;93mExtract: [0m[1;92m[ [0m[0;91m7.72%[0m[1;92m ][0m
[1;93mExtract: [0m[1;92m[ [0m[0;91m7.75%[0m[1;92m ][0m
[1;93mExtract: [0m[1;92m[ [0m[0;91m7.78%[0m[1;92m ][0m
[1;93mExtract: [0m[1;92m[ [0m[0;91m7.80%[0m[1;92m ][0m
[1;93mExtract: [0m[1;92m[ [0m[0;91m7.83%[0m[1;92m ][0m
[1;93mExtract: [0m[1;92m[ [0m[0;91m7.86%[0m[1;92m ][0m
[1;93mExtract: [0m[1;92m[ [0m[0;91m7.89%[0m[1;92m ][0m
[1;93mExtract: [0m[1;92m[ [0m[0;91m7.91%[0m[1;92m ][0m
[1;93mExtract: [0m[1;92m[ [0m[0;91m7.94%[0m[1;92m ][0m
[1;93mExtract: [0m[1;92m[ [0m[0;91m7.97%[0m[1;92m ][0m
[1;93mExtract: [0m[1;92m[ [0m[0;91m7.99%[0m[1;92m ][0m
[1;93mExtract: [0m[1;92m[ [0m[0;91m8.02%[0m[1;92m ][0m
[1;93mExtract: [0m[1;92m[ [0m[0;91m8.05%[0m[1;92m ][0m
[1;93mExtract: [0m[1;92m[ [0m[0;91m8.07%[0m[1;92m ][0m
[1;93mExtract: [0m[1;92m[ [0m[0;91m8.10%[0m[1;92m ][0m
[1;93mExtract: [0m[1;92m[ [0m[0;91m8.13%[0m[1;92m ][0m
[1;93mExtract: [0m[1;92m[ [0m[0;91m8.16%[0m[1;92m ][0m
[1;93mExtract: [0m[1;92m[ [0m[0;91m8.18%[0m[1;92m ][0m
[1;93mExtract: [0m[1;92m[ [0m[0;91m8.21%[0m[1;92m ][0m
[1;93mExtract: [0m[1;92m[ [0m[0;91m8.24%[0m[1;92m ][0m
[1;93mExtract: [0m[1;92m[ [0m[0;91m8.26%[0m[1;92m ][0m
[1;93mExtract: [0m[1;92m[ [0m[0;91m8.29%[0m[1;92m ][0m
[1;93mExtract: [0m[1;92m[ [0m[0;91m8.32%[0m[1;92m ][0m
[1;93mExtract: [0m[1;92m[ [0m[0;91m8.34%[0m[1;92m ][0m
[1;93mExtract: [0m[1;92m[ [0m[0;91m8.37%[0m[1;92m ][0m
[1;93mExtract: [0m[1;92m[ [0m[0;91m8.40%[0m[1;92m ][0m
[1;93mExtract: [0m[1;92m[ [0m[0;91m8.43%[0m[1;92m ][0m
[1;93mExtract: [0m[1;92m[ [0m[0;91m8.45%[0m[1;92m ][0m
[1;93mExtract: [0m[1;92m[ [0m[0;91m8.48%[0m[1;92m ][0m
[1;93mExtract: [0m[1;92m[ [0m[0;91m8.51%[0m[1;92m ][0m
[1;93mExtract: [0m[1;92m[ [0m[0;91m8.53%[0m[1;92m ][0m
[1;93mExtract: [0m[1;92m[ [0m[0;91m8.56%[0m[1;92m ][0m
[1;93mExtract: [0m[1;92m[ [0m[0;91m8.59%[0m[1;92m ][0m
[1;93mExtract: [0m[1;92m[ [0m[0;91m8.61%[0m[1;92m ][0m
[1;93mExtract: [0m[1;92m[ [0m[0;91m8.64%[0m[1;92m ][0m
[1;93mExtract: [0m[1;92m[ [0m[0;91m8.67%[0m[1;92m ][0m
[1;93mExtract: [0m[1;92m[ [0m[0;91m8.70%[0m[1;92m ][0m
[1;93mExtract: [0m[1;92m[ [0m[0;91m8.72%[0m[1;92m ][0m
[1;93mExtract: [0m[1;92m[ [0m[0;91m8.75%[0m[1;92m ][0m
[1;93mExtract: [0m[1;92m[ [0m[0;91m8.78%[0m[1;92m ][0m
[1;93mExtract: [0m[1;92m[ [0m[0;91m8.80%[0m[1;92m ][0m
[1;93mExtract: [0m[1;92m[ [0m[0;91m8.83%[0m[1;92m ][0m
[1;93mExtract: [0m[1;92m[ [0m[0;91m8.86%[0m[1;92m ][0m
[1;93mExtract: [0m[1;92m[ [0m[0;91m8.88%[0m[1;92m ][0m
[1;93mExtract: [0m[1;92m[ [0m[0;91m8.91%[0m[1;92m ][0m
[1;93mExtract: [0m[1;92m[ [0m[0;91m8.94%[0m[1;92m ][0m
[1;93mExtract: [0m[1;92m[ [0m[0;91m8.97%[0m[1;92m ][0m
[1;93mExtract: [0m[1;92m[ [0m[0;91m8.99%[0m[1;92m ][0m
[1;93mExtract: [0m[1;92m[ [0m[0;91m9.02%[0m[1;92m ][0m
[1;93mExtract: [0m[1;92m[ [0m[0;91m9.05%[0m[1;92m ][0m
[1;93mExtract: [0m[1;92m[ [0m[0;91m9.07%[0m[1;92m ][0m
[1;93mExtract: [0m[1;92m[ [0m[0;91m9.10%[0m[1;92m ][0m
[1;93mExtract: [0m[1;92m[ [0m[0;91m9.13%[0m[1;92m ][0m
[1;93mExtract: [0m[1;92m[ [0m[0;91m9.15%[0m[1;92m ][0m
[1;93mExtract: [0m[1;92m[ [0m[0;91m9.18%[0m[1;92m ][0m
[1;93mExtract: [0m[1;92m[ [0m[0;91m9.21%[0m[1;92m ][0m
[1;93mExtract: [0m[1;92m[ [0m[0;91m9.24%[0m[1;92m ][0m
[1;93mExtract: [0m[1;92m[ [0m[0;91m9.26%[0m[1;92m ][0m
[1;93mExtract: [0m[1;92m[ [0m[0;91m9.29%[0m[1;92m ][0m
[1;93mExtract: [0m[1;92m[ [0m[0;91m9.32%[0m[1;92m ][0m
[1;93mExtract: [0m[1;92m[ [0m[0;91m9.34%[0m[1;92m ][0m
[1;93mExtract: [0m[1;92m[ [0m[0;91m9.37%[0m[1;92m ][0m
[1;93mExtract: [0m[1;92m[ [0m[0;91m9.40%[0m[1;92m ][0m
[1;93mExtract: [0m[1;92m[ [0m[0;91m9.42%[0m[1;92m ][0m
[1;93mExtract: [0m[1;92m[ [0m[0;91m9.45%[0m[1;92m ][0m
[1;93mExtract: [0m[1;92m[ [0m[0;91m9.48%[0m[1;92m ][0m
[1;93mExtract: [0m[1;92m[ [0m[0;91m9.51%[0m[1;92m ][0m
[1;93mExtract: [0m[1;92m[ [0m[0;91m9.53%[0m[1;92m ][0m
[1;93mExtract: [0m[1;92m[ [0m[0;91m9.56%[0m[1;92m ][0m
[1;93mExtract: [0m[1;92m[ [0m[0;91m9.59%[0m[1;92m ][0m
[1;93mExtract: [0m[1;92m[ [0m[0;91m9.61%[0m[1;92m ][0m
[1;93mExtract: [0m[1;92m[ [0m[0;91m9.64%[0m[1;92m ][0m
[1;93mExtract: [0m[1;92m[ [0m[0;91m9.67%[0m[1;92m ][0m
[1;93mExtract: [0m[1;92m[ [0m[0;91m9.72%[0m[1;92m ][0m
[1;93mExtract: [0m[1;92m[ [0m[0;91m9.75%[0m[1;92m ][0m
[1;93mExtract: [0m[1;92m[ [0m[0;91m9.78%[0m[1;92m ][0m
[1;93mExtract: [0m[1;92m[ [0m[0;91m9.80%[0m[1;92m ][0m
[1;93mExtract: [0m[1;92m[ [0m[0;91m9.83%[0m[1;92m ][0m
[1;93mExtract: [0m[1;92m[ [0m[0;91m9.86%[0m[1;92m ][0m
[1;93mExtract: [0m[1;92m[ [0m[0;91m9.88%[0m[1;92m ][0m
[1;93mExtract: [0m[1;92m[ [0m[0;91m9.91%[0m[1;92m ][0m
[1;93mExtract: [0m[1;92m[ [0m[0;91m9.94%[0m[1;92m ][0m
[1;93mExtract: [0m[1;92m[ [0m[0;91m9.96%[0m[1;92m ][0m
[1;93mExtract: [0m[1;92m[ [0m[0;91m9.99%[0m[1;92m ][0m
[1;93mExtract: [0m[1;92m[ [0m[0;91m10.02%[0m[1;92m ][0m
[1;93mExtract: [0m[1;92m[ [0m[0;91m10.05%[0m[1;92m ][0m
[1;93mExtract: [0m[1;92m[ [0m[0;91m10.07%[0m[1;92m ][0m
[1;93mExtract: [0m[1;92m[ [0m[0;91m10.10%[0m[1;92m ][0m
[1;93mExtract: [0m[1;92m[ [0m[0;91m10.13%[0m[1;92m ][0m
[1;93mExtract: [0m[1;92m[ [0m[0;91m10.15%[0m[1;92m ][0m
[1;93mExtract: [0m[1;92m[ [0m[0;91m10.18%[0m[1;92m ][0m
[1;93mExtract: [0m[1;92m[ [0m[0;91m10.21%[0m[1;92m ][0m
[1;93mExtract: [0m[1;92m[ [0m[0;91m10.23%[0m[1;92m ][0m
[1;93mExtract: [0m[1;92m[ [0m[0;91m10.26%[0m[1;92m ][0m
[1;93mExtract: [0m[1;92m[ [0m[0;91m10.29%[0m[1;92m ][0m
[1;93mExtract: [0m[1;92m[ [0m[0;91m10.32%[0m[1;92m ][0m
[1;93mExtract: [0m[1;92m[ [0m[0;91m10.34%[0m[1;92m ][0m
[1;93mExtract: [0m[1;92m[ [0m[0;91m10.37%[0m[1;92m ][0m
[1;93mExtract: [0m[1;92m[ [0m[0;91m10.40%[0m[1;92m ][0m
[1;93mExtract: [0m[1;92m[ [0m[0;91m10.42%[0m[1;92m ][0m
[1;93mExtract: [0m[1;92m[ [0m[0;91m10.45%[0m[1;92m ][0m
[1;93mExtract: [0m[1;92m[ [0m[0;91m10.48%[0m[1;92m ][0m
[1;93mExtract: [0m[1;92m[ [0m[0;91m10.50%[0m[1;92m ][0m
[1;93mExtract: [0m[1;92m[ [0m[0;91m10.53%[0m[1;92m ][0m
[1;93mExtract: [0m[1;92m[ [0m[0;91m10.56%[0m[1;92m ][0m
[1;93mExtract: [0m[1;92m[ [0m[0;91m10.59%[0m[1;92m ][0m
[1;93mExtract: [0m[1;92m[ [0m[0;91m10.61%[0m[1;92m ][0m
[1;93mExtract: [0m[1;92m[ [0m[0;91m10.64%[0m[1;92m ][0m
[1;93mExtract: [0m[1;92m[ [0m[0;91m10.67%[0m[1;92m ][0m
[1;93mExtract: [0m[1;92m[ [0m[0;91m10.69%[0m[1;92m ][0m
[1;93mExtract: [0m[1;92m[ [0m[0;91m10.72%[0m[1;92m ][0m
[1;93mExtract: [0m[1;92m[ [0m[0;91m10.75%[0m[1;92m ][0m
[1;93mExtract: [0m[1;92m[ [0m[0;91m10.78%[0m[1;92m ][0m
[1;93mExtract: [0m[1;92m[ [0m[0;91m10.80%[0m[1;92m ][0m
[1;93mExtract: [0m[1;92m[ [0m[0;91m10.83%[0m[1;92m ][0m
[1;93mExtract: [0m[1;92m[ [0m[0;91m10.86%[0m[1;92m ][0m
[1;93mExtract: [0m[1;92m[ [0m[0;91m10.88%[0m[1;92m ][0m
[1;93mExtract: [0m[1;92m[ [0m[0;91m10.91%[0m[1;92m ][0m
[1;93mExtract: [0m[1;92m[ [0m[0;91m10.94%[0m[1;92m ][0m
[1;93mExtract: [0m[1;92m[ [0m[0;91m10.96%[0m[1;92m ][0m
[1;93mExtract: [0m[1;92m[ [0m[0;91m10.99%[0m[1;92m ][0m
[1;93mExtract: [0m[1;92m[ [0m[0;91m11.02%[0m[1;92m ][0m
[1;93mExtract: [0m[1;92m[ [0m[0;91m11.05%[0m[1;92m ][0m
[1;93mExtract: [0m[1;92m[ [0m[0;91m11.07%[0m[1;92m ][0m
[1;93mExtract: [0m[1;92m[ [0m[0;91m11.10%[0m[1;92m ][0m
[1;93mExtract: [0m[1;92m[ [0m[0;91m11.13%[0m[1;92m ][0m
[1;93mExtract: [0m[1;92m[ [0m[0;91m11.15%[0m[1;92m ][0m
[1;93mExtract: [0m[1;92m[ [0m[0;91m11.18%[0m[1;92m ][0m
[1;93mExtract: [0m[1;92m[ [0m[0;91m11.21%[0m[1;92m ][0m
[1;93mExtract: [0m[1;92m[ [0m[0;91m11.23%[0m[1;92m ][0m
[1;93mExtract: [0m[1;92m[ [0m[0;91m11.26%[0m[1;92m ][0m
[1;93mExtract: [0m[1;92m[ [0m[0;91m11.29%[0m[1;92m ][0m
[1;93mExtract: [0m[1;92m[ [0m[0;91m11.32%[0m[1;92m ][0m
[1;93mExtract: [0m[1;92m[ [0m[0;91m11.34%[0m[1;92m ][0m
[1;93mExtract: [0m[1;92m[ [0m[0;91m11.37%[0m[1;92m ][0m
[1;93mExtract: [0m[1;92m[ [0m[0;91m11.40%[0m[1;92m ][0m
[1;93mExtract: [0m[1;92m[ [0m[0;91m11.42%[0m[1;92m ][0m
[1;93mExtract: [0m[1;92m[ [0m[0;91m11.45%[0m[1;92m ][0m
[1;93mExtract: [0m[1;92m[ [0m[0;91m11.48%[0m[1;92m ][0m
[1;93mExtract: [0m[1;92m[ [0m[0;91m11.50%[0m[1;92m ][0m
[1;93mExtract: [0m[1;92m[ [0m[0;91m11.53%[0m[1;92m ][0m
[1;93mExtract: [0m[1;92m[ [0m[0;91m11.56%[0m[1;92m ][0m
[1;93mExtract: [0m[1;92m[ [0m[0;91m11.59%[0m[1;92m ][0m
[1;93mExtract: [0m[1;92m[ [0m[0;91m11.61%[0m[1;92m ][0m
[1;93mExtract: [0m[1;92m[ [0m[0;91m11.64%[0m[1;92m ][0m
[1;93mExtract: [0m[1;92m[ [0m[0;91m11.67%[0m[1;92m ][0m
[1;93mExtract: [0m[1;92m[ [0m[0;91m11.69%[0m[1;92m ][0m
[1;93mExtract: [0m[1;92m[ [0m[0;91m11.72%[0m[1;92m ][0m
[1;93mExtract: [0m[1;92m[ [0m[0;91m11.75%[0m[1;92m ][0m
[1;93mExtract: [0m[1;92m[ [0m[0;91m11.77%[0m[1;92m ][0m
[1;93mExtract: [0m[1;92m[ [0m[0;91m11.80%[0m[1;92m ][0m
[1;93mExtract: [0m[1;92m[ [0m[0;91m11.83%[0m[1;92m ][0m
[1;93mExtract: [0m[1;92m[ [0m[0;91m11.86%[0m[1;92m ][0m
[1;93mExtract: [0m[1;92m[ [0m[0;91m11.88%[0m[1;92m ][0m
[1;93mExtract: [0m[1;92m[ [0m[0;91m11.91%[0m[1;92m ][0m
[1;93mExtract: [0m[1;92m[ [0m[0;91m11.94%[0m[1;92m ][0m
[1;93mExtract: [0m[1;92m[ [0m[0;91m11.96%[0m[1;92m ][0m
[1;93mExtract: [0m[1;92m[ [0m[0;91m11.99%[0m[1;92m ][0m
[1;93mExtract: [0m[1;92m[ [0m[0;91m12.02%[0m[1;92m ][0m
[1;93mExtract: [0m[1;92m[ [0m[0;91m12.04%[0m[1;92m ][0m
[1;93mExtract: [0m[1;92m[ [0m[0;91m12.07%[0m[1;92m ][0m
[1;93mExtract: [0m[1;92m[ [0m[0;91m12.10%[0m[1;92m ][0m
[1;93mExtract: [0m[1;92m[ [0m[0;91m12.13%[0m[1;92m ][0m
[1;93mExtract: [0m[1;92m[ [0m[0;91m12.15%[0m[1;92m ][0m
[1;93mExtract: [0m[1;92m[ [0m[0;91m12.18%[0m[1;92m ][0m
[1;93mExtract: [0m[1;92m[ [0m[0;91m12.21%[0m[1;92m ][0m
[1;93mExtract: [0m[1;92m[ [0m[0;91m12.23%[0m[1;92m ][0m
[1;93mExtract: [0m[1;92m[ [0m[0;91m12.26%[0m[1;92m ][0m
[1;93mExtract: [0m[1;92m[ [0m[0;91m12.29%[0m[1;92m ][0m
[1;93mExtract: [0m[1;92m[ [0m[0;91m12.31%[0m[1;92m ][0m
[1;93mExtract: [0m[1;92m[ [0m[0;91m12.34%[0m[1;92m ][0m
[1;93mExtract: [0m[1;92m[ [0m[0;91m12.37%[0m[1;92m ][0m
[1;93mExtract: [0m[1;92m[ [0m[0;91m12.40%[0m[1;92m ][0m
[1;93mExtract: [0m[1;92m[ [0m[0;91m12.42%[0m[1;92m ][0m
[1;93mExtract: [0m[1;92m[ [0m[0;91m12.45%[0m[1;92m ][0m
[1;93mExtract: [0m[1;92m[ [0m[0;91m12.48%[0m[1;92m ][0m
[1;93mExtract: [0m[1;92m[ [0m[0;91m12.50%[0m[1;92m ][0m
[1;93mExtract: [0m[1;92m[ [0m[0;91m12.53%[0m[1;92m ][0m
[1;93mExtract: [0m[1;92m[ [0m[0;91m12.56%[0m[1;92m ][0m
[1;93mExtract: [0m[1;92m[ [0m[0;91m12.58%[0m[1;92m ][0m
[1;93mExtract: [0m[1;92m[ [0m[0;91m12.61%[0m[1;92m ][0m
[1;93mExtract: [0m[1;92m[ [0m[0;91m12.64%[0m[1;92m ][0m
[1;93mExtract: [0m[1;92m[ [0m[0;91m12.67%[0m[1;92m ][0m
[1;93mExtract: [0m[1;92m[ [0m[0;91m12.69%[0m[1;92m ][0m
[1;93mExtract: [0m[1;92m[ [0m[0;91m12.72%[0m[1;92m ][0m
[1;93mExtract: [0m[1;92m[ [0m[0;91m12.77%[0m[1;92m ][0m
[1;93mExtract: [0m[1;92m[ [0m[0;91m12.80%[0m[1;92m ][0m
[1;93mExtract: [0m[1;92m[ [0m[0;91m12.83%[0m[1;92m ][0m
[1;93mExtract: [0m[1;92m[ [0m[0;91m12.85%[0m[1;92m ][0m
[1;93mExtract: [0m[1;92m[ [0m[0;91m12.88%[0m[1;92m ][0m
[1;93mExtract: [0m[1;92m[ [0m[0;91m12.91%[0m[1;92m ][0m
[1;93mExtract: [0m[1;92m[ [0m[0;91m12.94%[0m[1;92m ][0m
[1;93mExtract: [0m[1;92m[ [0m[0;91m12.96%[0m[1;92m ][0m
[1;93mExtract: [0m[1;92m[ [0m[0;91m12.99%[0m[1;92m ][0m
[1;93mExtract: [0m[1;92m[ [0m[0;91m13.02%[0m[1;92m ][0m
[1;93mExtract: [0m[1;92m[ [0m[0;91m13.04%[0m[1;92m ][0m
[1;93mExtract: [0m[1;92m[ [0m[0;91m13.07%[0m[1;92m ][0m
[1;93mExtract: [0m[1;92m[ [0m[0;91m13.10%[0m[1;92m ][0m
[1;93mExtract: [0m[1;92m[ [0m[0;91m13.12%[0m[1;92m ][0m
[1;93mExtract: [0m[1;92m[ [0m[0;91m13.15%[0m[1;92m ][0m
[1;93mExtract: [0m[1;92m[ [0m[0;91m13.18%[0m[1;92m ][0m
[1;93mExtract: [0m[1;92m[ [0m[0;91m13.21%[0m[1;92m ][0m
[1;93mExtract: [0m[1;92m[ [0m[0;91m13.23%[0m[1;92m ][0m
[1;93mExtract: [0m[1;92m[ [0m[0;91m13.26%[0m[1;92m ][0m
[1;93mExtract: [0m[1;92m[ [0m[0;91m13.29%[0m[1;92m ][0m
[1;93mExtract: [0m[1;92m[ [0m[0;91m13.31%[0m[1;92m ][0m
[1;93mExtract: [0m[1;92m[ [0m[0;91m13.34%[0m[1;92m ][0m
[1;93mExtract: [0m[1;92m[ [0m[0;91m13.37%[0m[1;92m ][0m
[1;93mExtract: [0m[1;92m[ [0m[0;91m13.39%[0m[1;92m ][0m
[1;93mExtract: [0m[1;92m[ [0m[0;91m13.42%[0m[1;92m ][0m
[1;93mExtract: [0m[1;92m[ [0m[0;91m13.45%[0m[1;92m ][0m
[1;93mExtract: [0m[1;92m[ [0m[0;91m13.48%[0m[1;92m ][0m
[1;93mExtract: [0m[1;92m[ [0m[0;91m13.50%[0m[1;92m ][0m
[1;93mExtract: [0m[1;92m[ [0m[0;91m13.56%[0m[1;92m ][0m
[1;93mExtract: [0m[1;92m[ [0m[0;91m13.58%[0m[1;92m ][0m
[1;93mExtract: [0m[1;92m[ [0m[0;91m13.61%[0m[1;92m ][0m
[1;93mExtract: [0m[1;92m[ [0m[0;91m13.64%[0m[1;92m ][0m
[1;93mExtract: [0m[1;92m[ [0m[0;91m13.66%[0m[1;92m ][0m
[1;93mExtract: [0m[1;92m[ [0m[0;91m13.69%[0m[1;92m ][0m
[1;93mExtract: [0m[1;92m[ [0m[0;91m13.72%[0m[1;92m ][0m
[1;93mExtract: [0m[1;92m[ [0m[0;91m13.75%[0m[1;92m ][0m
[1;93mExtract: [0m[1;92m[ [0m[0;91m13.77%[0m[1;92m ][0m
[1;93mExtract: [0m[1;92m[ [0m[0;91m13.80%[0m[1;92m ][0m
[1;93mExtract: [0m[1;92m[ [0m[0;91m13.83%[0m[1;92m ][0m
[1;93mExtract: [0m[1;92m[ [0m[0;91m13.85%[0m[1;92m ][0m
[1;93mExtract: [0m[1;92m[ [0m[0;91m13.88%[0m[1;92m ][0m
[1;93mExtract: [0m[1;92m[ [0m[0;91m13.91%[0m[1;92m ][0m
[1;93mExtract: [0m[1;92m[ [0m[0;91m13.93%[0m[1;92m ][0m
[1;93mExtract: [0m[1;92m[ [0m[0;91m13.96%[0m[1;92m ][0m
[1;93mExtract: [0m[1;92m[ [0m[0;91m13.99%[0m[1;92m ][0m
[1;93mExtract: [0m[1;92m[ [0m[0;91m14.02%[0m[1;92m ][0m
[1;93mExtract: [0m[1;92m[ [0m[0;91m14.04%[0m[1;92m ][0m
[1;93mExtract: [0m[1;92m[ [0m[0;91m14.07%[0m[1;92m ][0m
[1;93mExtract: [0m[1;92m[ [0m[0;91m14.10%[0m[1;92m ][0m
[1;93mExtract: [0m[1;92m[ [0m[0;91m14.12%[0m[1;92m ][0m
[1;93mExtract: [0m[1;92m[ [0m[0;91m14.15%[0m[1;92m ][0m
[1;93mExtract: [0m[1;92m[ [0m[0;91m14.18%[0m[1;92m ][0m
[1;93mExtract: [0m[1;92m[ [0m[0;91m14.20%[0m[1;92m ][0m
[1;93mExtract: [0m[1;92m[ [0m[0;91m14.23%[0m[1;92m ][0m
[1;93mExtract: [0m[1;92m[ [0m[0;91m14.26%[0m[1;92m ][0m
[1;93mExtract: [0m[1;92m[ [0m[0;91m14.29%[0m[1;92m ][0m
[1;93mExtract: [0m[1;92m[ [0m[0;91m14.31%[0m[1;92m ][0m
[1;93mExtract: [0m[1;92m[ [0m[0;91m14.34%[0m[1;92m ][0m
[1;93mExtract: [0m[1;92m[ [0m[0;91m14.37%[0m[1;92m ][0m
[1;93mExtract: [0m[1;92m[ [0m[0;91m14.39%[0m[1;92m ][0m
[1;93mExtract: [0m[1;92m[ [0m[0;91m14.42%[0m[1;92m ][0m
[1;93mExtract: [0m[1;92m[ [0m[0;91m14.45%[0m[1;92m ][0m
[1;93mExtract: [0m[1;92m[ [0m[0;91m14.47%[0m[1;92m ][0m
[1;93mExtract: [0m[1;92m[ [0m[0;91m14.50%[0m[1;92m ][0m
[1;93mExtract: [0m[1;92m[ [0m[0;91m14.53%[0m[1;92m ][0m
[1;93mExtract: [0m[1;92m[ [0m[0;91m14.56%[0m[1;92m ][0m
[1;93mExtract: [0m[1;92m[ [0m[0;91m14.58%[0m[1;92m ][0m
[1;93mExtract: [0m[1;92m[ [0m[0;91m14.61%[0m[1;92m ][0m
[1;93mExtract: [0m[1;92m[ [0m[0;91m14.64%[0m[1;92m ][0m
[1;93mExtract: [0m[1;92m[ [0m[0;91m14.66%[0m[1;92m ][0m
[1;93mExtract: [0m[1;92m[ [0m[0;91m14.69%[0m[1;92m ][0m
[1;93mExtract: [0m[1;92m[ [0m[0;91m14.72%[0m[1;92m ][0m
[1;93mExtract: [0m[1;92m[ [0m[0;91m14.74%[0m[1;92m ][0m
[1;93mExtract: [0m[1;92m[ [0m[0;91m14.77%[0m[1;92m ][0m
[1;93mExtract: [0m[1;92m[ [0m[0;91m14.80%[0m[1;92m ][0m
[1;93mExtract: [0m[1;92m[ [0m[0;91m14.83%[0m[1;92m ][0m
[1;93mExtract: [0m[1;92m[ [0m[0;91m14.85%[0m[1;92m ][0m
[1;93mExtract: [0m[1;92m[ [0m[0;91m14.88%[0m[1;92m ][0m
[1;93mExtract: [0m[1;92m[ [0m[0;91m14.91%[0m[1;92m ][0m
[1;93mExtract: [0m[1;92m[ [0m[0;91m14.93%[0m[1;92m ][0m
[1;93mExtract: [0m[1;92m[ [0m[0;91m14.96%[0m[1;92m ][0m
[1;93mExtract: [0m[1;92m[ [0m[0;91m14.99%[0m[1;92m ][0m
[1;93mExtract: [0m[1;92m[ [0m[0;91m15.01%[0m[1;92m ][0m
[1;93mExtract: [0m[1;92m[ [0m[0;91m15.04%[0m[1;92m ][0m
[1;93mExtract: [0m[1;92m[ [0m[0;91m15.07%[0m[1;92m ][0m
[1;93mExtract: [0m[1;92m[ [0m[0;91m15.10%[0m[1;92m ][0m
[1;93mExtract: [0m[1;92m[ [0m[0;91m15.12%[0m[1;92m ][0m
[1;93mExtract: [0m[1;92m[ [0m[0;91m15.15%[0m[1;92m ][0m
[1;93mExtract: [0m[1;92m[ [0m[0;91m15.18%[0m[1;92m ][0m
[1;93mExtract: [0m[1;92m[ [0m[0;91m15.20%[0m[1;92m ][0m
[1;93mExtract: [0m[1;92m[ [0m[0;91m15.23%[0m[1;92m ][0m
[1;93mExtract: [0m[1;92m[ [0m[0;91m15.26%[0m[1;92m ][0m
[1;93mExtract: [0m[1;92m[ [0m[0;91m15.28%[0m[1;92m ][0m
[1;93mExtract: [0m[1;92m[ [0m[0;91m15.31%[0m[1;92m ][0m
[1;93mExtract: [0m[1;92m[ [0m[0;91m15.34%[0m[1;92m ][0m
[1;93mExtract: [0m[1;92m[ [0m[0;91m15.37%[0m[1;92m ][0m
[1;93mExtract: [0m[1;92m[ [0m[0;91m15.39%[0m[1;92m ][0m
[1;93mExtract: [0m[1;92m[ [0m[0;91m15.42%[0m[1;92m ][0m
[1;93mExtract: [0m[1;92m[ [0m[0;91m15.45%[0m[1;92m ][0m
[1;93mExtract: [0m[1;92m[ [0m[0;91m15.47%[0m[1;92m ][0m
[1;93mExtract: [0m[1;92m[ [0m[0;91m15.50%[0m[1;92m ][0m
[1;93mExtract: [0m[1;92m[ [0m[0;91m15.53%[0m[1;92m ][0m
[1;93mExtract: [0m[1;92m[ [0m[0;91m15.55%[0m[1;92m ][0m
[1;93mExtract: [0m[1;92m[ [0m[0;91m15.58%[0m[1;92m ][0m
[1;93mExtract: [0m[1;92m[ [0m[0;91m15.61%[0m[1;92m ][0m
[1;93mExtract: [0m[1;92m[ [0m[0;91m15.64%[0m[1;92m ][0m
[1;93mExtract: [0m[1;92m[ [0m[0;91m15.66%[0m[1;92m ][0m
[1;93mExtract: [0m[1;92m[ [0m[0;91m15.69%[0m[1;92m ][0m
[1;93mExtract: [0m[1;92m[ [0m[0;91m15.72%[0m[1;92m ][0m
[1;93mExtract: [0m[1;92m[ [0m[0;91m15.74%[0m[1;92m ][0m
[1;93mExtract: [0m[1;92m[ [0m[0;91m15.77%[0m[1;92m ][0m
[1;93mExtract: [0m[1;92m[ [0m[0;91m15.80%[0m[1;92m ][0m
[1;93mExtract: [0m[1;92m[ [0m[0;91m15.83%[0m[1;92m ][0m
[1;93mExtract: [0m[1;92m[ [0m[0;91m15.85%[0m[1;92m ][0m
[1;93mExtract: [0m[1;92m[ [0m[0;91m15.88%[0m[1;92m ][0m
[1;93mExtract: [0m[1;92m[ [0m[0;91m15.91%[0m[1;92m ][0m
[1;93mExtract: [0m[1;92m[ [0m[0;91m15.93%[0m[1;92m ][0m
[1;93mExtract: [0m[1;92m[ [0m[0;91m15.96%[0m[1;92m ][0m
[1;93mExtract: [0m[1;92m[ [0m[0;91m15.99%[0m[1;92m ][0m
[1;93mExtract: [0m[1;92m[ [0m[0;91m16.01%[0m[1;92m ][0m
[1;93mExtract: [0m[1;92m[ [0m[0;91m16.04%[0m[1;92m ][0m
[1;93mExtract: [0m[1;92m[ [0m[0;91m16.07%[0m[1;92m ][0m
[1;93mExtract: [0m[1;92m[ [0m[0;91m16.10%[0m[1;92m ][0m
[1;93mExtract: [0m[1;92m[ [0m[0;91m16.12%[0m[1;92m ][0m
[1;93mExtract: [0m[1;92m[ [0m[0;91m16.15%[0m[1;92m ][0m
[1;93mExtract: [0m[1;92m[ [0m[0;91m16.18%[0m[1;92m ][0m
[1;93mExtract: [0m[1;92m[ [0m[0;91m16.20%[0m[1;92m ][0m
[1;93mExtract: [0m[1;92m[ [0m[0;91m16.23%[0m[1;92m ][0m
[1;93mExtract: [0m[1;92m[ [0m[0;91m16.26%[0m[1;92m ][0m
[1;93mExtract: [0m[1;92m[ [0m[0;91m16.28%[0m[1;92m ][0m
[1;93mExtract: [0m[1;92m[ [0m[0;91m16.31%[0m[1;92m ][0m
[1;93mExtract: [0m[1;92m[ [0m[0;91m16.34%[0m[1;92m ][0m
[1;93mExtract: [0m[1;92m[ [0m[0;91m16.37%[0m[1;92m ][0m
[1;93mExtract: [0m[1;92m[ [0m[0;91m16.39%[0m[1;92m ][0m
[1;93mExtract: [0m[1;92m[ [0m[0;91m16.42%[0m[1;92m ][0m
[1;93mExtract: [0m[1;92m[ [0m[0;91m16.45%[0m[1;92m ][0m
[1;93mExtract: [0m[1;92m[ [0m[0;91m16.47%[0m[1;92m ][0m
[1;93mExtract: [0m[1;92m[ [0m[0;91m16.50%[0m[1;92m ][0m
[1;93mExtract: [0m[1;92m[ [0m[0;91m16.53%[0m[1;92m ][0m
[1;93mExtract: [0m[1;92m[ [0m[0;91m16.55%[0m[1;92m ][0m
[1;93mExtract: [0m[1;92m[ [0m[0;91m16.58%[0m[1;92m ][0m
[1;93mExtract: [0m[1;92m[ [0m[0;91m16.61%[0m[1;92m ][0m
[1;93mExtract: [0m[1;92m[ [0m[0;91m16.66%[0m[1;92m ][0m
[1;93mExtract: [0m[1;92m[ [0m[0;91m16.69%[0m[1;92m ][0m
[1;93mExtract: [0m[1;92m[ [0m[0;91m16.72%[0m[1;92m ][0m
[1;93mExtract: [0m[1;92m[ [0m[0;91m16.74%[0m[1;92m ][0m
[1;93mExtract: [0m[1;92m[ [0m[0;91m16.77%[0m[1;92m ][0m
[1;93mExtract: [0m[1;92m[ [0m[0;91m16.80%[0m[1;92m ][0m
[1;93mExtract: [0m[1;92m[ [0m[0;91m16.82%[0m[1;92m ][0m
[1;93mExtract: [0m[1;92m[ [0m[0;91m16.85%[0m[1;92m ][0m
[1;93mExtract: [0m[1;92m[ [0m[0;91m16.88%[0m[1;92m ][0m
[1;93mExtract: [0m[1;92m[ [0m[0;91m16.91%[0m[1;92m ][0m
[1;93mExtract: [0m[1;92m[ [0m[0;91m16.93%[0m[1;92m ][0m
[1;93mExtract: [0m[1;92m[ [0m[0;91m16.96%[0m[1;92m ][0m
[1;93mExtract: [0m[1;92m[ [0m[0;91m16.99%[0m[1;92m ][0m
[1;93mExtract: [0m[1;92m[ [0m[0;91m17.01%[0m[1;92m ][0m
[1;93mExtract: [0m[1;92m[ [0m[0;91m17.04%[0m[1;92m ][0m
[1;93mExtract: [0m[1;92m[ [0m[0;91m17.07%[0m[1;92m ][0m
[1;93mExtract: [0m[1;92m[ [0m[0;91m17.09%[0m[1;92m ][0m
[1;93mExtract: [0m[1;92m[ [0m[0;91m17.12%[0m[1;92m ][0m
[1;93mExtract: [0m[1;92m[ [0m[0;91m17.15%[0m[1;92m ][0m
[1;93mExtract: [0m[1;92m[ [0m[0;91m17.18%[0m[1;92m ][0m
[1;93mExtract: [0m[1;92m[ [0m[0;91m17.20%[0m[1;92m ][0m
[1;93mExtract: [0m[1;92m[ [0m[0;91m17.23%[0m[1;92m ][0m
[1;93mExtract: [0m[1;92m[ [0m[0;91m17.26%[0m[1;92m ][0m
[1;93mExtract: [0m[1;92m[ [0m[0;91m17.28%[0m[1;92m ][0m
[1;93mExtract: [0m[1;92m[ [0m[0;91m17.31%[0m[1;92m ][0m
[1;93mExtract: [0m[1;92m[ [0m[0;91m17.34%[0m[1;92m ][0m
[1;93mExtract: [0m[1;92m[ [0m[0;91m17.36%[0m[1;92m ][0m
[1;93mExtract: [0m[1;92m[ [0m[0;91m17.39%[0m[1;92m ][0m
[1;93mExtract: [0m[1;92m[ [0m[0;91m17.42%[0m[1;92m ][0m
[1;93mExtract: [0m[1;92m[ [0m[0;91m17.45%[0m[1;92m ][0m
[1;93mExtract: [0m[1;92m[ [0m[0;91m17.47%[0m[1;92m ][0m
[1;93mExtract: [0m[1;92m[ [0m[0;91m17.50%[0m[1;92m ][0m
[1;93mExtract: [0m[1;92m[ [0m[0;91m17.53%[0m[1;92m ][0m
[1;93mExtract: [0m[1;92m[ [0m[0;91m17.58%[0m[1;92m ][0m
[1;93mExtract: [0m[1;92m[ [0m[0;91m17.61%[0m[1;92m ][0m
[1;93mExtract: [0m[1;92m[ [0m[0;91m17.63%[0m[1;92m ][0m
[1;93mExtract: [0m[1;92m[ [0m[0;91m17.66%[0m[1;92m ][0m
[1;93mExtract: [0m[1;92m[ [0m[0;91m17.69%[0m[1;92m ][0m
[1;93mExtract: [0m[1;92m[ [0m[0;91m17.72%[0m[1;92m ][0m
[1;93mExtract: [0m[1;92m[ [0m[0;91m17.74%[0m[1;92m ][0m
[1;93mExtract: [0m[1;92m[ [0m[0;91m17.77%[0m[1;92m ][0m
[1;93mExtract: [0m[1;92m[ [0m[0;91m17.80%[0m[1;92m ][0m
[1;93mExtract: [0m[1;92m[ [0m[0;91m17.82%[0m[1;92m ][0m
[1;93mExtract: [0m[1;92m[ [0m[0;91m17.85%[0m[1;92m ][0m
[1;93mExtract: [0m[1;92m[ [0m[0;91m17.88%[0m[1;92m ][0m
[1;93mExtract: [0m[1;92m[ [0m[0;91m17.90%[0m[1;92m ][0m
[1;93mExtract: [0m[1;92m[ [0m[0;91m17.93%[0m[1;92m ][0m
[1;93mExtract: [0m[1;92m[ [0m[0;91m17.96%[0m[1;92m ][0m
[1;93mExtract: [0m[1;92m[ [0m[0;91m17.99%[0m[1;92m ][0m
[1;93mExtract: [0m[1;92m[ [0m[0;91m18.01%[0m[1;92m ][0m
[1;93mExtract: [0m[1;92m[ [0m[0;91m18.04%[0m[1;92m ][0m
[1;93mExtract: [0m[1;92m[ [0m[0;91m18.07%[0m[1;92m ][0m
[1;93mExtract: [0m[1;92m[ [0m[0;91m18.09%[0m[1;92m ][0m
[1;93mExtract: [0m[1;92m[ [0m[0;91m18.12%[0m[1;92m ][0m
[1;93mExtract: [0m[1;92m[ [0m[0;91m18.15%[0m[1;92m ][0m
[1;93mExtract: [0m[1;92m[ [0m[0;91m18.17%[0m[1;92m ][0m
[1;93mExtract: [0m[1;92m[ [0m[0;91m18.20%[0m[1;92m ][0m
[1;93mExtract: [0m[1;92m[ [0m[0;91m18.23%[0m[1;92m ][0m
[1;93mExtract: [0m[1;92m[ [0m[0;91m18.26%[0m[1;92m ][0m
[1;93mExtract: [0m[1;92m[ [0m[0;91m18.28%[0m[1;92m ][0m
[1;93mExtract: [0m[1;92m[ [0m[0;91m18.31%[0m[1;92m ][0m
[1;93mExtract: [0m[1;92m[ [0m[0;91m18.34%[0m[1;92m ][0m
[1;93mExtract: [0m[1;92m[ [0m[0;91m18.36%[0m[1;92m ][0m
[1;93mExtract: [0m[1;92m[ [0m[0;91m18.39%[0m[1;92m ][0m
[1;93mExtract: [0m[1;92m[ [0m[0;91m18.42%[0m[1;92m ][0m
[1;93mExtract: [0m[1;92m[ [0m[0;91m18.44%[0m[1;92m ][0m
[1;93mExtract: [0m[1;92m[ [0m[0;91m18.47%[0m[1;92m ][0m
[1;93mExtract: [0m[1;92m[ [0m[0;91m18.50%[0m[1;92m ][0m
[1;93mExtract: [0m[1;92m[ [0m[0;91m18.53%[0m[1;92m ][0m
[1;93mExtract: [0m[1;92m[ [0m[0;91m18.55%[0m[1;92m ][0m
[1;93mExtract: [0m[1;92m[ [0m[0;91m18.58%[0m[1;92m ][0m
[1;93mExtract: [0m[1;92m[ [0m[0;91m18.61%[0m[1;92m ][0m
[1;93mExtract: [0m[1;92m[ [0m[0;91m18.63%[0m[1;92m ][0m
[1;93mExtract: [0m[1;92m[ [0m[0;91m18.66%[0m[1;92m ][0m
[1;93mExtract: [0m[1;92m[ [0m[0;91m18.69%[0m[1;92m ][0m
[1;93mExtract: [0m[1;92m[ [0m[0;91m18.71%[0m[1;92m ][0m
[1;93mExtract: [0m[1;92m[ [0m[0;91m18.74%[0m[1;92m ][0m
[1;93mExtract: [0m[1;92m[ [0m[0;91m18.77%[0m[1;92m ][0m
[1;93mExtract: [0m[1;92m[ [0m[0;91m18.80%[0m[1;92m ][0m
[1;93mExtract: [0m[1;92m[ [0m[0;91m18.82%[0m[1;92m ][0m
[1;93mExtract: [0m[1;92m[ [0m[0;91m18.85%[0m[1;92m ][0m
[1;93mExtract: [0m[1;92m[ [0m[0;91m18.88%[0m[1;92m ][0m
[1;93mExtract: [0m[1;92m[ [0m[0;91m18.90%[0m[1;92m ][0m
[1;93mExtract: [0m[1;92m[ [0m[0;91m18.93%[0m[1;92m ][0m
[1;93mExtract: [0m[1;92m[ [0m[0;91m18.96%[0m[1;92m ][0m
[1;93mExtract: [0m[1;92m[ [0m[0;91m18.98%[0m[1;92m ][0m
[1;93mExtract: [0m[1;92m[ [0m[0;91m19.01%[0m[1;92m ][0m
[1;93mExtract: [0m[1;92m[ [0m[0;91m19.04%[0m[1;92m ][0m
[1;93mExtract: [0m[1;92m[ [0m[0;91m19.07%[0m[1;92m ][0m
[1;93mExtract: [0m[1;92m[ [0m[0;91m19.09%[0m[1;92m ][0m
[1;93mExtract: [0m[1;92m[ [0m[0;91m19.12%[0m[1;92m ][0m
[1;93mExtract: [0m[1;92m[ [0m[0;91m19.15%[0m[1;92m ][0m
[1;93mExtract: [0m[1;92m[ [0m[0;91m19.17%[0m[1;92m ][0m
[1;93mExtract: [0m[1;92m[ [0m[0;91m19.20%[0m[1;92m ][0m
[1;93mExtract: [0m[1;92m[ [0m[0;91m19.25%[0m[1;92m ][0m
[1;93mExtract: [0m[1;92m[ [0m[0;91m19.28%[0m[1;92m ][0m
[1;93mExtract: [0m[1;92m[ [0m[0;91m19.31%[0m[1;92m ][0m
[1;93mExtract: [0m[1;92m[ [0m[0;91m19.34%[0m[1;92m ][0m
[1;93mExtract: [0m[1;92m[ [0m[0;91m19.36%[0m[1;92m ][0m
[1;93mExtract: [0m[1;92m[ [0m[0;91m19.39%[0m[1;92m ][0m
[1;93mExtract: [0m[1;92m[ [0m[0;91m19.42%[0m[1;92m ][0m
[1;93mExtract: [0m[1;92m[ [0m[0;91m19.44%[0m[1;92m ][0m
[1;93mExtract: [0m[1;92m[ [0m[0;91m19.47%[0m[1;92m ][0m
[1;93mExtract: [0m[1;92m[ [0m[0;91m19.50%[0m[1;92m ][0m
[1;93mExtract: [0m[1;92m[ [0m[0;91m19.52%[0m[1;92m ][0m
[1;93mExtract: [0m[1;92m[ [0m[0;91m19.55%[0m[1;92m ][0m
[1;93mExtract: [0m[1;92m[ [0m[0;91m19.58%[0m[1;92m ][0m
[1;93mExtract: [0m[1;92m[ [0m[0;91m19.61%[0m[1;92m ][0m
[1;93mExtract: [0m[1;92m[ [0m[0;91m19.63%[0m[1;92m ][0m
[1;93mExtract: [0m[1;92m[ [0m[0;91m19.66%[0m[1;92m ][0m
[1;93mExtract: [0m[1;92m[ [0m[0;91m19.69%[0m[1;92m ][0m
[1;93mExtract: [0m[1;92m[ [0m[0;91m19.71%[0m[1;92m ][0m
[1;93mExtract: [0m[1;92m[ [0m[0;91m19.74%[0m[1;92m ][0m
[1;93mExtract: [0m[1;92m[ [0m[0;91m19.77%[0m[1;92m ][0m
[1;93mExtract: [0m[1;92m[ [0m[0;91m19.79%[0m[1;92m ][0m
[1;93mExtract: [0m[1;92m[ [0m[0;91m19.82%[0m[1;92m ][0m
[1;93mExtract: [0m[1;92m[ [0m[0;91m19.85%[0m[1;92m ][0m
[1;93mExtract: [0m[1;92m[ [0m[0;91m19.88%[0m[1;92m ][0m
[1;93mExtract: [0m[1;92m[ [0m[0;91m19.90%[0m[1;92m ][0m
[1;93mExtract: [0m[1;92m[ [0m[0;91m19.93%[0m[1;92m ][0m
[1;93mExtract: [0m[1;92m[ [0m[0;91m19.96%[0m[1;92m ][0m
[1;93mExtract: [0m[1;92m[ [0m[0;91m19.98%[0m[1;92m ][0m
[1;93mExtract: [0m[1;92m[ [0m[0;91m20.01%[0m[1;92m ][0m
[1;93mExtract: [0m[1;92m[ [0m[0;91m20.04%[0m[1;92m ][0m
[1;93mExtract: [0m[1;92m[ [0m[0;91m20.06%[0m[1;92m ][0m
[1;93mExtract: [0m[1;92m[ [0m[0;91m20.09%[0m[1;92m ][0m
[1;93mExtract: [0m[1;92m[ [0m[0;91m20.12%[0m[1;92m ][0m
[1;93mExtract: [0m[1;92m[ [0m[0;91m20.15%[0m[1;92m ][0m
[1;93mExtract: [0m[1;92m[ [0m[0;91m20.17%[0m[1;92m ][0m
[1;93mExtract: [0m[1;92m[ [0m[0;91m20.20%[0m[1;92m ][0m
[1;93mExtract: [0m[1;92m[ [0m[0;91m20.23%[0m[1;92m ][0m
[1;93mExtract: [0m[1;92m[ [0m[0;91m20.25%[0m[1;92m ][0m
[1;93mExtract: [0m[1;92m[ [0m[0;91m20.28%[0m[1;92m ][0m
[1;93mExtract: [0m[1;92m[ [0m[0;91m20.31%[0m[1;92m ][0m
[1;93mExtract: [0m[1;92m[ [0m[0;91m20.33%[0m[1;92m ][0m
[1;93mExtract: [0m[1;92m[ [0m[0;91m20.36%[0m[1;92m ][0m
[1;93mExtract: [0m[1;92m[ [0m[0;91m20.39%[0m[1;92m ][0m
[1;93mExtract: [0m[1;92m[ [0m[0;91m20.42%[0m[1;92m ][0m
[1;93mExtract: [0m[1;92m[ [0m[0;91m20.44%[0m[1;92m ][0m
[1;93mExtract: [0m[1;92m[ [0m[0;91m20.47%[0m[1;92m ][0m
[1;93mExtract: [0m[1;92m[ [0m[0;91m20.50%[0m[1;92m ][0m
[1;93mExtract: [0m[1;92m[ [0m[0;91m20.52%[0m[1;92m ][0m
[1;93mExtract: [0m[1;92m[ [0m[0;91m20.55%[0m[1;92m ][0m
[1;93mExtract: [0m[1;92m[ [0m[0;91m20.58%[0m[1;92m ][0m
[1;93mExtract: [0m[1;92m[ [0m[0;91m20.60%[0m[1;92m ][0m
[1;93mExtract: [0m[1;92m[ [0m[0;91m20.63%[0m[1;92m ][0m
[1;93mExtract: [0m[1;92m[ [0m[0;91m20.66%[0m[1;92m ][0m
[1;93mExtract: [0m[1;92m[ [0m[0;91m20.69%[0m[1;92m ][0m
[1;93mExtract: [0m[1;92m[ [0m[0;91m20.71%[0m[1;92m ][0m
[1;93mExtract: [0m[1;92m[ [0m[0;91m20.74%[0m[1;92m ][0m
[1;93mExtract: [0m[1;92m[ [0m[0;91m20.77%[0m[1;92m ][0m
[1;93mExtract: [0m[1;92m[ [0m[0;91m20.79%[0m[1;92m ][0m
[1;93mExtract: [0m[1;92m[ [0m[0;91m20.82%[0m[1;92m ][0m
[1;93mExtract: [0m[1;92m[ [0m[0;91m20.85%[0m[1;92m ][0m
[1;93mExtract: [0m[1;92m[ [0m[0;91m20.87%[0m[1;92m ][0m
[1;93mExtract: [0m[1;92m[ [0m[0;91m20.90%[0m[1;92m ][0m
[1;93mExtract: [0m[1;92m[ [0m[0;91m20.93%[0m[1;92m ][0m
[1;93mExtract: [0m[1;92m[ [0m[0;91m20.96%[0m[1;92m ][0m
[1;93mExtract: [0m[1;92m[ [0m[0;91m20.98%[0m[1;92m ][0m
[1;93mExtract: [0m[1;92m[ [0m[0;91m21.01%[0m[1;92m ][0m
[1;93mExtract: [0m[1;92m[ [0m[0;91m21.04%[0m[1;92m ][0m
[1;93mExtract: [0m[1;92m[ [0m[0;91m21.06%[0m[1;92m ][0m
[1;93mExtract: [0m[1;92m[ [0m[0;91m21.09%[0m[1;92m ][0m
[1;93mExtract: [0m[1;92m[ [0m[0;91m21.12%[0m[1;92m ][0m
[1;93mExtract: [0m[1;92m[ [0m[0;91m21.15%[0m[1;92m ][0m
[1;93mExtract: [0m[1;92m[ [0m[0;91m21.17%[0m[1;92m ][0m
[1;93mExtract: [0m[1;92m[ [0m[0;91m21.20%[0m[1;92m ][0m
[1;93mExtract: [0m[1;92m[ [0m[0;91m21.23%[0m[1;92m ][0m
[1;93mExtract: [0m[1;92m[ [0m[0;91m21.25%[0m[1;92m ][0m
[1;93mExtract: [0m[1;92m[ [0m[0;91m21.28%[0m[1;92m ][0m
[1;93mExtract: [0m[1;92m[ [0m[0;91m21.31%[0m[1;92m ][0m
[1;93mExtract: [0m[1;92m[ [0m[0;91m21.33%[0m[1;92m ][0m
[1;93mExtract: [0m[1;92m[ [0m[0;91m21.36%[0m[1;92m ][0m
[1;93mExtract: [0m[1;92m[ [0m[0;91m21.39%[0m[1;92m ][0m
[1;93mExtract: [0m[1;92m[ [0m[0;91m21.42%[0m[1;92m ][0m
[1;93mExtract: [0m[1;92m[ [0m[0;91m21.44%[0m[1;92m ][0m
[1;93mExtract: [0m[1;92m[ [0m[0;91m21.47%[0m[1;92m ][0m
[1;93mExtract: [0m[1;92m[ [0m[0;91m21.50%[0m[1;92m ][0m
[1;93mExtract: [0m[1;92m[ [0m[0;91m21.52%[0m[1;92m ][0m
[1;93mExtract: [0m[1;92m[ [0m[0;91m21.55%[0m[1;92m ][0m
[1;93mExtract: [0m[1;92m[ [0m[0;91m21.58%[0m[1;92m ][0m
[1;93mExtract: [0m[1;92m[ [0m[0;91m21.60%[0m[1;92m ][0m
[1;93mExtract: [0m[1;92m[ [0m[0;91m21.63%[0m[1;92m ][0m
[1;93mExtract: [0m[1;92m[ [0m[0;91m21.66%[0m[1;92m ][0m
[1;93mExtract: [0m[1;92m[ [0m[0;91m21.69%[0m[1;92m ][0m
[1;93mExtract: [0m[1;92m[ [0m[0;91m21.71%[0m[1;92m ][0m
[1;93mExtract: [0m[1;92m[ [0m[0;91m21.74%[0m[1;92m ][0m
[1;93mExtract: [0m[1;92m[ [0m[0;91m21.79%[0m[1;92m ][0m
[1;93mExtract: [0m[1;92m[ [0m[0;91m21.82%[0m[1;92m ][0m
[1;93mExtract: [0m[1;92m[ [0m[0;91m21.85%[0m[1;92m ][0m
[1;93mExtract: [0m[1;92m[ [0m[0;91m21.87%[0m[1;92m ][0m
[1;93mExtract: [0m[1;92m[ [0m[0;91m21.90%[0m[1;92m ][0m
[1;93mExtract: [0m[1;92m[ [0m[0;91m21.96%[0m[1;92m ][0m
[1;93mExtract: [0m[1;92m[ [0m[0;91m21.98%[0m[1;92m ][0m
[1;93mExtract: [0m[1;92m[ [0m[0;91m22.01%[0m[1;92m ][0m
[1;93mExtract: [0m[1;92m[ [0m[0;91m22.04%[0m[1;92m ][0m
[1;93mExtract: [0m[1;92m[ [0m[0;91m22.06%[0m[1;92m ][0m
[1;93mExtract: [0m[1;92m[ [0m[0;91m22.09%[0m[1;92m ][0m
[1;93mExtract: [0m[1;92m[ [0m[0;91m22.12%[0m[1;92m ][0m
[1;93mExtract: [0m[1;92m[ [0m[0;91m22.14%[0m[1;92m ][0m
[1;93mExtract: [0m[1;92m[ [0m[0;91m22.17%[0m[1;92m ][0m
[1;93mExtract: [0m[1;92m[ [0m[0;91m22.20%[0m[1;92m ][0m
[1;93mExtract: [0m[1;92m[ [0m[0;91m22.23%[0m[1;92m ][0m
[1;93mExtract: [0m[1;92m[ [0m[0;91m22.25%[0m[1;92m ][0m
[1;93mExtract: [0m[1;92m[ [0m[0;91m22.28%[0m[1;92m ][0m
[1;93mExtract: [0m[1;92m[ [0m[0;91m22.31%[0m[1;92m ][0m
[1;93mExtract: [0m[1;92m[ [0m[0;91m22.33%[0m[1;92m ][0m
[1;93mExtract: [0m[1;92m[ [0m[0;91m22.36%[0m[1;92m ][0m
[1;93mExtract: [0m[1;92m[ [0m[0;91m22.39%[0m[1;92m ][0m
[1;93mExtract: [0m[1;92m[ [0m[0;91m22.41%[0m[1;92m ][0m
[1;93mExtract: [0m[1;92m[ [0m[0;91m22.44%[0m[1;92m ][0m
[1;93mExtract: [0m[1;92m[ [0m[0;91m22.47%[0m[1;92m ][0m
[1;93mExtract: [0m[1;92m[ [0m[0;91m22.50%[0m[1;92m ][0m
[1;93mExtract: [0m[1;92m[ [0m[0;91m22.52%[0m[1;92m ][0m
[1;93mExtract: [0m[1;92m[ [0m[0;91m22.55%[0m[1;92m ][0m
[1;93mExtract: [0m[1;92m[ [0m[0;91m22.58%[0m[1;92m ][0m
[1;93mExtract: [0m[1;92m[ [0m[0;91m22.60%[0m[1;92m ][0m
[1;93mExtract: [0m[1;92m[ [0m[0;91m22.63%[0m[1;92m ][0m
[1;93mExtract: [0m[1;92m[ [0m[0;91m22.66%[0m[1;92m ][0m
[1;93mExtract: [0m[1;92m[ [0m[0;91m22.68%[0m[1;92m ][0m
[1;93mExtract: [0m[1;92m[ [0m[0;91m22.71%[0m[1;92m ][0m
[1;93mExtract: [0m[1;92m[ [0m[0;91m22.74%[0m[1;92m ][0m
[1;93mExtract: [0m[1;92m[ [0m[0;91m22.77%[0m[1;92m ][0m
[1;93mExtract: [0m[1;92m[ [0m[0;91m22.79%[0m[1;92m ][0m
[1;93mExtract: [0m[1;92m[ [0m[0;91m22.82%[0m[1;92m ][0m
[1;93mExtract: [0m[1;92m[ [0m[0;91m22.85%[0m[1;92m ][0m
[1;93mExtract: [0m[1;92m[ [0m[0;91m22.87%[0m[1;92m ][0m
[1;93mExtract: [0m[1;92m[ [0m[0;91m22.90%[0m[1;92m ][0m
[1;93mExtract: [0m[1;92m[ [0m[0;91m22.93%[0m[1;92m ][0m
[1;93mExtract: [0m[1;92m[ [0m[0;91m22.95%[0m[1;92m ][0m
[1;93mExtract: [0m[1;92m[ [0m[0;91m22.98%[0m[1;92m ][0m
[1;93mExtract: [0m[1;92m[ [0m[0;91m23.01%[0m[1;92m ][0m
[1;93mExtract: [0m[1;92m[ [0m[0;91m23.04%[0m[1;92m ][0m
[1;93mExtract: [0m[1;92m[ [0m[0;91m23.06%[0m[1;92m ][0m
[1;93mExtract: [0m[1;92m[ [0m[0;91m23.09%[0m[1;92m ][0m
[1;93mExtract: [0m[1;92m[ [0m[0;91m23.12%[0m[1;92m ][0m
[1;93mExtract: [0m[1;92m[ [0m[0;91m23.14%[0m[1;92m ][0m
[1;93mExtract: [0m[1;92m[ [0m[0;91m23.17%[0m[1;92m ][0m
[1;93mExtract: [0m[1;92m[ [0m[0;91m23.20%[0m[1;92m ][0m
[1;93mExtract: [0m[1;92m[ [0m[0;91m23.22%[0m[1;92m ][0m
[1;93mExtract: [0m[1;92m[ [0m[0;91m23.25%[0m[1;92m ][0m
[1;93mExtract: [0m[1;92m[ [0m[0;91m23.28%[0m[1;92m ][0m
[1;93mExtract: [0m[1;92m[ [0m[0;91m23.31%[0m[1;92m ][0m
[1;93mExtract: [0m[1;92m[ [0m[0;91m23.33%[0m[1;92m ][0m
[1;93mExtract: [0m[1;92m[ [0m[0;91m23.36%[0m[1;92m ][0m
[1;93mExtract: [0m[1;92m[ [0m[0;91m23.39%[0m[1;92m ][0m
[1;93mExtract: [0m[1;92m[ [0m[0;91m23.41%[0m[1;92m ][0m
[1;93mExtract: [0m[1;92m[ [0m[0;91m23.44%[0m[1;92m ][0m
[1;93mExtract: [0m[1;92m[ [0m[0;91m23.47%[0m[1;92m ][0m
[1;93mExtract: [0m[1;92m[ [0m[0;91m23.49%[0m[1;92m ][0m
[1;93mExtract: [0m[1;92m[ [0m[0;91m23.52%[0m[1;92m ][0m
[1;93mExtract: [0m[1;92m[ [0m[0;91m23.55%[0m[1;92m ][0m
[1;93mExtract: [0m[1;92m[ [0m[0;91m23.58%[0m[1;92m ][0m
[1;93mExtract: [0m[1;92m[ [0m[0;91m23.60%[0m[1;92m ][0m
[1;93mExtract: [0m[1;92m[ [0m[0;91m23.63%[0m[1;92m ][0m
[1;93mExtract: [0m[1;92m[ [0m[0;91m23.66%[0m[1;92m ][0m
[1;93mExtract: [0m[1;92m[ [0m[0;91m23.68%[0m[1;92m ][0m
[1;93mExtract: [0m[1;92m[ [0m[0;91m23.71%[0m[1;92m ][0m
[1;93mExtract: [0m[1;92m[ [0m[0;91m23.74%[0m[1;92m ][0m
[1;93mExtract: [0m[1;92m[ [0m[0;91m23.76%[0m[1;92m ][0m
[1;93mExtract: [0m[1;92m[ [0m[0;91m23.79%[0m[1;92m ][0m
[1;93mExtract: [0m[1;92m[ [0m[0;91m23.82%[0m[1;92m ][0m
[1;93mExtract: [0m[1;92m[ [0m[0;91m23.85%[0m[1;92m ][0m
[1;93mExtract: [0m[1;92m[ [0m[0;91m23.87%[0m[1;92m ][0m
[1;93mExtract: [0m[1;92m[ [0m[0;91m23.90%[0m[1;92m ][0m
[1;93mExtract: [0m[1;92m[ [0m[0;91m23.93%[0m[1;92m ][0m
[1;93mExtract: [0m[1;92m[ [0m[0;91m23.95%[0m[1;92m ][0m
[1;93mExtract: [0m[1;92m[ [0m[0;91m23.98%[0m[1;92m ][0m
[1;93mExtract: [0m[1;92m[ [0m[0;91m24.01%[0m[1;92m ][0m
[1;93mExtract: [0m[1;92m[ [0m[0;91m24.03%[0m[1;92m ][0m
[1;93mExtract: [0m[1;92m[ [0m[0;91m24.06%[0m[1;92m ][0m
[1;93mExtract: [0m[1;92m[ [0m[0;91m24.09%[0m[1;92m ][0m
[1;93mExtract: [0m[1;92m[ [0m[0;91m24.12%[0m[1;92m ][0m
[1;93mExtract: [0m[1;92m[ [0m[0;91m24.14%[0m[1;92m ][0m
[1;93mExtract: [0m[1;92m[ [0m[0;91m24.17%[0m[1;92m ][0m
[1;93mExtract: [0m[1;92m[ [0m[0;91m24.20%[0m[1;92m ][0m
[1;93mExtract: [0m[1;92m[ [0m[0;91m24.22%[0m[1;92m ][0m
[1;93mExtract: [0m[1;92m[ [0m[0;91m24.25%[0m[1;92m ][0m
[1;93mExtract: [0m[1;92m[ [0m[0;91m24.28%[0m[1;92m ][0m
[1;93mExtract: [0m[1;92m[ [0m[0;91m24.30%[0m[1;92m ][0m
[1;93mExtract: [0m[1;92m[ [0m[0;91m24.33%[0m[1;92m ][0m
[1;93mExtract: [0m[1;92m[ [0m[0;91m24.36%[0m[1;92m ][0m
[1;93mExtract: [0m[1;92m[ [0m[0;91m24.39%[0m[1;92m ][0m
[1;93mExtract: [0m[1;92m[ [0m[0;91m24.41%[0m[1;92m ][0m
[1;93mExtract: [0m[1;92m[ [0m[0;91m24.47%[0m[1;92m ][0m
[1;93mExtract: [0m[1;92m[ [0m[0;91m24.49%[0m[1;92m ][0m
[1;93mExtract: [0m[1;92m[ [0m[0;91m24.52%[0m[1;92m ][0m
[1;93mExtract: [0m[1;92m[ [0m[0;91m24.55%[0m[1;92m ][0m
[1;93mExtract: [0m[1;92m[ [0m[0;91m24.57%[0m[1;92m ][0m
[1;93mExtract: [0m[1;92m[ [0m[0;91m24.60%[0m[1;92m ][0m
[1;93mExtract: [0m[1;92m[ [0m[0;91m24.63%[0m[1;92m ][0m
[1;93mExtract: [0m[1;92m[ [0m[0;91m24.66%[0m[1;92m ][0m
[1;93mExtract: [0m[1;92m[ [0m[0;91m24.68%[0m[1;92m ][0m
[1;93mExtract: [0m[1;92m[ [0m[0;91m24.71%[0m[1;92m ][0m
[1;93mExtract: [0m[1;92m[ [0m[0;91m24.74%[0m[1;92m ][0m
[1;93mExtract: [0m[1;92m[ [0m[0;91m24.76%[0m[1;92m ][0m
[1;93mExtract: [0m[1;92m[ [0m[0;91m24.79%[0m[1;92m ][0m
[1;93mExtract: [0m[1;92m[ [0m[0;91m24.82%[0m[1;92m ][0m
[1;93mExtract: [0m[1;92m[ [0m[0;91m24.84%[0m[1;92m ][0m
[1;93mExtract: [0m[1;92m[ [0m[0;91m24.87%[0m[1;92m ][0m
[1;93mExtract: [0m[1;92m[ [0m[0;91m24.90%[0m[1;92m ][0m
[1;93mExtract: [0m[1;92m[ [0m[0;91m24.93%[0m[1;92m ][0m
[1;93mExtract: [0m[1;92m[ [0m[0;91m24.95%[0m[1;92m ][0m
[1;93mExtract: [0m[1;92m[ [0m[0;91m24.98%[0m[1;92m ][0m
[1;93mExtract: [0m[1;92m[ [0m[0;91m25.01%[0m[1;92m ][0m
[1;93mExtract: [0m[1;92m[ [0m[0;91m25.03%[0m[1;92m ][0m
[1;93mExtract: [0m[1;92m[ [0m[0;91m25.06%[0m[1;92m ][0m
[1;93mExtract: [0m[1;92m[ [0m[0;91m25.09%[0m[1;92m ][0m
[1;93mExtract: [0m[1;92m[ [0m[0;91m25.11%[0m[1;92m ][0m
[1;93mExtract: [0m[1;92m[ [0m[0;91m25.14%[0m[1;92m ][0m
[1;93mExtract: [0m[1;92m[ [0m[0;91m25.17%[0m[1;92m ][0m
[1;93mExtract: [0m[1;92m[ [0m[0;91m25.20%[0m[1;92m ][0m
[1;93mExtract: [0m[1;92m[ [0m[0;91m25.22%[0m[1;92m ][0m
[1;93mExtract: [0m[1;92m[ [0m[0;91m25.25%[0m[1;92m ][0m
[1;93mExtract: [0m[1;92m[ [0m[0;91m25.28%[0m[1;92m ][0m
[1;93mExtract: [0m[1;92m[ [0m[0;91m25.30%[0m[1;92m ][0m
[1;93mExtract: [0m[1;92m[ [0m[0;91m25.33%[0m[1;92m ][0m
[1;93mExtract: [0m[1;92m[ [0m[0;91m25.36%[0m[1;92m ][0m
[1;93mExtract: [0m[1;92m[ [0m[0;91m25.38%[0m[1;92m ][0m
[1;93mExtract: [0m[1;92m[ [0m[0;91m25.41%[0m[1;92m ][0m
[1;93mExtract: [0m[1;92m[ [0m[0;91m25.44%[0m[1;92m ][0m
[1;93mExtract: [0m[1;92m[ [0m[0;91m25.47%[0m[1;92m ][0m
[1;93mExtract: [0m[1;92m[ [0m[0;91m25.49%[0m[1;92m ][0m
[1;93mExtract: [0m[1;92m[ [0m[0;91m25.52%[0m[1;92m ][0m
[1;93mExtract: [0m[1;92m[ [0m[0;91m25.55%[0m[1;92m ][0m
[1;93mExtract: [0m[1;92m[ [0m[0;91m25.57%[0m[1;92m ][0m
[1;93mExtract: [0m[1;92m[ [0m[0;91m25.60%[0m[1;92m ][0m
[1;93mExtract: [0m[1;92m[ [0m[0;91m25.65%[0m[1;92m ][0m
[1;93mExtract: [0m[1;92m[ [0m[0;91m25.68%[0m[1;92m ][0m
[1;93mExtract: [0m[1;92m[ [0m[0;91m25.71%[0m[1;92m ][0m
[1;93mExtract: [0m[1;92m[ [0m[0;91m25.74%[0m[1;92m ][0m
[1;93mExtract: [0m[1;92m[ [0m[0;91m25.76%[0m[1;92m ][0m
[1;93mExtract: [0m[1;92m[ [0m[0;91m25.79%[0m[1;92m ][0m
[1;93mExtract: [0m[1;92m[ [0m[0;91m25.82%[0m[1;92m ][0m
[1;93mExtract: [0m[1;92m[ [0m[0;91m25.84%[0m[1;92m ][0m
[1;93mExtract: [0m[1;92m[ [0m[0;91m25.87%[0m[1;92m ][0m
[1;93mExtract: [0m[1;92m[ [0m[0;91m25.90%[0m[1;92m ][0m
[1;93mExtract: [0m[1;92m[ [0m[0;91m25.92%[0m[1;92m ][0m
[1;93mExtract: [0m[1;92m[ [0m[0;91m25.98%[0m[1;92m ][0m
[1;93mExtract: [0m[1;92m[ [0m[0;91m26.01%[0m[1;92m ][0m
[1;93mExtract: [0m[1;92m[ [0m[0;91m26.03%[0m[1;92m ][0m
[1;93mExtract: [0m[1;92m[ [0m[0;91m26.06%[0m[1;92m ][0m
[1;93mExtract: [0m[1;92m[ [0m[0;91m26.09%[0m[1;92m ][0m
[1;93mExtract: [0m[1;92m[ [0m[0;91m26.11%[0m[1;92m ][0m
[1;93mExtract: [0m[1;92m[ [0m[0;91m26.14%[0m[1;92m ][0m
[1;93mExtract: [0m[1;92m[ [0m[0;91m26.17%[0m[1;92m ][0m
[1;93mExtract: [0m[1;92m[ [0m[0;91m26.19%[0m[1;92m ][0m
[1;93mExtract: [0m[1;92m[ [0m[0;91m26.22%[0m[1;92m ][0m
[1;93mExtract: [0m[1;92m[ [0m[0;91m26.25%[0m[1;92m ][0m
[1;93mExtract: [0m[1;92m[ [0m[0;91m26.28%[0m[1;92m ][0m
[1;93mExtract: [0m[1;92m[ [0m[0;91m26.30%[0m[1;92m ][0m
[1;93mExtract: [0m[1;92m[ [0m[0;91m26.33%[0m[1;92m ][0m
[1;93mExtract: [0m[1;92m[ [0m[0;91m26.36%[0m[1;92m ][0m
[1;93mExtract: [0m[1;92m[ [0m[0;91m26.38%[0m[1;92m ][0m
[1;93mExtract: [0m[1;92m[ [0m[0;91m26.41%[0m[1;92m ][0m
[1;93mExtract: [0m[1;92m[ [0m[0;91m26.44%[0m[1;92m ][0m
[1;93mExtract: [0m[1;92m[ [0m[0;91m26.47%[0m[1;92m ][0m
[1;93mExtract: [0m[1;92m[ [0m[0;91m26.49%[0m[1;92m ][0m
[1;93mExtract: [0m[1;92m[ [0m[0;91m26.52%[0m[1;92m ][0m
[1;93mExtract: [0m[1;92m[ [0m[0;91m26.55%[0m[1;92m ][0m
[1;93mExtract: [0m[1;92m[ [0m[0;91m26.57%[0m[1;92m ][0m
[1;93mExtract: [0m[1;92m[ [0m[0;91m26.60%[0m[1;92m ][0m
[1;93mExtract: [0m[1;92m[ [0m[0;91m26.63%[0m[1;92m ][0m
[1;93mExtract: [0m[1;92m[ [0m[0;91m26.65%[0m[1;92m ][0m
[1;93mExtract: [0m[1;92m[ [0m[0;91m26.68%[0m[1;92m ][0m
[1;93mExtract: [0m[1;92m[ [0m[0;91m26.71%[0m[1;92m ][0m
[1;93mExtract: [0m[1;92m[ [0m[0;91m26.74%[0m[1;92m ][0m
[1;93mExtract: [0m[1;92m[ [0m[0;91m26.76%[0m[1;92m ][0m
[1;93mExtract: [0m[1;92m[ [0m[0;91m26.79%[0m[1;92m ][0m
[1;93mExtract: [0m[1;92m[ [0m[0;91m26.82%[0m[1;92m ][0m
[1;93mExtract: [0m[1;92m[ [0m[0;91m26.84%[0m[1;92m ][0m
[1;93mExtract: [0m[1;92m[ [0m[0;91m26.87%[0m[1;92m ][0m
[1;93mExtract: [0m[1;92m[ [0m[0;91m26.90%[0m[1;92m ][0m
[1;93mExtract: [0m[1;92m[ [0m[0;91m26.92%[0m[1;92m ][0m
[1;93mExtract: [0m[1;92m[ [0m[0;91m26.95%[0m[1;92m ][0m
[1;93mExtract: [0m[1;92m[ [0m[0;91m26.98%[0m[1;92m ][0m
[1;93mExtract: [0m[1;92m[ [0m[0;91m27.01%[0m[1;92m ][0m
[1;93mExtract: [0m[1;92m[ [0m[0;91m27.03%[0m[1;92m ][0m
[1;93mExtract: [0m[1;92m[ [0m[0;91m27.06%[0m[1;92m ][0m
[1;93mExtract: [0m[1;92m[ [0m[0;91m27.09%[0m[1;92m ][0m
[1;93mExtract: [0m[1;92m[ [0m[0;91m27.11%[0m[1;92m ][0m
[1;93mExtract: [0m[1;92m[ [0m[0;91m27.14%[0m[1;92m ][0m
[1;93mExtract: [0m[1;92m[ [0m[0;91m27.17%[0m[1;92m ][0m
[1;93mExtract: [0m[1;92m[ [0m[0;91m27.19%[0m[1;92m ][0m
[1;93mExtract: [0m[1;92m[ [0m[0;91m27.22%[0m[1;92m ][0m
[1;93mExtract: [0m[1;92m[ [0m[0;91m27.25%[0m[1;92m ][0m
[1;93mExtract: [0m[1;92m[ [0m[0;91m27.28%[0m[1;92m ][0m
[1;93mExtract: [0m[1;92m[ [0m[0;91m27.30%[0m[1;92m ][0m
[1;93mExtract: [0m[1;92m[ [0m[0;91m27.33%[0m[1;92m ][0m
[1;93mExtract: [0m[1;92m[ [0m[0;91m27.36%[0m[1;92m ][0m
[1;93mExtract: [0m[1;92m[ [0m[0;91m27.38%[0m[1;92m ][0m
[1;93mExtract: [0m[1;92m[ [0m[0;91m27.41%[0m[1;92m ][0m
[1;93mExtract: [0m[1;92m[ [0m[0;91m27.44%[0m[1;92m ][0m
[1;93mExtract: [0m[1;92m[ [0m[0;91m27.46%[0m[1;92m ][0m
[1;93mExtract: [0m[1;92m[ [0m[0;91m27.49%[0m[1;92m ][0m
[1;93mExtract: [0m[1;92m[ [0m[0;91m27.52%[0m[1;92m ][0m
[1;93mExtract: [0m[1;92m[ [0m[0;91m27.55%[0m[1;92m ][0m
[1;93mExtract: [0m[1;92m[ [0m[0;91m27.57%[0m[1;92m ][0m
[1;93mExtract: [0m[1;92m[ [0m[0;91m27.60%[0m[1;92m ][0m
[1;93mExtract: [0m[1;92m[ [0m[0;91m27.63%[0m[1;92m ][0m
[1;93mExtract: [0m[1;92m[ [0m[0;91m27.65%[0m[1;92m ][0m
[1;93mExtract: [0m[1;92m[ [0m[0;91m27.68%[0m[1;92m ][0m
[1;93mExtract: [0m[1;92m[ [0m[0;91m27.71%[0m[1;92m ][0m
[1;93mExtract: [0m[1;92m[ [0m[0;91m27.73%[0m[1;92m ][0m
[1;93mExtract: [0m[1;92m[ [0m[0;91m27.76%[0m[1;92m ][0m
[1;93mExtract: [0m[1;92m[ [0m[0;91m27.79%[0m[1;92m ][0m
[1;93mExtract: [0m[1;92m[ [0m[0;91m27.82%[0m[1;92m ][0m
[1;93mExtract: [0m[1;92m[ [0m[0;91m27.84%[0m[1;92m ][0m
[1;93mExtract: [0m[1;92m[ [0m[0;91m27.87%[0m[1;92m ][0m
[1;93mExtract: [0m[1;92m[ [0m[0;91m27.90%[0m[1;92m ][0m
[1;93mExtract: [0m[1;92m[ [0m[0;91m27.92%[0m[1;92m ][0m
[1;93mExtract: [0m[1;92m[ [0m[0;91m27.95%[0m[1;92m ][0m
[1;93mExtract: [0m[1;92m[ [0m[0;91m27.98%[0m[1;92m ][0m
[1;93mExtract: [0m[1;92m[ [0m[0;91m28.00%[0m[1;92m ][0m
[1;93mExtract: [0m[1;92m[ [0m[0;91m28.03%[0m[1;92m ][0m
[1;93mExtract: [0m[1;92m[ [0m[0;91m28.06%[0m[1;92m ][0m
[1;93mExtract: [0m[1;92m[ [0m[0;91m28.09%[0m[1;92m ][0m
[1;93mExtract: [0m[1;92m[ [0m[0;91m28.11%[0m[1;92m ][0m
[1;93mExtract: [0m[1;92m[ [0m[0;91m28.14%[0m[1;92m ][0m
[1;93mExtract: [0m[1;92m[ [0m[0;91m28.17%[0m[1;92m ][0m
[1;93mExtract: [0m[1;92m[ [0m[0;91m28.19%[0m[1;92m ][0m
[1;93mExtract: [0m[1;92m[ [0m[0;91m28.22%[0m[1;92m ][0m
[1;93mExtract: [0m[1;92m[ [0m[0;91m28.25%[0m[1;92m ][0m
[1;93mExtract: [0m[1;92m[ [0m[0;91m28.27%[0m[1;92m ][0m
[1;93mExtract: [0m[1;92m[ [0m[0;91m28.30%[0m[1;92m ][0m
[1;93mExtract: [0m[1;92m[ [0m[0;91m28.33%[0m[1;92m ][0m
[1;93mExtract: [0m[1;92m[ [0m[0;91m28.36%[0m[1;92m ][0m
[1;93mExtract: [0m[1;92m[ [0m[0;91m28.38%[0m[1;92m ][0m
[1;93mExtract: [0m[1;92m[ [0m[0;91m28.41%[0m[1;92m ][0m
[1;93mExtract: [0m[1;92m[ [0m[0;91m28.44%[0m[1;92m ][0m
[1;93mExtract: [0m[1;92m[ [0m[0;91m28.46%[0m[1;92m ][0m
[1;93mExtract: [0m[1;92m[ [0m[0;91m28.49%[0m[1;92m ][0m
[1;93mExtract: [0m[1;92m[ [0m[0;91m28.52%[0m[1;92m ][0m
[1;93mExtract: [0m[1;92m[ [0m[0;91m28.54%[0m[1;92m ][0m
[1;93mExtract: [0m[1;92m[ [0m[0;91m28.57%[0m[1;92m ][0m
[1;93mExtract: [0m[1;92m[ [0m[0;91m28.60%[0m[1;92m ][0m
[1;93mExtract: [0m[1;92m[ [0m[0;91m28.63%[0m[1;92m ][0m
[1;93mExtract: [0m[1;92m[ [0m[0;91m28.65%[0m[1;92m ][0m
[1;93mExtract: [0m[1;92m[ [0m[0;91m28.68%[0m[1;92m ][0m
[1;93mExtract: [0m[1;92m[ [0m[0;91m28.71%[0m[1;92m ][0m
[1;93mExtract: [0m[1;92m[ [0m[0;91m28.73%[0m[1;92m ][0m
[1;93mExtract: [0m[1;92m[ [0m[0;91m28.76%[0m[1;92m ][0m
[1;93mExtract: [0m[1;92m[ [0m[0;91m28.79%[0m[1;92m ][0m
[1;93mExtract: [0m[1;92m[ [0m[0;91m28.81%[0m[1;92m ][0m
[1;93mExtract: [0m[1;92m[ [0m[0;91m28.84%[0m[1;92m ][0m
[1;93mExtract: [0m[1;92m[ [0m[0;91m28.87%[0m[1;92m ][0m
[1;93mExtract: [0m[1;92m[ [0m[0;91m28.90%[0m[1;92m ][0m
[1;93mExtract: [0m[1;92m[ [0m[0;91m28.92%[0m[1;92m ][0m
[1;93mExtract: [0m[1;92m[ [0m[0;91m28.95%[0m[1;92m ][0m
[1;93mExtract: [0m[1;92m[ [0m[0;91m28.98%[0m[1;92m ][0m
[1;93mExtract: [0m[1;92m[ [0m[0;91m29.00%[0m[1;92m ][0m
[1;93mExtract: [0m[1;92m[ [0m[0;91m29.03%[0m[1;92m ][0m
[1;93mExtract: [0m[1;92m[ [0m[0;91m29.06%[0m[1;92m ][0m
[1;93mExtract: [0m[1;92m[ [0m[0;91m29.08%[0m[1;92m ][0m
[1;93mExtract: [0m[1;92m[ [0m[0;91m29.11%[0m[1;92m ][0m
[1;93mExtract: [0m[1;92m[ [0m[0;91m29.14%[0m[1;92m ][0m
[1;93mExtract: [0m[1;92m[ [0m[0;91m29.17%[0m[1;92m ][0m
[1;93mExtract: [0m[1;92m[ [0m[0;91m29.19%[0m[1;92m ][0m
[1;93mExtract: [0m[1;92m[ [0m[0;91m29.22%[0m[1;92m ][0m
[1;93mExtract: [0m[1;92m[ [0m[0;91m29.25%[0m[1;92m ][0m
[1;93mExtract: [0m[1;92m[ [0m[0;91m29.27%[0m[1;92m ][0m
[1;93mExtract: [0m[1;92m[ [0m[0;91m29.30%[0m[1;92m ][0m
[1;93mExtract: [0m[1;92m[ [0m[0;91m29.33%[0m[1;92m ][0m
[1;93mExtract: [0m[1;92m[ [0m[0;91m29.35%[0m[1;92m ][0m
[1;93mExtract: [0m[1;92m[ [0m[0;91m29.38%[0m[1;92m ][0m
[1;93mExtract: [0m[1;92m[ [0m[0;91m29.41%[0m[1;92m ][0m
[1;93mExtract: [0m[1;92m[ [0m[0;91m29.44%[0m[1;92m ][0m
[1;93mExtract: [0m[1;92m[ [0m[0;91m29.46%[0m[1;92m ][0m
[1;93mExtract: [0m[1;92m[ [0m[0;91m29.49%[0m[1;92m ][0m
[1;93mExtract: [0m[1;92m[ [0m[0;91m29.54%[0m[1;92m ][0m
[1;93mExtract: [0m[1;92m[ [0m[0;91m29.57%[0m[1;92m ][0m
[1;93mExtract: [0m[1;92m[ [0m[0;91m29.60%[0m[1;92m ][0m
[1;93mExtract: [0m[1;92m[ [0m[0;91m29.62%[0m[1;92m ][0m
[1;93mExtract: [0m[1;92m[ [0m[0;91m29.65%[0m[1;92m ][0m
[1;93mExtract: [0m[1;92m[ [0m[0;91m29.68%[0m[1;92m ][0m
[1;93mExtract: [0m[1;92m[ [0m[0;91m29.71%[0m[1;92m ][0m
[1;93mExtract: [0m[1;92m[ [0m[0;91m29.73%[0m[1;92m ][0m
[1;93mExtract: [0m[1;92m[ [0m[0;91m29.76%[0m[1;92m ][0m
[1;93mExtract: [0m[1;92m[ [0m[0;91m29.79%[0m[1;92m ][0m
[1;93mExtract: [0m[1;92m[ [0m[0;91m29.81%[0m[1;92m ][0m
[1;93mExtract: [0m[1;92m[ [0m[0;91m29.84%[0m[1;92m ][0m
[1;93mExtract: [0m[1;92m[ [0m[0;91m29.87%[0m[1;92m ][0m
[1;93mExtract: [0m[1;92m[ [0m[0;91m29.89%[0m[1;92m ][0m
[1;93mExtract: [0m[1;92m[ [0m[0;91m29.92%[0m[1;92m ][0m
[1;93mExtract: [0m[1;92m[ [0m[0;91m29.95%[0m[1;92m ][0m
[1;93mExtract: [0m[1;92m[ [0m[0;91m29.98%[0m[1;92m ][0m
[1;93mExtract: [0m[1;92m[ [0m[0;91m30.00%[0m[1;92m ][0m
[1;93mExtract: [0m[1;92m[ [0m[0;91m30.03%[0m[1;92m ][0m
[1;93mExtract: [0m[1;92m[ [0m[0;91m30.06%[0m[1;92m ][0m
[1;93mExtract: [0m[1;92m[ [0m[0;91m30.08%[0m[1;92m ][0m
[1;93mExtract: [0m[1;92m[ [0m[0;91m30.11%[0m[1;92m ][0m
[1;93mExtract: [0m[1;92m[ [0m[0;91m30.14%[0m[1;92m ][0m
[1;93mExtract: [0m[1;92m[ [0m[0;91m30.16%[0m[1;92m ][0m
[1;93mExtract: [0m[1;92m[ [0m[0;91m30.19%[0m[1;92m ][0m
[1;93mExtract: [0m[1;92m[ [0m[0;91m30.22%[0m[1;92m ][0m
[1;93mExtract: [0m[1;92m[ [0m[0;91m30.25%[0m[1;92m ][0m
[1;93mExtract: [0m[1;92m[ [0m[0;91m30.27%[0m[1;92m ][0m
[1;93mExtract: [0m[1;92m[ [0m[0;91m30.30%[0m[1;92m ][0m
[1;93mExtract: [0m[1;92m[ [0m[0;91m30.33%[0m[1;92m ][0m
[1;93mExtract: [0m[1;92m[ [0m[0;91m30.35%[0m[1;92m ][0m
[1;93mExtract: [0m[1;92m[ [0m[0;91m30.38%[0m[1;92m ][0m
[1;93mExtract: [0m[1;92m[ [0m[0;91m30.41%[0m[1;92m ][0m
[1;93mExtract: [0m[1;92m[ [0m[0;91m30.43%[0m[1;92m ][0m
[1;93mExtract: [0m[1;92m[ [0m[0;91m30.46%[0m[1;92m ][0m
[1;93mExtract: [0m[1;92m[ [0m[0;91m30.49%[0m[1;92m ][0m
[1;93mExtract: [0m[1;92m[ [0m[0;91m30.52%[0m[1;92m ][0m
[1;93mExtract: [0m[1;92m[ [0m[0;91m30.54%[0m[1;92m ][0m
[1;93mExtract: [0m[1;92m[ [0m[0;91m30.57%[0m[1;92m ][0m
[1;93mExtract: [0m[1;92m[ [0m[0;91m30.60%[0m[1;92m ][0m
[1;93mExtract: [0m[1;92m[ [0m[0;91m30.62%[0m[1;92m ][0m
[1;93mExtract: [0m[1;92m[ [0m[0;91m30.65%[0m[1;92m ][0m
[1;93mExtract: [0m[1;92m[ [0m[0;91m30.68%[0m[1;92m ][0m
[1;93mExtract: [0m[1;92m[ [0m[0;91m30.70%[0m[1;92m ][0m
[1;93mExtract: [0m[1;92m[ [0m[0;91m30.73%[0m[1;92m ][0m
[1;93mExtract: [0m[1;92m[ [0m[0;91m30.76%[0m[1;92m ][0m
[1;93mExtract: [0m[1;92m[ [0m[0;91m30.79%[0m[1;92m ][0m
[1;93mExtract: [0m[1;92m[ [0m[0;91m30.81%[0m[1;92m ][0m
[1;93mExtract: [0m[1;92m[ [0m[0;91m30.84%[0m[1;92m ][0m
[1;93mExtract: [0m[1;92m[ [0m[0;91m30.87%[0m[1;92m ][0m
[1;93mExtract: [0m[1;92m[ [0m[0;91m30.89%[0m[1;92m ][0m
[1;93mExtract: [0m[1;92m[ [0m[0;91m30.92%[0m[1;92m ][0m
[1;93mExtract: [0m[1;92m[ [0m[0;91m30.95%[0m[1;92m ][0m
[1;93mExtract: [0m[1;92m[ [0m[0;91m30.97%[0m[1;92m ][0m
[1;93mExtract: [0m[1;92m[ [0m[0;91m31.00%[0m[1;92m ][0m
[1;93mExtract: [0m[1;92m[ [0m[0;91m31.03%[0m[1;92m ][0m
[1;93mExtract: [0m[1;92m[ [0m[0;91m31.06%[0m[1;92m ][0m
[1;93mExtract: [0m[1;92m[ [0m[0;91m31.08%[0m[1;92m ][0m
[1;93mExtract: [0m[1;92m[ [0m[0;91m31.11%[0m[1;92m ][0m
[1;93mExtract: [0m[1;92m[ [0m[0;91m31.14%[0m[1;92m ][0m
[1;93mExtract: [0m[1;92m[ [0m[0;91m31.16%[0m[1;92m ][0m
[1;93mExtract: [0m[1;92m[ [0m[0;91m31.19%[0m[1;92m ][0m
[1;93mExtract: [0m[1;92m[ [0m[0;91m31.22%[0m[1;92m ][0m
[1;93mExtract: [0m[1;92m[ [0m[0;91m31.24%[0m[1;92m ][0m
[1;93mExtract: [0m[1;92m[ [0m[0;91m31.27%[0m[1;92m ][0m
[1;93mExtract: [0m[1;92m[ [0m[0;91m31.30%[0m[1;92m ][0m
[1;93mExtract: [0m[1;92m[ [0m[0;91m31.33%[0m[1;92m ][0m
[1;93mExtract: [0m[1;92m[ [0m[0;91m31.35%[0m[1;92m ][0m
[1;93mExtract: [0m[1;92m[ [0m[0;91m31.38%[0m[1;92m ][0m
[1;93mExtract: [0m[1;92m[ [0m[0;91m31.41%[0m[1;92m ][0m
[1;93mExtract: [0m[1;92m[ [0m[0;91m31.43%[0m[1;92m ][0m
[1;93mExtract: [0m[1;92m[ [0m[0;91m31.46%[0m[1;92m ][0m
[1;93mExtract: [0m[1;92m[ [0m[0;91m31.49%[0m[1;92m ][0m
[1;93mExtract: [0m[1;92m[ [0m[0;91m31.51%[0m[1;92m ][0m
[1;93mExtract: [0m[1;92m[ [0m[0;91m31.54%[0m[1;92m ][0m
[1;93mExtract: [0m[1;92m[ [0m[0;91m31.60%[0m[1;92m ][0m
[1;93mExtract: [0m[1;92m[ [0m[0;91m31.62%[0m[1;92m ][0m
[1;93mExtract: [0m[1;92m[ [0m[0;91m31.65%[0m[1;92m ][0m
[1;93mExtract: [0m[1;92m[ [0m[0;91m31.68%[0m[1;92m ][0m
[1;93mExtract: [0m[1;92m[ [0m[0;91m31.70%[0m[1;92m ][0m
[1;93mExtract: [0m[1;92m[ [0m[0;91m31.73%[0m[1;92m ][0m
[1;93mExtract: [0m[1;92m[ [0m[0;91m31.76%[0m[1;92m ][0m
[1;93mExtract: [0m[1;92m[ [0m[0;91m31.79%[0m[1;92m ][0m
[1;93mExtract: [0m[1;92m[ [0m[0;91m31.81%[0m[1;92m ][0m
[1;93mExtract: [0m[1;92m[ [0m[0;91m31.84%[0m[1;92m ][0m
[1;93mExtract: [0m[1;92m[ [0m[0;91m31.87%[0m[1;92m ][0m
[1;93mExtract: [0m[1;92m[ [0m[0;91m31.89%[0m[1;92m ][0m
[1;93mExtract: [0m[1;92m[ [0m[0;91m31.92%[0m[1;92m ][0m
[1;93mExtract: [0m[1;92m[ [0m[0;91m31.95%[0m[1;92m ][0m
[1;93mExtract: [0m[1;92m[ [0m[0;91m31.97%[0m[1;92m ][0m
[1;93mExtract: [0m[1;92m[ [0m[0;91m32.00%[0m[1;92m ][0m
[1;93mExtract: [0m[1;92m[ [0m[0;91m32.03%[0m[1;92m ][0m
[1;93mExtract: [0m[1;92m[ [0m[0;91m32.06%[0m[1;92m ][0m
[1;93mExtract: [0m[1;92m[ [0m[0;91m32.08%[0m[1;92m ][0m
[1;93mExtract: [0m[1;92m[ [0m[0;91m32.11%[0m[1;92m ][0m
[1;93mExtract: [0m[1;92m[ [0m[0;91m32.14%[0m[1;92m ][0m
[1;93mExtract: [0m[1;92m[ [0m[0;91m32.16%[0m[1;92m ][0m
[1;93mExtract: [0m[1;92m[ [0m[0;91m32.19%[0m[1;92m ][0m
[1;93mExtract: [0m[1;92m[ [0m[0;91m32.22%[0m[1;92m ][0m
[1;93mExtract: [0m[1;92m[ [0m[0;91m32.24%[0m[1;92m ][0m
[1;93mExtract: [0m[1;92m[ [0m[0;91m32.27%[0m[1;92m ][0m
[1;93mExtract: [0m[1;92m[ [0m[0;91m32.30%[0m[1;92m ][0m
[1;93mExtract: [0m[1;92m[ [0m[0;91m32.33%[0m[1;92m ][0m
[1;93mExtract: [0m[1;92m[ [0m[0;91m32.35%[0m[1;92m ][0m
[1;93mExtract: [0m[1;92m[ [0m[0;91m32.38%[0m[1;92m ][0m
[1;93mExtract: [0m[1;92m[ [0m[0;91m32.41%[0m[1;92m ][0m
[1;93mExtract: [0m[1;92m[ [0m[0;91m32.43%[0m[1;92m ][0m
[1;93mExtract: [0m[1;92m[ [0m[0;91m32.46%[0m[1;92m ][0m
[1;93mExtract: [0m[1;92m[ [0m[0;91m32.49%[0m[1;92m ][0m
[1;93mExtract: [0m[1;92m[ [0m[0;91m32.51%[0m[1;92m ][0m
[1;93mExtract: [0m[1;92m[ [0m[0;91m32.54%[0m[1;92m ][0m
[1;93mExtract: [0m[1;92m[ [0m[0;91m32.57%[0m[1;92m ][0m
[1;93mExtract: [0m[1;92m[ [0m[0;91m32.60%[0m[1;92m ][0m
[1;93mExtract: [0m[1;92m[ [0m[0;91m32.62%[0m[1;92m ][0m
[1;93mExtract: [0m[1;92m[ [0m[0;91m32.65%[0m[1;92m ][0m
[1;93mExtract: [0m[1;92m[ [0m[0;91m32.68%[0m[1;92m ][0m
[1;93mExtract: [0m[1;92m[ [0m[0;91m32.70%[0m[1;92m ][0m
[1;93mExtract: [0m[1;92m[ [0m[0;91m32.73%[0m[1;92m ][0m
[1;93mExtract: [0m[1;92m[ [0m[0;91m32.76%[0m[1;92m ][0m
[1;93mExtract: [0m[1;92m[ [0m[0;91m32.78%[0m[1;92m ][0m
[1;93mExtract: [0m[1;92m[ [0m[0;91m32.81%[0m[1;92m ][0m
[1;93mExtract: [0m[1;92m[ [0m[0;91m32.84%[0m[1;92m ][0m
[1;93mExtract: [0m[1;92m[ [0m[0;91m32.87%[0m[1;92m ][0m
[1;93mExtract: [0m[1;92m[ [0m[0;91m32.89%[0m[1;92m ][0m
[1;93mExtract: [0m[1;92m[ [0m[0;91m32.95%[0m[1;92m ][0m
[1;93mExtract: [0m[1;92m[ [0m[0;91m32.97%[0m[1;92m ][0m
[1;93mExtract: [0m[1;92m[ [0m[0;91m33.00%[0m[1;92m ][0m
[1;93mExtract: [0m[1;92m[ [0m[0;91m33.03%[0m[1;92m ][0m
[1;93mExtract: [0m[1;92m[ [0m[0;91m33.05%[0m[1;92m ][0m
[1;93mExtract: [0m[1;92m[ [0m[0;91m33.08%[0m[1;92m ][0m
[1;93mExtract: [0m[1;92m[ [0m[0;91m33.11%[0m[1;92m ][0m
[1;93mExtract: [0m[1;92m[ [0m[0;91m33.14%[0m[1;92m ][0m
[1;93mExtract: [0m[1;92m[ [0m[0;91m33.16%[0m[1;92m ][0m
[1;93mExtract: [0m[1;92m[ [0m[0;91m33.19%[0m[1;92m ][0m
[1;93mExtract: [0m[1;92m[ [0m[0;91m33.22%[0m[1;92m ][0m
[1;93mExtract: [0m[1;92m[ [0m[0;91m33.24%[0m[1;92m ][0m
[1;93mExtract: [0m[1;92m[ [0m[0;91m33.27%[0m[1;92m ][0m
[1;93mExtract: [0m[1;92m[ [0m[0;91m33.30%[0m[1;92m ][0m
[1;93mExtract: [0m[1;92m[ [0m[0;91m33.32%[0m[1;92m ][0m
[1;93mExtract: [0m[1;92m[ [0m[0;91m33.35%[0m[1;92m ][0m
[1;93mExtract: [0m[1;92m[ [0m[0;91m33.38%[0m[1;92m ][0m
[1;93mExtract: [0m[1;92m[ [0m[0;91m33.41%[0m[1;92m ][0m
[1;93mExtract: [0m[1;92m[ [0m[0;91m33.43%[0m[1;92m ][0m
[1;93mExtract: [0m[1;92m[ [0m[0;91m33.46%[0m[1;92m ][0m
[1;93mExtract: [0m[1;92m[ [0m[0;91m33.49%[0m[1;92m ][0m
[1;93mExtract: [0m[1;92m[ [0m[0;91m33.51%[0m[1;92m ][0m
[1;93mExtract: [0m[1;92m[ [0m[0;91m33.54%[0m[1;92m ][0m
[1;93mExtract: [0m[1;92m[ [0m[0;91m33.57%[0m[1;92m ][0m
[1;93mExtract: [0m[1;92m[ [0m[0;91m33.59%[0m[1;92m ][0m
[1;93mExtract: [0m[1;92m[ [0m[0;91m33.62%[0m[1;92m ][0m
[1;93mExtract: [0m[1;92m[ [0m[0;91m33.65%[0m[1;92m ][0m
[1;93mExtract: [0m[1;92m[ [0m[0;91m33.68%[0m[1;92m ][0m
[1;93mExtract: [0m[1;92m[ [0m[0;91m33.70%[0m[1;92m ][0m
[1;93mExtract: [0m[1;92m[ [0m[0;91m33.73%[0m[1;92m ][0m
[1;93mExtract: [0m[1;92m[ [0m[0;91m33.76%[0m[1;92m ][0m
[1;93mExtract: [0m[1;92m[ [0m[0;91m33.78%[0m[1;92m ][0m
[1;93mExtract: [0m[1;92m[ [0m[0;91m33.81%[0m[1;92m ][0m
[1;93mExtract: [0m[1;92m[ [0m[0;91m33.84%[0m[1;92m ][0m
[1;93mExtract: [0m[1;92m[ [0m[0;91m33.86%[0m[1;92m ][0m
[1;93mExtract: [0m[1;92m[ [0m[0;91m33.89%[0m[1;92m ][0m
[1;93mExtract: [0m[1;92m[ [0m[0;91m33.92%[0m[1;92m ][0m
[1;93mExtract: [0m[1;92m[ [0m[0;91m33.95%[0m[1;92m ][0m
[1;93mExtract: [0m[1;92m[ [0m[0;91m33.97%[0m[1;92m ][0m
[1;93mExtract: [0m[1;92m[ [0m[0;91m34.00%[0m[1;92m ][0m
[1;93mExtract: [0m[1;92m[ [0m[0;91m34.03%[0m[1;92m ][0m
[1;93mExtract: [0m[1;92m[ [0m[0;91m34.05%[0m[1;92m ][0m
[1;93mExtract: [0m[1;92m[ [0m[0;91m34.08%[0m[1;92m ][0m
[1;93mExtract: [0m[1;92m[ [0m[0;91m34.11%[0m[1;92m ][0m
[1;93mExtract: [0m[1;92m[ [0m[0;91m34.13%[0m[1;92m ][0m
[1;93mExtract: [0m[1;92m[ [0m[0;91m34.16%[0m[1;92m ][0m
[1;93mExtract: [0m[1;92m[ [0m[0;91m34.19%[0m[1;92m ][0m
[1;93mExtract: [0m[1;92m[ [0m[0;91m34.22%[0m[1;92m ][0m
[1;93mExtract: [0m[1;92m[ [0m[0;91m34.24%[0m[1;92m ][0m
[1;93mExtract: [0m[1;92m[ [0m[0;91m34.27%[0m[1;92m ][0m
[1;93mExtract: [0m[1;92m[ [0m[0;91m34.30%[0m[1;92m ][0m
[1;93mExtract: [0m[1;92m[ [0m[0;91m34.32%[0m[1;92m ][0m
[1;93mExtract: [0m[1;92m[ [0m[0;91m34.35%[0m[1;92m ][0m
[1;93mExtract: [0m[1;92m[ [0m[0;91m34.38%[0m[1;92m ][0m
[1;93mExtract: [0m[1;92m[ [0m[0;91m34.40%[0m[1;92m ][0m
[1;93mExtract: [0m[1;92m[ [0m[0;91m34.43%[0m[1;92m ][0m
[1;93mExtract: [0m[1;92m[ [0m[0;91m34.46%[0m[1;92m ][0m
[1;93mExtract: [0m[1;92m[ [0m[0;91m34.49%[0m[1;92m ][0m
[1;93mExtract: [0m[1;92m[ [0m[0;91m34.51%[0m[1;92m ][0m
[1;93mExtract: [0m[1;92m[ [0m[0;91m34.54%[0m[1;92m ][0m
[1;93mExtract: [0m[1;92m[ [0m[0;91m34.57%[0m[1;92m ][0m
[1;93mExtract: [0m[1;92m[ [0m[0;91m34.59%[0m[1;92m ][0m
[1;93mExtract: [0m[1;92m[ [0m[0;91m34.62%[0m[1;92m ][0m
[1;93mExtract: [0m[1;92m[ [0m[0;91m34.65%[0m[1;92m ][0m
[1;93mExtract: [0m[1;92m[ [0m[0;91m34.67%[0m[1;92m ][0m
[1;93mExtract: [0m[1;92m[ [0m[0;91m34.70%[0m[1;92m ][0m
[1;93mExtract: [0m[1;92m[ [0m[0;91m34.73%[0m[1;92m ][0m
[1;93mExtract: [0m[1;92m[ [0m[0;91m34.76%[0m[1;92m ][0m
[1;93mExtract: [0m[1;92m[ [0m[0;91m34.78%[0m[1;92m ][0m
[1;93mExtract: [0m[1;92m[ [0m[0;91m34.81%[0m[1;92m ][0m
[1;93mExtract: [0m[1;92m[ [0m[0;91m34.84%[0m[1;92m ][0m
[1;93mExtract: [0m[1;92m[ [0m[0;91m34.86%[0m[1;92m ][0m
[1;93mExtract: [0m[1;92m[ [0m[0;91m34.89%[0m[1;92m ][0m
[1;93mExtract: [0m[1;92m[ [0m[0;91m34.92%[0m[1;92m ][0m
[1;93mExtract: [0m[1;92m[ [0m[0;91m34.94%[0m[1;92m ][0m
[1;93mExtract: [0m[1;92m[ [0m[0;91m34.97%[0m[1;92m ][0m
[1;93mExtract: [0m[1;92m[ [0m[0;91m35.00%[0m[1;92m ][0m
[1;93mExtract: [0m[1;92m[ [0m[0;91m35.03%[0m[1;92m ][0m
[1;93mExtract: [0m[1;92m[ [0m[0;91m35.05%[0m[1;92m ][0m
[1;93mExtract: [0m[1;92m[ [0m[0;91m35.08%[0m[1;92m ][0m
[1;93mExtract: [0m[1;92m[ [0m[0;91m35.11%[0m[1;92m ][0m
[1;93mExtract: [0m[1;92m[ [0m[0;91m35.13%[0m[1;92m ][0m
[1;93mExtract: [0m[1;92m[ [0m[0;91m35.16%[0m[1;92m ][0m
[1;93mExtract: [0m[1;92m[ [0m[0;91m35.19%[0m[1;92m ][0m
[1;93mExtract: [0m[1;92m[ [0m[0;91m35.21%[0m[1;92m ][0m
[1;93mExtract: [0m[1;92m[ [0m[0;91m35.24%[0m[1;92m ][0m
[1;93mExtract: [0m[1;92m[ [0m[0;91m35.27%[0m[1;92m ][0m
[1;93mExtract: [0m[1;92m[ [0m[0;91m35.30%[0m[1;92m ][0m
[1;93mExtract: [0m[1;92m[ [0m[0;91m35.32%[0m[1;92m ][0m
[1;93mExtract: [0m[1;92m[ [0m[0;91m35.35%[0m[1;92m ][0m
[1;93mExtract: [0m[1;92m[ [0m[0;91m35.38%[0m[1;92m ][0m
[1;93mExtract: [0m[1;92m[ [0m[0;91m35.43%[0m[1;92m ][0m
[1;93mExtract: [0m[1;92m[ [0m[0;91m35.46%[0m[1;92m ][0m
[1;93mExtract: [0m[1;92m[ [0m[0;91m35.48%[0m[1;92m ][0m
[1;93mExtract: [0m[1;92m[ [0m[0;91m35.51%[0m[1;92m ][0m
[1;93mExtract: [0m[1;92m[ [0m[0;91m35.54%[0m[1;92m ][0m
[1;93mExtract: [0m[1;92m[ [0m[0;91m35.57%[0m[1;92m ][0m
[1;93mExtract: [0m[1;92m[ [0m[0;91m35.59%[0m[1;92m ][0m
[1;93mExtract: [0m[1;92m[ [0m[0;91m35.62%[0m[1;92m ][0m
[1;93mExtract: [0m[1;92m[ [0m[0;91m35.65%[0m[1;92m ][0m
[1;93mExtract: [0m[1;92m[ [0m[0;91m35.67%[0m[1;92m ][0m
[1;93mExtract: [0m[1;92m[ [0m[0;91m35.70%[0m[1;92m ][0m
[1;93mExtract: [0m[1;92m[ [0m[0;91m35.73%[0m[1;92m ][0m
[1;93mExtract: [0m[1;92m[ [0m[0;91m35.75%[0m[1;92m ][0m
[1;93mExtract: [0m[1;92m[ [0m[0;91m35.78%[0m[1;92m ][0m
[1;93mExtract: [0m[1;92m[ [0m[0;91m35.81%[0m[1;92m ][0m
[1;93mExtract: [0m[1;92m[ [0m[0;91m35.84%[0m[1;92m ][0m
[1;93mExtract: [0m[1;92m[ [0m[0;91m35.86%[0m[1;92m ][0m
[1;93mExtract: [0m[1;92m[ [0m[0;91m35.89%[0m[1;92m ][0m
[1;93mExtract: [0m[1;92m[ [0m[0;91m35.92%[0m[1;92m ][0m
[1;93mExtract: [0m[1;92m[ [0m[0;91m35.94%[0m[1;92m ][0m
[1;93mExtract: [0m[1;92m[ [0m[0;91m35.97%[0m[1;92m ][0m
[1;93mExtract: [0m[1;92m[ [0m[0;91m36.00%[0m[1;92m ][0m
[1;93mExtract: [0m[1;92m[ [0m[0;91m36.02%[0m[1;92m ][0m
[1;93mExtract: [0m[1;92m[ [0m[0;91m36.05%[0m[1;92m ][0m
[1;93mExtract: [0m[1;92m[ [0m[0;91m36.08%[0m[1;92m ][0m
[1;93mExtract: [0m[1;92m[ [0m[0;91m36.11%[0m[1;92m ][0m
[1;93mExtract: [0m[1;92m[ [0m[0;91m36.13%[0m[1;92m ][0m
[1;93mExtract: [0m[1;92m[ [0m[0;91m36.16%[0m[1;92m ][0m
[1;93mExtract: [0m[1;92m[ [0m[0;91m36.19%[0m[1;92m ][0m
[1;93mExtract: [0m[1;92m[ [0m[0;91m36.21%[0m[1;92m ][0m
[1;93mExtract: [0m[1;92m[ [0m[0;91m36.24%[0m[1;92m ][0m
[1;93mExtract: [0m[1;92m[ [0m[0;91m36.27%[0m[1;92m ][0m
[1;93mExtract: [0m[1;92m[ [0m[0;91m36.29%[0m[1;92m ][0m
[1;93mExtract: [0m[1;92m[ [0m[0;91m36.32%[0m[1;92m ][0m
[1;93mExtract: [0m[1;92m[ [0m[0;91m36.35%[0m[1;92m ][0m
[1;93mExtract: [0m[1;92m[ [0m[0;91m36.38%[0m[1;92m ][0m
[1;93mExtract: [0m[1;92m[ [0m[0;91m36.40%[0m[1;92m ][0m
[1;93mExtract: [0m[1;92m[ [0m[0;91m36.43%[0m[1;92m ][0m
[1;93mExtract: [0m[1;92m[ [0m[0;91m36.46%[0m[1;92m ][0m
[1;93mExtract: [0m[1;92m[ [0m[0;91m36.48%[0m[1;92m ][0m
[1;93mExtract: [0m[1;92m[ [0m[0;91m36.51%[0m[1;92m ][0m
[1;93mExtract: [0m[1;92m[ [0m[0;91m36.54%[0m[1;92m ][0m
[1;93mExtract: [0m[1;92m[ [0m[0;91m36.56%[0m[1;92m ][0m
[1;93mExtract: [0m[1;92m[ [0m[0;91m36.59%[0m[1;92m ][0m
[1;93mExtract: [0m[1;92m[ [0m[0;91m36.62%[0m[1;92m ][0m
[1;93mExtract: [0m[1;92m[ [0m[0;91m36.65%[0m[1;92m ][0m
[1;93mExtract: [0m[1;92m[ [0m[0;91m36.67%[0m[1;92m ][0m
[1;93mExtract: [0m[1;92m[ [0m[0;91m36.70%[0m[1;92m ][0m
[1;93mExtract: [0m[1;92m[ [0m[0;91m36.73%[0m[1;92m ][0m
[1;93mExtract: [0m[1;92m[ [0m[0;91m36.75%[0m[1;92m ][0m
[1;93mExtract: [0m[1;92m[ [0m[0;91m36.78%[0m[1;92m ][0m
[1;93mExtract: [0m[1;92m[ [0m[0;91m36.81%[0m[1;92m ][0m
[1;93mExtract: [0m[1;92m[ [0m[0;91m36.83%[0m[1;92m ][0m
[1;93mExtract: [0m[1;92m[ [0m[0;91m36.86%[0m[1;92m ][0m
[1;93mExtract: [0m[1;92m[ [0m[0;91m36.89%[0m[1;92m ][0m
[1;93mExtract: [0m[1;92m[ [0m[0;91m36.92%[0m[1;92m ][0m
[1;93mExtract: [0m[1;92m[ [0m[0;91m36.94%[0m[1;92m ][0m
[1;93mExtract: [0m[1;92m[ [0m[0;91m36.97%[0m[1;92m ][0m
[1;93mExtract: [0m[1;92m[ [0m[0;91m37.00%[0m[1;92m ][0m
[1;93mExtract: [0m[1;92m[ [0m[0;91m37.02%[0m[1;92m ][0m
[1;93mExtract: [0m[1;92m[ [0m[0;91m37.05%[0m[1;92m ][0m
[1;93mExtract: [0m[1;92m[ [0m[0;91m37.08%[0m[1;92m ][0m
[1;93mExtract: [0m[1;92m[ [0m[0;91m37.11%[0m[1;92m ][0m
[1;93mExtract: [0m[1;92m[ [0m[0;91m37.13%[0m[1;92m ][0m
[1;93mExtract: [0m[1;92m[ [0m[0;91m37.16%[0m[1;92m ][0m
[1;93mExtract: [0m[1;92m[ [0m[0;91m37.19%[0m[1;92m ][0m
[1;93mExtract: [0m[1;92m[ [0m[0;91m37.21%[0m[1;92m ][0m
[1;93mExtract: [0m[1;92m[ [0m[0;91m37.24%[0m[1;92m ][0m
[1;93mExtract: [0m[1;92m[ [0m[0;91m37.27%[0m[1;92m ][0m
[1;93mExtract: [0m[1;92m[ [0m[0;91m37.29%[0m[1;92m ][0m
[1;93mExtract: [0m[1;92m[ [0m[0;91m37.32%[0m[1;92m ][0m
[1;93mExtract: [0m[1;92m[ [0m[0;91m37.35%[0m[1;92m ][0m
[1;93mExtract: [0m[1;92m[ [0m[0;91m37.38%[0m[1;92m ][0m
[1;93mExtract: [0m[1;92m[ [0m[0;91m37.40%[0m[1;92m ][0m
[1;93mExtract: [0m[1;92m[ [0m[0;91m37.43%[0m[1;92m ][0m
[1;93mExtract: [0m[1;92m[ [0m[0;91m37.46%[0m[1;92m ][0m
[1;93mExtract: [0m[1;92m[ [0m[0;91m37.48%[0m[1;92m ][0m
[1;93mExtract: [0m[1;92m[ [0m[0;91m37.51%[0m[1;92m ][0m
[1;93mExtract: [0m[1;92m[ [0m[0;91m37.54%[0m[1;92m ][0m
[1;93mExtract: [0m[1;92m[ [0m[0;91m37.56%[0m[1;92m ][0m
[1;93mExtract: [0m[1;92m[ [0m[0;91m37.59%[0m[1;92m ][0m
[1;93mExtract: [0m[1;92m[ [0m[0;91m37.62%[0m[1;92m ][0m
[1;93mExtract: [0m[1;92m[ [0m[0;91m37.65%[0m[1;92m ][0m
[1;93mExtract: [0m[1;92m[ [0m[0;91m37.67%[0m[1;92m ][0m
[1;93mExtract: [0m[1;92m[ [0m[0;91m37.70%[0m[1;92m ][0m
[1;93mExtract: [0m[1;92m[ [0m[0;91m37.73%[0m[1;92m ][0m
[1;93mExtract: [0m[1;92m[ [0m[0;91m37.75%[0m[1;92m ][0m
[1;93mExtract: [0m[1;92m[ [0m[0;91m37.78%[0m[1;92m ][0m
[1;93mExtract: [0m[1;92m[ [0m[0;91m37.81%[0m[1;92m ][0m
[1;93mExtract: [0m[1;92m[ [0m[0;91m37.83%[0m[1;92m ][0m
[1;93mExtract: [0m[1;92m[ [0m[0;91m37.86%[0m[1;92m ][0m
[1;93mExtract: [0m[1;92m[ [0m[0;91m37.89%[0m[1;92m ][0m
[1;93mExtract: [0m[1;92m[ [0m[0;91m37.92%[0m[1;92m ][0m
[1;93mExtract: [0m[1;92m[ [0m[0;91m37.94%[0m[1;92m ][0m
[1;93mExtract: [0m[1;92m[ [0m[0;91m37.97%[0m[1;92m ][0m
[1;93mExtract: [0m[1;92m[ [0m[0;91m38.00%[0m[1;92m ][0m
[1;93mExtract: [0m[1;92m[ [0m[0;91m38.02%[0m[1;92m ][0m
[1;93mExtract: [0m[1;92m[ [0m[0;91m38.05%[0m[1;92m ][0m
[1;93mExtract: [0m[1;92m[ [0m[0;91m38.08%[0m[1;92m ][0m
[1;93mExtract: [0m[1;92m[ [0m[0;91m38.10%[0m[1;92m ][0m
[1;93mExtract: [0m[1;92m[ [0m[0;91m38.13%[0m[1;92m ][0m
[1;93mExtract: [0m[1;92m[ [0m[0;91m38.16%[0m[1;92m ][0m
[1;93mExtract: [0m[1;92m[ [0m[0;91m38.19%[0m[1;92m ][0m
[1;93mExtract: [0m[1;92m[ [0m[0;91m38.21%[0m[1;92m ][0m
[1;93mExtract: [0m[1;92m[ [0m[0;91m38.24%[0m[1;92m ][0m
[1;93mExtract: [0m[1;92m[ [0m[0;91m38.27%[0m[1;92m ][0m
[1;93mExtract: [0m[1;92m[ [0m[0;91m38.29%[0m[1;92m ][0m
[1;93mExtract: [0m[1;92m[ [0m[0;91m38.32%[0m[1;92m ][0m
[1;93mExtract: [0m[1;92m[ [0m[0;91m38.35%[0m[1;92m ][0m
[1;93mExtract: [0m[1;92m[ [0m[0;91m38.37%[0m[1;92m ][0m
[1;93mExtract: [0m[1;92m[ [0m[0;91m38.40%[0m[1;92m ][0m
[1;93mExtract: [0m[1;92m[ [0m[0;91m38.43%[0m[1;92m ][0m
[1;93mExtract: [0m[1;92m[ [0m[0;91m38.46%[0m[1;92m ][0m
[1;93mExtract: [0m[1;92m[ [0m[0;91m38.48%[0m[1;92m ][0m
[1;93mExtract: [0m[1;92m[ [0m[0;91m38.51%[0m[1;92m ][0m
[1;93mExtract: [0m[1;92m[ [0m[0;91m38.54%[0m[1;92m ][0m
[1;93mExtract: [0m[1;92m[ [0m[0;91m38.56%[0m[1;92m ][0m
[1;93mExtract: [0m[1;92m[ [0m[0;91m38.59%[0m[1;92m ][0m
[1;93mExtract: [0m[1;92m[ [0m[0;91m38.62%[0m[1;92m ][0m
[1;93mExtract: [0m[1;92m[ [0m[0;91m38.64%[0m[1;92m ][0m
[1;93mExtract: [0m[1;92m[ [0m[0;91m38.67%[0m[1;92m ][0m
[1;93mExtract: [0m[1;92m[ [0m[0;91m38.70%[0m[1;92m ][0m
[1;93mExtract: [0m[1;92m[ [0m[0;91m38.73%[0m[1;92m ][0m
[1;93mExtract: [0m[1;92m[ [0m[0;91m38.75%[0m[1;92m ][0m
[1;93mExtract: [0m[1;92m[ [0m[0;91m38.78%[0m[1;92m ][0m
[1;93mExtract: [0m[1;92m[ [0m[0;91m38.81%[0m[1;92m ][0m
[1;93mExtract: [0m[1;92m[ [0m[0;91m38.83%[0m[1;92m ][0m
[1;93mExtract: [0m[1;92m[ [0m[0;91m38.86%[0m[1;92m ][0m
[1;93mExtract: [0m[1;92m[ [0m[0;91m38.89%[0m[1;92m ][0m
[1;93mExtract: [0m[1;92m[ [0m[0;91m38.91%[0m[1;92m ][0m
[1;93mExtract: [0m[1;92m[ [0m[0;91m38.94%[0m[1;92m ][0m
[1;93mExtract: [0m[1;92m[ [0m[0;91m38.97%[0m[1;92m ][0m
[1;93mExtract: [0m[1;92m[ [0m[0;91m39.00%[0m[1;92m ][0m
[1;93mExtract: [0m[1;92m[ [0m[0;91m39.02%[0m[1;92m ][0m
[1;93mExtract: [0m[1;92m[ [0m[0;91m39.05%[0m[1;92m ][0m
[1;93mExtract: [0m[1;92m[ [0m[0;91m39.08%[0m[1;92m ][0m
[1;93mExtract: [0m[1;92m[ [0m[0;91m39.10%[0m[1;92m ][0m
[1;93mExtract: [0m[1;92m[ [0m[0;91m39.13%[0m[1;92m ][0m
[1;93mExtract: [0m[1;92m[ [0m[0;91m39.16%[0m[1;92m ][0m
[1;93mExtract: [0m[1;92m[ [0m[0;91m39.18%[0m[1;92m ][0m
[1;93mExtract: [0m[1;92m[ [0m[0;91m39.21%[0m[1;92m ][0m
[1;93mExtract: [0m[1;92m[ [0m[0;91m39.24%[0m[1;92m ][0m
[1;93mExtract: [0m[1;92m[ [0m[0;91m39.27%[0m[1;92m ][0m
[1;93mExtract: [0m[1;92m[ [0m[0;91m39.29%[0m[1;92m ][0m
[1;93mExtract: [0m[1;92m[ [0m[0;91m39.32%[0m[1;92m ][0m
[1;93mExtract: [0m[1;92m[ [0m[0;91m39.35%[0m[1;92m ][0m
[1;93mExtract: [0m[1;92m[ [0m[0;91m39.37%[0m[1;92m ][0m
[1;93mExtract: [0m[1;92m[ [0m[0;91m39.40%[0m[1;92m ][0m
[1;93mExtract: [0m[1;92m[ [0m[0;91m39.43%[0m[1;92m ][0m
[1;93mExtract: [0m[1;92m[ [0m[0;91m39.45%[0m[1;92m ][0m
[1;93mExtract: [0m[1;92m[ [0m[0;91m39.48%[0m[1;92m ][0m
[1;93mExtract: [0m[1;92m[ [0m[0;91m39.51%[0m[1;92m ][0m
[1;93mExtract: [0m[1;92m[ [0m[0;91m39.54%[0m[1;92m ][0m
[1;93mExtract: [0m[1;92m[ [0m[0;91m39.56%[0m[1;92m ][0m
[1;93mExtract: [0m[1;92m[ [0m[0;91m39.59%[0m[1;92m ][0m
[1;93mExtract: [0m[1;92m[ [0m[0;91m39.62%[0m[1;92m ][0m
[1;93mExtract: [0m[1;92m[ [0m[0;91m39.64%[0m[1;92m ][0m
[1;93mExtract: [0m[1;92m[ [0m[0;91m39.67%[0m[1;92m ][0m
[1;93mExtract: [0m[1;92m[ [0m[0;91m39.70%[0m[1;92m ][0m
[1;93mExtract: [0m[1;92m[ [0m[0;91m39.72%[0m[1;92m ][0m
[1;93mExtract: [0m[1;92m[ [0m[0;91m39.75%[0m[1;92m ][0m
[1;93mExtract: [0m[1;92m[ [0m[0;91m39.78%[0m[1;92m ][0m
[1;93mExtract: [0m[1;92m[ [0m[0;91m39.81%[0m[1;92m ][0m
[1;93mExtract: [0m[1;92m[ [0m[0;91m39.83%[0m[1;92m ][0m
[1;93mExtract: [0m[1;92m[ [0m[0;91m39.86%[0m[1;92m ][0m
[1;93mExtract: [0m[1;92m[ [0m[0;91m39.89%[0m[1;92m ][0m
[1;93mExtract: [0m[1;92m[ [0m[0;91m39.91%[0m[1;92m ][0m
[1;93mExtract: [0m[1;92m[ [0m[0;91m39.94%[0m[1;92m ][0m
[1;93mExtract: [0m[1;92m[ [0m[0;91m39.97%[0m[1;92m ][0m
[1;93mExtract: [0m[1;92m[ [0m[0;91m39.99%[0m[1;92m ][0m
[1;93mExtract: [0m[1;92m[ [0m[0;91m40.02%[0m[1;92m ][0m
[1;93mExtract: [0m[1;92m[ [0m[0;91m40.05%[0m[1;92m ][0m
[1;93mExtract: [0m[1;92m[ [0m[0;91m40.08%[0m[1;92m ][0m
[1;93mExtract: [0m[1;92m[ [0m[0;91m40.10%[0m[1;92m ][0m
[1;93mExtract: [0m[1;92m[ [0m[0;91m40.13%[0m[1;92m ][0m
[1;93mExtract: [0m[1;92m[ [0m[0;91m40.16%[0m[1;92m ][0m
[1;93mExtract: [0m[1;92m[ [0m[0;91m40.18%[0m[1;92m ][0m
[1;93mExtract: [0m[1;92m[ [0m[0;91m40.21%[0m[1;92m ][0m
[1;93mExtract: [0m[1;92m[ [0m[0;91m40.24%[0m[1;92m ][0m
[1;93mExtract: [0m[1;92m[ [0m[0;91m40.26%[0m[1;92m ][0m
[1;93mExtract: [0m[1;92m[ [0m[0;91m40.29%[0m[1;92m ][0m
[1;93mExtract: [0m[1;92m[ [0m[0;91m40.32%[0m[1;92m ][0m
[1;93mExtract: [0m[1;92m[ [0m[0;91m40.35%[0m[1;92m ][0m
[1;93mExtract: [0m[1;92m[ [0m[0;91m40.37%[0m[1;92m ][0m
[1;93mExtract: [0m[1;92m[ [0m[0;91m40.40%[0m[1;92m ][0m
[1;93mExtract: [0m[1;92m[ [0m[0;91m40.43%[0m[1;92m ][0m
[1;93mExtract: [0m[1;92m[ [0m[0;91m40.45%[0m[1;92m ][0m
[1;93mExtract: [0m[1;92m[ [0m[0;91m40.48%[0m[1;92m ][0m
[1;93mExtract: [0m[1;92m[ [0m[0;91m40.51%[0m[1;92m ][0m
[1;93mExtract: [0m[1;92m[ [0m[0;91m40.53%[0m[1;92m ][0m
[1;93mExtract: [0m[1;92m[ [0m[0;91m40.56%[0m[1;92m ][0m
[1;93mExtract: [0m[1;92m[ [0m[0;91m40.59%[0m[1;92m ][0m
[1;93mExtract: [0m[1;92m[ [0m[0;91m40.62%[0m[1;92m ][0m
[1;93mExtract: [0m[1;92m[ [0m[0;91m40.64%[0m[1;92m ][0m
[1;93mExtract: [0m[1;92m[ [0m[0;91m40.67%[0m[1;92m ][0m
[1;93mExtract: [0m[1;92m[ [0m[0;91m40.70%[0m[1;92m ][0m
[1;93mExtract: [0m[1;92m[ [0m[0;91m40.72%[0m[1;92m ][0m
[1;93mExtract: [0m[1;92m[ [0m[0;91m40.75%[0m[1;92m ][0m
[1;93mExtract: [0m[1;92m[ [0m[0;91m40.78%[0m[1;92m ][0m
[1;93mExtract: [0m[1;92m[ [0m[0;91m40.80%[0m[1;92m ][0m
[1;93mExtract: [0m[1;92m[ [0m[0;91m40.83%[0m[1;92m ][0m
[1;93mExtract: [0m[1;92m[ [0m[0;91m40.86%[0m[1;92m ][0m
[1;93mExtract: [0m[1;92m[ [0m[0;91m40.89%[0m[1;92m ][0m
[1;93mExtract: [0m[1;92m[ [0m[0;91m40.91%[0m[1;92m ][0m
[1;93mExtract: [0m[1;92m[ [0m[0;91m40.94%[0m[1;92m ][0m
[1;93mExtract: [0m[1;92m[ [0m[0;91m40.97%[0m[1;92m ][0m
[1;93mExtract: [0m[1;92m[ [0m[0;91m40.99%[0m[1;92m ][0m
[1;93mExtract: [0m[1;92m[ [0m[0;91m41.02%[0m[1;92m ][0m
[1;93mExtract: [0m[1;92m[ [0m[0;91m41.05%[0m[1;92m ][0m
[1;93mExtract: [0m[1;92m[ [0m[0;91m41.07%[0m[1;92m ][0m
[1;93mExtract: [0m[1;92m[ [0m[0;91m41.10%[0m[1;92m ][0m
[1;93mExtract: [0m[1;92m[ [0m[0;91m41.13%[0m[1;92m ][0m
[1;93mExtract: [0m[1;92m[ [0m[0;91m41.16%[0m[1;92m ][0m
[1;93mExtract: [0m[1;92m[ [0m[0;91m41.18%[0m[1;92m ][0m
[1;93mExtract: [0m[1;92m[ [0m[0;91m41.21%[0m[1;92m ][0m
[1;93mExtract: [0m[1;92m[ [0m[0;91m41.24%[0m[1;92m ][0m
[1;93mExtract: [0m[1;92m[ [0m[0;91m41.26%[0m[1;92m ][0m
[1;93mExtract: [0m[1;92m[ [0m[0;91m41.29%[0m[1;92m ][0m
[1;93mExtract: [0m[1;92m[ [0m[0;91m41.32%[0m[1;92m ][0m
[1;93mExtract: [0m[1;92m[ [0m[0;91m41.34%[0m[1;92m ][0m
[1;93mExtract: [0m[1;92m[ [0m[0;91m41.37%[0m[1;92m ][0m
[1;93mExtract: [0m[1;92m[ [0m[0;91m41.40%[0m[1;92m ][0m
[1;93mExtract: [0m[1;92m[ [0m[0;91m41.43%[0m[1;92m ][0m
[1;93mExtract: [0m[1;92m[ [0m[0;91m41.45%[0m[1;92m ][0m
[1;93mExtract: [0m[1;92m[ [0m[0;91m41.48%[0m[1;92m ][0m
[1;93mExtract: [0m[1;92m[ [0m[0;91m41.51%[0m[1;92m ][0m
[1;93mExtract: [0m[1;92m[ [0m[0;91m41.53%[0m[1;92m ][0m
[1;93mExtract: [0m[1;92m[ [0m[0;91m41.56%[0m[1;92m ][0m
[1;93mExtract: [0m[1;92m[ [0m[0;91m41.59%[0m[1;92m ][0m
[1;93mExtract: [0m[1;92m[ [0m[0;91m41.61%[0m[1;92m ][0m
[1;93mExtract: [0m[1;92m[ [0m[0;91m41.64%[0m[1;92m ][0m
[1;93mExtract: [0m[1;92m[ [0m[0;91m41.67%[0m[1;92m ][0m
[1;93mExtract: [0m[1;92m[ [0m[0;91m41.70%[0m[1;92m ][0m
[1;93mExtract: [0m[1;92m[ [0m[0;91m41.72%[0m[1;92m ][0m
[1;93mExtract: [0m[1;92m[ [0m[0;91m41.75%[0m[1;92m ][0m
[1;93mExtract: [0m[1;92m[ [0m[0;91m41.78%[0m[1;92m ][0m
[1;93mExtract: [0m[1;92m[ [0m[0;91m41.80%[0m[1;92m ][0m
[1;93mExtract: [0m[1;92m[ [0m[0;91m41.83%[0m[1;92m ][0m
[1;93mExtract: [0m[1;92m[ [0m[0;91m41.86%[0m[1;92m ][0m
[1;93mExtract: [0m[1;92m[ [0m[0;91m41.88%[0m[1;92m ][0m
[1;93mExtract: [0m[1;92m[ [0m[0;91m41.91%[0m[1;92m ][0m
[1;93mExtract: [0m[1;92m[ [0m[0;91m41.94%[0m[1;92m ][0m
[1;93mExtract: [0m[1;92m[ [0m[0;91m41.97%[0m[1;92m ][0m
[1;93mExtract: [0m[1;92m[ [0m[0;91m41.99%[0m[1;92m ][0m
[1;93mExtract: [0m[1;92m[ [0m[0;91m42.02%[0m[1;92m ][0m
[1;93mExtract: [0m[1;92m[ [0m[0;91m42.05%[0m[1;92m ][0m
[1;93mExtract: [0m[1;92m[ [0m[0;91m42.07%[0m[1;92m ][0m
[1;93mExtract: [0m[1;92m[ [0m[0;91m42.10%[0m[1;92m ][0m
[1;93mExtract: [0m[1;92m[ [0m[0;91m42.13%[0m[1;92m ][0m
[1;93mExtract: [0m[1;92m[ [0m[0;91m42.16%[0m[1;92m ][0m
[1;93mExtract: [0m[1;92m[ [0m[0;91m42.18%[0m[1;92m ][0m
[1;93mExtract: [0m[1;92m[ [0m[0;91m42.21%[0m[1;92m ][0m
[1;93mExtract: [0m[1;92m[ [0m[0;91m42.24%[0m[1;92m ][0m
[1;93mExtract: [0m[1;92m[ [0m[0;91m42.26%[0m[1;92m ][0m
[1;93mExtract: [0m[1;92m[ [0m[0;91m42.29%[0m[1;92m ][0m
[1;93mExtract: [0m[1;92m[ [0m[0;91m42.34%[0m[1;92m ][0m
[1;93mExtract: [0m[1;92m[ [0m[0;91m42.37%[0m[1;92m ][0m
[1;93mExtract: [0m[1;92m[ [0m[0;91m42.40%[0m[1;92m ][0m
[1;93mExtract: [0m[1;92m[ [0m[0;91m42.43%[0m[1;92m ][0m
[1;93mExtract: [0m[1;92m[ [0m[0;91m42.45%[0m[1;92m ][0m
[1;93mExtract: [0m[1;92m[ [0m[0;91m42.48%[0m[1;92m ][0m
[1;93mExtract: [0m[1;92m[ [0m[0;91m42.51%[0m[1;92m ][0m
[1;93mExtract: [0m[1;92m[ [0m[0;91m42.53%[0m[1;92m ][0m
[1;93mExtract: [0m[1;92m[ [0m[0;91m42.56%[0m[1;92m ][0m
[1;93mExtract: [0m[1;92m[ [0m[0;91m42.59%[0m[1;92m ][0m
[1;93mExtract: [0m[1;92m[ [0m[0;91m42.61%[0m[1;92m ][0m
[1;93mExtract: [0m[1;92m[ [0m[0;91m42.64%[0m[1;92m ][0m
[1;93mExtract: [0m[1;92m[ [0m[0;91m42.67%[0m[1;92m ][0m
[1;93mExtract: [0m[1;92m[ [0m[0;91m42.70%[0m[1;92m ][0m
[1;93mExtract: [0m[1;92m[ [0m[0;91m42.72%[0m[1;92m ][0m
[1;93mExtract: [0m[1;92m[ [0m[0;91m42.75%[0m[1;92m ][0m
[1;93mExtract: [0m[1;92m[ [0m[0;91m42.78%[0m[1;92m ][0m
[1;93mExtract: [0m[1;92m[ [0m[0;91m42.80%[0m[1;92m ][0m
[1;93mExtract: [0m[1;92m[ [0m[0;91m42.83%[0m[1;92m ][0m
[1;93mExtract: [0m[1;92m[ [0m[0;91m42.86%[0m[1;92m ][0m
[1;93mExtract: [0m[1;92m[ [0m[0;91m42.88%[0m[1;92m ][0m
[1;93mExtract: [0m[1;92m[ [0m[0;91m42.91%[0m[1;92m ][0m
[1;93mExtract: [0m[1;92m[ [0m[0;91m42.94%[0m[1;92m ][0m
[1;93mExtract: [0m[1;92m[ [0m[0;91m42.97%[0m[1;92m ][0m
[1;93mExtract: [0m[1;92m[ [0m[0;91m42.99%[0m[1;92m ][0m
[1;93mExtract: [0m[1;92m[ [0m[0;91m43.02%[0m[1;92m ][0m
[1;93mExtract: [0m[1;92m[ [0m[0;91m43.05%[0m[1;92m ][0m
[1;93mExtract: [0m[1;92m[ [0m[0;91m43.07%[0m[1;92m ][0m
[1;93mExtract: [0m[1;92m[ [0m[0;91m43.10%[0m[1;92m ][0m
[1;93mExtract: [0m[1;92m[ [0m[0;91m43.13%[0m[1;92m ][0m
[1;93mExtract: [0m[1;92m[ [0m[0;91m43.15%[0m[1;92m ][0m
[1;93mExtract: [0m[1;92m[ [0m[0;91m43.18%[0m[1;92m ][0m
[1;93mExtract: [0m[1;92m[ [0m[0;91m43.21%[0m[1;92m ][0m
[1;93mExtract: [0m[1;92m[ [0m[0;91m43.24%[0m[1;92m ][0m
[1;93mExtract: [0m[1;92m[ [0m[0;91m43.26%[0m[1;92m ][0m
[1;93mExtract: [0m[1;92m[ [0m[0;91m43.29%[0m[1;92m ][0m
[1;93mExtract: [0m[1;92m[ [0m[0;91m43.32%[0m[1;92m ][0m
[1;93mExtract: [0m[1;92m[ [0m[0;91m43.34%[0m[1;92m ][0m
[1;93mExtract: [0m[1;92m[ [0m[0;91m43.37%[0m[1;92m ][0m
[1;93mExtract: [0m[1;92m[ [0m[0;91m43.40%[0m[1;92m ][0m
[1;93mExtract: [0m[1;92m[ [0m[0;91m43.42%[0m[1;92m ][0m
[1;93mExtract: [0m[1;92m[ [0m[0;91m43.45%[0m[1;92m ][0m
[1;93mExtract: [0m[1;92m[ [0m[0;91m43.48%[0m[1;92m ][0m
[1;93mExtract: [0m[1;92m[ [0m[0;91m43.51%[0m[1;92m ][0m
[1;93mExtract: [0m[1;92m[ [0m[0;91m43.53%[0m[1;92m ][0m
[1;93mExtract: [0m[1;92m[ [0m[0;91m43.56%[0m[1;92m ][0m
[1;93mExtract: [0m[1;92m[ [0m[0;91m43.59%[0m[1;92m ][0m
[1;93mExtract: [0m[1;92m[ [0m[0;91m43.61%[0m[1;92m ][0m
[1;93mExtract: [0m[1;92m[ [0m[0;91m43.64%[0m[1;92m ][0m
[1;93mExtract: [0m[1;92m[ [0m[0;91m43.67%[0m[1;92m ][0m
[1;93mExtract: [0m[1;92m[ [0m[0;91m43.69%[0m[1;92m ][0m
[1;93mExtract: [0m[1;92m[ [0m[0;91m43.72%[0m[1;92m ][0m
[1;93mExtract: [0m[1;92m[ [0m[0;91m43.75%[0m[1;92m ][0m
[1;93mExtract: [0m[1;92m[ [0m[0;91m43.78%[0m[1;92m ][0m
[1;93mExtract: [0m[1;92m[ [0m[0;91m43.80%[0m[1;92m ][0m
[1;93mExtract: [0m[1;92m[ [0m[0;91m43.83%[0m[1;92m ][0m
[1;93mExtract: [0m[1;92m[ [0m[0;91m43.86%[0m[1;92m ][0m
[1;93mExtract: [0m[1;92m[ [0m[0;91m43.88%[0m[1;92m ][0m
[1;93mExtract: [0m[1;92m[ [0m[0;91m43.91%[0m[1;92m ][0m
[1;93mExtract: [0m[1;92m[ [0m[0;91m43.94%[0m[1;92m ][0m
[1;93mExtract: [0m[1;92m[ [0m[0;91m43.96%[0m[1;92m ][0m
[1;93mExtract: [0m[1;92m[ [0m[0;91m43.99%[0m[1;92m ][0m
[1;93mExtract: [0m[1;92m[ [0m[0;91m44.02%[0m[1;92m ][0m
[1;93mExtract: [0m[1;92m[ [0m[0;91m44.05%[0m[1;92m ][0m
[1;93mExtract: [0m[1;92m[ [0m[0;91m44.07%[0m[1;92m ][0m
[1;93mExtract: [0m[1;92m[ [0m[0;91m44.10%[0m[1;92m ][0m
[1;93mExtract: [0m[1;92m[ [0m[0;91m44.13%[0m[1;92m ][0m
[1;93mExtract: [0m[1;92m[ [0m[0;91m44.15%[0m[1;92m ][0m
[1;93mExtract: [0m[1;92m[ [0m[0;91m44.18%[0m[1;92m ][0m
[1;93mExtract: [0m[1;92m[ [0m[0;91m44.21%[0m[1;92m ][0m
[1;93mExtract: [0m[1;92m[ [0m[0;91m44.23%[0m[1;92m ][0m
[1;93mExtract: [0m[1;92m[ [0m[0;91m44.26%[0m[1;92m ][0m
[1;93mExtract: [0m[1;92m[ [0m[0;91m44.29%[0m[1;92m ][0m
[1;93mExtract: [0m[1;92m[ [0m[0;91m44.32%[0m[1;92m ][0m
[1;93mExtract: [0m[1;92m[ [0m[0;91m44.34%[0m[1;92m ][0m
[1;93mExtract: [0m[1;92m[ [0m[0;91m44.37%[0m[1;92m ][0m
[1;93mExtract: [0m[1;92m[ [0m[0;91m44.40%[0m[1;92m ][0m
[1;93mExtract: [0m[1;92m[ [0m[0;91m44.42%[0m[1;92m ][0m
[1;93mExtract: [0m[1;92m[ [0m[0;91m44.45%[0m[1;92m ][0m
[1;93mExtract: [0m[1;92m[ [0m[0;91m44.48%[0m[1;92m ][0m
[1;93mExtract: [0m[1;92m[ [0m[0;91m44.50%[0m[1;92m ][0m
[1;93mExtract: [0m[1;92m[ [0m[0;91m44.53%[0m[1;92m ][0m
[1;93mExtract: [0m[1;92m[ [0m[0;91m44.56%[0m[1;92m ][0m
[1;93mExtract: [0m[1;92m[ [0m[0;91m44.59%[0m[1;92m ][0m
[1;93mExtract: [0m[1;92m[ [0m[0;91m44.61%[0m[1;92m ][0m
[1;93mExtract: [0m[1;92m[ [0m[0;91m44.64%[0m[1;92m ][0m
[1;93mExtract: [0m[1;92m[ [0m[0;91m44.67%[0m[1;92m ][0m
[1;93mExtract: [0m[1;92m[ [0m[0;91m44.69%[0m[1;92m ][0m
[1;93mExtract: [0m[1;92m[ [0m[0;91m44.72%[0m[1;92m ][0m
[1;93mExtract: [0m[1;92m[ [0m[0;91m44.75%[0m[1;92m ][0m
[1;93mExtract: [0m[1;92m[ [0m[0;91m44.77%[0m[1;92m ][0m
[1;93mExtract: [0m[1;92m[ [0m[0;91m44.80%[0m[1;92m ][0m
[1;93mExtract: [0m[1;92m[ [0m[0;91m44.83%[0m[1;92m ][0m
[1;93mExtract: [0m[1;92m[ [0m[0;91m44.86%[0m[1;92m ][0m
[1;93mExtract: [0m[1;92m[ [0m[0;91m44.88%[0m[1;92m ][0m
[1;93mExtract: [0m[1;92m[ [0m[0;91m44.91%[0m[1;92m ][0m
[1;93mExtract: [0m[1;92m[ [0m[0;91m44.94%[0m[1;92m ][0m
[1;93mExtract: [0m[1;92m[ [0m[0;91m44.96%[0m[1;92m ][0m
[1;93mExtract: [0m[1;92m[ [0m[0;91m44.99%[0m[1;92m ][0m
[1;93mExtract: [0m[1;92m[ [0m[0;91m45.02%[0m[1;92m ][0m
[1;93mExtract: [0m[1;92m[ [0m[0;91m45.04%[0m[1;92m ][0m
[1;93mExtract: [0m[1;92m[ [0m[0;91m45.07%[0m[1;92m ][0m
[1;93mExtract: [0m[1;92m[ [0m[0;91m45.10%[0m[1;92m ][0m
[1;93mExtract: [0m[1;92m[ [0m[0;91m45.13%[0m[1;92m ][0m
[1;93mExtract: [0m[1;92m[ [0m[0;91m45.15%[0m[1;92m ][0m
[1;93mExtract: [0m[1;92m[ [0m[0;91m45.18%[0m[1;92m ][0m
[1;93mExtract: [0m[1;92m[ [0m[0;91m45.21%[0m[1;92m ][0m
[1;93mExtract: [0m[1;92m[ [0m[0;91m45.23%[0m[1;92m ][0m
[1;93mExtract: [0m[1;92m[ [0m[0;91m45.26%[0m[1;92m ][0m
[1;93mExtract: [0m[1;92m[ [0m[0;91m45.29%[0m[1;92m ][0m
[1;93mExtract: [0m[1;92m[ [0m[0;91m45.31%[0m[1;92m ][0m
[1;93mExtract: [0m[1;92m[ [0m[0;91m45.34%[0m[1;92m ][0m
[1;93mExtract: [0m[1;92m[ [0m[0;91m45.37%[0m[1;92m ][0m
[1;93mExtract: [0m[1;92m[ [0m[0;91m45.40%[0m[1;92m ][0m
[1;93mExtract: [0m[1;92m[ [0m[0;91m45.42%[0m[1;92m ][0m
[1;93mExtract: [0m[1;92m[ [0m[0;91m45.45%[0m[1;92m ][0m
[1;93mExtract: [0m[1;92m[ [0m[0;91m45.48%[0m[1;92m ][0m
[1;93mExtract: [0m[1;92m[ [0m[0;91m45.50%[0m[1;92m ][0m
[1;93mExtract: [0m[1;92m[ [0m[0;91m45.53%[0m[1;92m ][0m
[1;93mExtract: [0m[1;92m[ [0m[0;91m45.56%[0m[1;92m ][0m
[1;93mExtract: [0m[1;92m[ [0m[0;91m45.58%[0m[1;92m ][0m
[1;93mExtract: [0m[1;92m[ [0m[0;91m45.61%[0m[1;92m ][0m
[1;93mExtract: [0m[1;92m[ [0m[0;91m45.64%[0m[1;92m ][0m
[1;93mExtract: [0m[1;92m[ [0m[0;91m45.67%[0m[1;92m ][0m
[1;93mExtract: [0m[1;92m[ [0m[0;91m45.69%[0m[1;92m ][0m
[1;93mExtract: [0m[1;92m[ [0m[0;91m45.72%[0m[1;92m ][0m
[1;93mExtract: [0m[1;92m[ [0m[0;91m45.75%[0m[1;92m ][0m
[1;93mExtract: [0m[1;92m[ [0m[0;91m45.77%[0m[1;92m ][0m
[1;93mExtract: [0m[1;92m[ [0m[0;91m45.80%[0m[1;92m ][0m
[1;93mExtract: [0m[1;92m[ [0m[0;91m45.83%[0m[1;92m ][0m
[1;93mExtract: [0m[1;92m[ [0m[0;91m45.85%[0m[1;92m ][0m
[1;93mExtract: [0m[1;92m[ [0m[0;91m45.88%[0m[1;92m ][0m
[1;93mExtract: [0m[1;92m[ [0m[0;91m45.91%[0m[1;92m ][0m
[1;93mExtract: [0m[1;92m[ [0m[0;91m45.94%[0m[1;92m ][0m
[1;93mExtract: [0m[1;92m[ [0m[0;91m45.96%[0m[1;92m ][0m
[1;93mExtract: [0m[1;92m[ [0m[0;91m45.99%[0m[1;92m ][0m
[1;93mExtract: [0m[1;92m[ [0m[0;91m46.02%[0m[1;92m ][0m
[1;93mExtract: [0m[1;92m[ [0m[0;91m46.04%[0m[1;92m ][0m
[1;93mExtract: [0m[1;92m[ [0m[0;91m46.07%[0m[1;92m ][0m
[1;93mExtract: [0m[1;92m[ [0m[0;91m46.10%[0m[1;92m ][0m
[1;93mExtract: [0m[1;92m[ [0m[0;91m46.12%[0m[1;92m ][0m
[1;93mExtract: [0m[1;92m[ [0m[0;91m46.15%[0m[1;92m ][0m
[1;93mExtract: [0m[1;92m[ [0m[0;91m46.18%[0m[1;92m ][0m
[1;93mExtract: [0m[1;92m[ [0m[0;91m46.21%[0m[1;92m ][0m
[1;93mExtract: [0m[1;92m[ [0m[0;91m46.23%[0m[1;92m ][0m
[1;93mExtract: [0m[1;92m[ [0m[0;91m46.26%[0m[1;92m ][0m
[1;93mExtract: [0m[1;92m[ [0m[0;91m46.29%[0m[1;92m ][0m
[1;93mExtract: [0m[1;92m[ [0m[0;91m46.31%[0m[1;92m ][0m
[1;93mExtract: [0m[1;92m[ [0m[0;91m46.34%[0m[1;92m ][0m
[1;93mExtract: [0m[1;92m[ [0m[0;91m46.37%[0m[1;92m ][0m
[1;93mExtract: [0m[1;92m[ [0m[0;91m46.39%[0m[1;92m ][0m
[1;93mExtract: [0m[1;92m[ [0m[0;91m46.42%[0m[1;92m ][0m
[1;93mExtract: [0m[1;92m[ [0m[0;91m46.45%[0m[1;92m ][0m
[1;93mExtract: [0m[1;92m[ [0m[0;91m46.48%[0m[1;92m ][0m
[1;93mExtract: [0m[1;92m[ [0m[0;91m46.50%[0m[1;92m ][0m
[1;93mExtract: [0m[1;92m[ [0m[0;91m46.53%[0m[1;92m ][0m
[1;93mExtract: [0m[1;92m[ [0m[0;91m46.56%[0m[1;92m ][0m
[1;93mExtract: [0m[1;92m[ [0m[0;91m46.58%[0m[1;92m ][0m
[1;93mExtract: [0m[1;92m[ [0m[0;91m46.61%[0m[1;92m ][0m
[1;93mExtract: [0m[1;92m[ [0m[0;91m46.64%[0m[1;92m ][0m
[1;93mExtract: [0m[1;92m[ [0m[0;91m46.66%[0m[1;92m ][0m
[1;93mExtract: [0m[1;92m[ [0m[0;91m46.69%[0m[1;92m ][0m
[1;93mExtract: [0m[1;92m[ [0m[0;91m46.72%[0m[1;92m ][0m
[1;93mExtract: [0m[1;92m[ [0m[0;91m46.75%[0m[1;92m ][0m
[1;93mExtract: [0m[1;92m[ [0m[0;91m46.77%[0m[1;92m ][0m
[1;93mExtract: [0m[1;92m[ [0m[0;91m46.80%[0m[1;92m ][0m
[1;93mExtract: [0m[1;92m[ [0m[0;91m46.83%[0m[1;92m ][0m
[1;93mExtract: [0m[1;92m[ [0m[0;91m46.85%[0m[1;92m ][0m
[1;93mExtract: [0m[1;92m[ [0m[0;91m46.88%[0m[1;92m ][0m
[1;93mExtract: [0m[1;92m[ [0m[0;91m46.91%[0m[1;92m ][0m
[1;93mExtract: [0m[1;92m[ [0m[0;91m46.96%[0m[1;92m ][0m
[1;93mExtract: [0m[1;92m[ [0m[0;91m46.99%[0m[1;92m ][0m
[1;93mExtract: [0m[1;92m[ [0m[0;91m47.02%[0m[1;92m ][0m
[1;93mExtract: [0m[1;92m[ [0m[0;91m47.04%[0m[1;92m ][0m
[1;93mExtract: [0m[1;92m[ [0m[0;91m47.07%[0m[1;92m ][0m
[1;93mExtract: [0m[1;92m[ [0m[0;91m47.10%[0m[1;92m ][0m
[1;93mExtract: [0m[1;92m[ [0m[0;91m47.12%[0m[1;92m ][0m
[1;93mExtract: [0m[1;92m[ [0m[0;91m47.15%[0m[1;92m ][0m
[1;93mExtract: [0m[1;92m[ [0m[0;91m47.18%[0m[1;92m ][0m
[1;93mExtract: [0m[1;92m[ [0m[0;91m47.20%[0m[1;92m ][0m
[1;93mExtract: [0m[1;92m[ [0m[0;91m47.23%[0m[1;92m ][0m
[1;93mExtract: [0m[1;92m[ [0m[0;91m47.26%[0m[1;92m ][0m
[1;93mExtract: [0m[1;92m[ [0m[0;91m47.29%[0m[1;92m ][0m
[1;93mExtract: [0m[1;92m[ [0m[0;91m47.31%[0m[1;92m ][0m
[1;93mExtract: [0m[1;92m[ [0m[0;91m47.34%[0m[1;92m ][0m
[1;93mExtract: [0m[1;92m[ [0m[0;91m47.37%[0m[1;92m ][0m
[1;93mExtract: [0m[1;92m[ [0m[0;91m47.39%[0m[1;92m ][0m
[1;93mExtract: [0m[1;92m[ [0m[0;91m47.42%[0m[1;92m ][0m
[1;93mExtract: [0m[1;92m[ [0m[0;91m47.45%[0m[1;92m ][0m
[1;93mExtract: [0m[1;92m[ [0m[0;91m47.48%[0m[1;92m ][0m
[1;93mExtract: [0m[1;92m[ [0m[0;91m47.50%[0m[1;92m ][0m
[1;93mExtract: [0m[1;92m[ [0m[0;91m47.53%[0m[1;92m ][0m
[1;93mExtract: [0m[1;92m[ [0m[0;91m47.56%[0m[1;92m ][0m
[1;93mExtract: [0m[1;92m[ [0m[0;91m47.58%[0m[1;92m ][0m
[1;93mExtract: [0m[1;92m[ [0m[0;91m47.61%[0m[1;92m ][0m
[1;93mExtract: [0m[1;92m[ [0m[0;91m47.64%[0m[1;92m ][0m
[1;93mExtract: [0m[1;92m[ [0m[0;91m47.66%[0m[1;92m ][0m
[1;93mExtract: [0m[1;92m[ [0m[0;91m47.69%[0m[1;92m ][0m
[1;93mExtract: [0m[1;92m[ [0m[0;91m47.72%[0m[1;92m ][0m
[1;93mExtract: [0m[1;92m[ [0m[0;91m47.75%[0m[1;92m ][0m
[1;93mExtract: [0m[1;92m[ [0m[0;91m47.77%[0m[1;92m ][0m
[1;93mExtract: [0m[1;92m[ [0m[0;91m47.80%[0m[1;92m ][0m
[1;93mExtract: [0m[1;92m[ [0m[0;91m47.83%[0m[1;92m ][0m
[1;93mExtract: [0m[1;92m[ [0m[0;91m47.85%[0m[1;92m ][0m
[1;93mExtract: [0m[1;92m[ [0m[0;91m47.88%[0m[1;92m ][0m
[1;93mExtract: [0m[1;92m[ [0m[0;91m47.91%[0m[1;92m ][0m
[1;93mExtract: [0m[1;92m[ [0m[0;91m47.93%[0m[1;92m ][0m
[1;93mExtract: [0m[1;92m[ [0m[0;91m47.96%[0m[1;92m ][0m
[1;93mExtract: [0m[1;92m[ [0m[0;91m47.99%[0m[1;92m ][0m
[1;93mExtract: [0m[1;92m[ [0m[0;91m48.02%[0m[1;92m ][0m
[1;93mExtract: [0m[1;92m[ [0m[0;91m48.04%[0m[1;92m ][0m
[1;93mExtract: [0m[1;92m[ [0m[0;91m48.07%[0m[1;92m ][0m
[1;93mExtract: [0m[1;92m[ [0m[0;91m48.10%[0m[1;92m ][0m
[1;93mExtract: [0m[1;92m[ [0m[0;91m48.12%[0m[1;92m ][0m
[1;93mExtract: [0m[1;92m[ [0m[0;91m48.15%[0m[1;92m ][0m
[1;93mExtract: [0m[1;92m[ [0m[0;91m48.18%[0m[1;92m ][0m
[1;93mExtract: [0m[1;92m[ [0m[0;91m48.20%[0m[1;92m ][0m
[1;93mExtract: [0m[1;92m[ [0m[0;91m48.23%[0m[1;92m ][0m
[1;93mExtract: [0m[1;92m[ [0m[0;91m48.26%[0m[1;92m ][0m
[1;93mExtract: [0m[1;92m[ [0m[0;91m48.29%[0m[1;92m ][0m
[1;93mExtract: [0m[1;92m[ [0m[0;91m48.31%[0m[1;92m ][0m
[1;93mExtract: [0m[1;92m[ [0m[0;91m48.34%[0m[1;92m ][0m
[1;93mExtract: [0m[1;92m[ [0m[0;91m48.37%[0m[1;92m ][0m
[1;93mExtract: [0m[1;92m[ [0m[0;91m48.39%[0m[1;92m ][0m
[1;93mExtract: [0m[1;92m[ [0m[0;91m48.42%[0m[1;92m ][0m
[1;93mExtract: [0m[1;92m[ [0m[0;91m48.45%[0m[1;92m ][0m
[1;93mExtract: [0m[1;92m[ [0m[0;91m48.47%[0m[1;92m ][0m
[1;93mExtract: [0m[1;92m[ [0m[0;91m48.50%[0m[1;92m ][0m
[1;93mExtract: [0m[1;92m[ [0m[0;91m48.53%[0m[1;92m ][0m
[1;93mExtract: [0m[1;92m[ [0m[0;91m48.56%[0m[1;92m ][0m
[1;93mExtract: [0m[1;92m[ [0m[0;91m48.58%[0m[1;92m ][0m
[1;93mExtract: [0m[1;92m[ [0m[0;91m48.61%[0m[1;92m ][0m
[1;93mExtract: [0m[1;92m[ [0m[0;91m48.64%[0m[1;92m ][0m
[1;93mExtract: [0m[1;92m[ [0m[0;91m48.66%[0m[1;92m ][0m
[1;93mExtract: [0m[1;92m[ [0m[0;91m48.69%[0m[1;92m ][0m
[1;93mExtract: [0m[1;92m[ [0m[0;91m48.72%[0m[1;92m ][0m
[1;93mExtract: [0m[1;92m[ [0m[0;91m48.74%[0m[1;92m ][0m
[1;93mExtract: [0m[1;92m[ [0m[0;91m48.77%[0m[1;92m ][0m
[1;93mExtract: [0m[1;92m[ [0m[0;91m48.80%[0m[1;92m ][0m
[1;93mExtract: [0m[1;92m[ [0m[0;91m48.83%[0m[1;92m ][0m
[1;93mExtract: [0m[1;92m[ [0m[0;91m48.85%[0m[1;92m ][0m
[1;93mExtract: [0m[1;92m[ [0m[0;91m48.88%[0m[1;92m ][0m
[1;93mExtract: [0m[1;92m[ [0m[0;91m48.91%[0m[1;92m ][0m
[1;93mExtract: [0m[1;92m[ [0m[0;91m48.93%[0m[1;92m ][0m
[1;93mExtract: [0m[1;92m[ [0m[0;91m48.96%[0m[1;92m ][0m
[1;93mExtract: [0m[1;92m[ [0m[0;91m48.99%[0m[1;92m ][0m
[1;93mExtract: [0m[1;92m[ [0m[0;91m49.01%[0m[1;92m ][0m
[1;93mExtract: [0m[1;92m[ [0m[0;91m49.04%[0m[1;92m ][0m
[1;93mExtract: [0m[1;92m[ [0m[0;91m49.07%[0m[1;92m ][0m
[1;93mExtract: [0m[1;92m[ [0m[0;91m49.10%[0m[1;92m ][0m
[1;93mExtract: [0m[1;92m[ [0m[0;91m49.12%[0m[1;92m ][0m
[1;93mExtract: [0m[1;92m[ [0m[0;91m49.15%[0m[1;92m ][0m
[1;93mExtract: [0m[1;92m[ [0m[0;91m49.18%[0m[1;92m ][0m
[1;93mExtract: [0m[1;92m[ [0m[0;91m49.20%[0m[1;92m ][0m
[1;93mExtract: [0m[1;92m[ [0m[0;91m49.23%[0m[1;92m ][0m
[1;93mExtract: [0m[1;92m[ [0m[0;91m49.26%[0m[1;92m ][0m
[1;93mExtract: [0m[1;92m[ [0m[0;91m49.28%[0m[1;92m ][0m
[1;93mExtract: [0m[1;92m[ [0m[0;91m49.31%[0m[1;92m ][0m
[1;93mExtract: [0m[1;92m[ [0m[0;91m49.34%[0m[1;92m ][0m
[1;93mExtract: [0m[1;92m[ [0m[0;91m49.37%[0m[1;92m ][0m
[1;93mExtract: [0m[1;92m[ [0m[0;91m49.39%[0m[1;92m ][0m
[1;93mExtract: [0m[1;92m[ [0m[0;91m49.42%[0m[1;92m ][0m
[1;93mExtract: [0m[1;92m[ [0m[0;91m49.45%[0m[1;92m ][0m
[1;93mExtract: [0m[1;92m[ [0m[0;91m49.47%[0m[1;92m ][0m
[1;93mExtract: [0m[1;92m[ [0m[0;91m49.50%[0m[1;92m ][0m
[1;93mExtract: [0m[1;92m[ [0m[0;91m49.53%[0m[1;92m ][0m
[1;93mExtract: [0m[1;92m[ [0m[0;91m49.55%[0m[1;92m ][0m
[1;93mExtract: [0m[1;92m[ [0m[0;91m49.58%[0m[1;92m ][0m
[1;93mExtract: [0m[1;92m[ [0m[0;91m49.61%[0m[1;92m ][0m
[1;93mExtract: [0m[1;92m[ [0m[0;91m49.64%[0m[1;92m ][0m
[1;93mExtract: [0m[1;92m[ [0m[0;91m49.66%[0m[1;92m ][0m
[1;93mExtract: [0m[1;92m[ [0m[0;91m49.69%[0m[1;92m ][0m
[1;93mExtract: [0m[1;92m[ [0m[0;91m49.72%[0m[1;92m ][0m
[1;93mExtract: [0m[1;92m[ [0m[0;91m49.74%[0m[1;92m ][0m
[1;93mExtract: [0m[1;92m[ [0m[0;91m49.77%[0m[1;92m ][0m
[1;93mExtract: [0m[1;92m[ [0m[0;91m49.80%[0m[1;92m ][0m
[1;93mExtract: [0m[1;92m[ [0m[0;91m49.82%[0m[1;92m ][0m
[1;93mExtract: [0m[1;92m[ [0m[0;91m49.85%[0m[1;92m ][0m
[1;93mExtract: [0m[1;92m[ [0m[0;91m49.88%[0m[1;92m ][0m
[1;93mExtract: [0m[1;92m[ [0m[0;91m49.91%[0m[1;92m ][0m
[1;93mExtract: [0m[1;92m[ [0m[0;91m49.93%[0m[1;92m ][0m
[1;93mExtract: [0m[1;92m[ [0m[0;91m49.96%[0m[1;92m ][0m
[1;93mExtract: [0m[1;92m[ [0m[0;91m49.99%[0m[1;92m ][0m
[1;93mExtract: [0m[1;92m[ [0m[0;91m50.01%[0m[1;92m ][0m
[1;93mExtract: [0m[1;92m[ [0m[0;91m50.04%[0m[1;92m ][0m
[1;93mExtract: [0m[1;92m[ [0m[0;91m50.07%[0m[1;92m ][0m
[1;93mExtract: [0m[1;92m[ [0m[0;91m50.09%[0m[1;92m ][0m
[1;93mExtract: [0m[1;92m[ [0m[0;91m50.12%[0m[1;92m ][0m
[1;93mExtract: [0m[1;92m[ [0m[0;91m50.15%[0m[1;92m ][0m
[1;93mExtract: [0m[1;92m[ [0m[0;91m50.18%[0m[1;92m ][0m
[1;93mExtract: [0m[1;92m[ [0m[0;91m50.20%[0m[1;92m ][0m
[1;93mExtract: [0m[1;92m[ [0m[0;91m50.23%[0m[1;92m ][0m
[1;93mExtract: [0m[1;92m[ [0m[0;91m50.26%[0m[1;92m ][0m
[1;93mExtract: [0m[1;92m[ [0m[0;91m50.28%[0m[1;92m ][0m
[1;93mExtract: [0m[1;92m[ [0m[0;91m50.31%[0m[1;92m ][0m
[1;93mExtract: [0m[1;92m[ [0m[0;91m50.34%[0m[1;92m ][0m
[1;93mExtract: [0m[1;92m[ [0m[0;91m50.36%[0m[1;92m ][0m
[1;93mExtract: [0m[1;92m[ [0m[0;91m50.39%[0m[1;92m ][0m
[1;93mExtract: [0m[1;92m[ [0m[0;91m50.42%[0m[1;92m ][0m
[1;93mExtract: [0m[1;92m[ [0m[0;91m50.45%[0m[1;92m ][0m
[1;93mExtract: [0m[1;92m[ [0m[0;91m50.47%[0m[1;92m ][0m
[1;93mExtract: [0m[1;92m[ [0m[0;91m50.50%[0m[1;92m ][0m
[1;93mExtract: [0m[1;92m[ [0m[0;91m50.53%[0m[1;92m ][0m
[1;93mExtract: [0m[1;92m[ [0m[0;91m50.55%[0m[1;92m ][0m
[1;93mExtract: [0m[1;92m[ [0m[0;91m50.58%[0m[1;92m ][0m
[1;93mExtract: [0m[1;92m[ [0m[0;91m50.61%[0m[1;92m ][0m
[1;93mExtract: [0m[1;92m[ [0m[0;91m50.63%[0m[1;92m ][0m
[1;93mExtract: [0m[1;92m[ [0m[0;91m50.66%[0m[1;92m ][0m
[1;93mExtract: [0m[1;92m[ [0m[0;91m50.69%[0m[1;92m ][0m
[1;93mExtract: [0m[1;92m[ [0m[0;91m50.72%[0m[1;92m ][0m
[1;93mExtract: [0m[1;92m[ [0m[0;91m50.74%[0m[1;92m ][0m
[1;93mExtract: [0m[1;92m[ [0m[0;91m50.77%[0m[1;92m ][0m
[1;93mExtract: [0m[1;92m[ [0m[0;91m50.80%[0m[1;92m ][0m
[1;93mExtract: [0m[1;92m[ [0m[0;91m50.82%[0m[1;92m ][0m
[1;93mExtract: [0m[1;92m[ [0m[0;91m50.85%[0m[1;92m ][0m
[1;93mExtract: [0m[1;92m[ [0m[0;91m50.88%[0m[1;92m ][0m
[1;93mExtract: [0m[1;92m[ [0m[0;91m50.90%[0m[1;92m ][0m
[1;93mExtract: [0m[1;92m[ [0m[0;91m50.93%[0m[1;92m ][0m
[1;93mExtract: [0m[1;92m[ [0m[0;91m50.96%[0m[1;92m ][0m
[1;93mExtract: [0m[1;92m[ [0m[0;91m50.99%[0m[1;92m ][0m
[1;93mExtract: [0m[1;92m[ [0m[0;91m51.01%[0m[1;92m ][0m
[1;93mExtract: [0m[1;92m[ [0m[0;91m51.04%[0m[1;92m ][0m
[1;93mExtract: [0m[1;92m[ [0m[0;91m51.07%[0m[1;92m ][0m
[1;93mExtract: [0m[1;92m[ [0m[0;91m51.09%[0m[1;92m ][0m
[1;93mExtract: [0m[1;92m[ [0m[0;91m51.12%[0m[1;92m ][0m
[1;93mExtract: [0m[1;92m[ [0m[0;91m51.15%[0m[1;92m ][0m
[1;93mExtract: [0m[1;92m[ [0m[0;91m51.17%[0m[1;92m ][0m
[1;93mExtract: [0m[1;92m[ [0m[0;91m51.20%[0m[1;92m ][0m
[1;93mExtract: [0m[1;92m[ [0m[0;91m51.23%[0m[1;92m ][0m
[1;93mExtract: [0m[1;92m[ [0m[0;91m51.26%[0m[1;92m ][0m
[1;93mExtract: [0m[1;92m[ [0m[0;91m51.28%[0m[1;92m ][0m
[1;93mExtract: [0m[1;92m[ [0m[0;91m51.31%[0m[1;92m ][0m
[1;93mExtract: [0m[1;92m[ [0m[0;91m51.34%[0m[1;92m ][0m
[1;93mExtract: [0m[1;92m[ [0m[0;91m51.36%[0m[1;92m ][0m
[1;93mExtract: [0m[1;92m[ [0m[0;91m51.39%[0m[1;92m ][0m
[1;93mExtract: [0m[1;92m[ [0m[0;91m51.42%[0m[1;92m ][0m
[1;93mExtract: [0m[1;92m[ [0m[0;91m51.44%[0m[1;92m ][0m
[1;93mExtract: [0m[1;92m[ [0m[0;91m51.47%[0m[1;92m ][0m
[1;93mExtract: [0m[1;92m[ [0m[0;91m51.50%[0m[1;92m ][0m
[1;93mExtract: [0m[1;92m[ [0m[0;91m51.53%[0m[1;92m ][0m
[1;93mExtract: [0m[1;92m[ [0m[0;91m51.55%[0m[1;92m ][0m
[1;93mExtract: [0m[1;92m[ [0m[0;91m51.58%[0m[1;92m ][0m
[1;93mExtract: [0m[1;92m[ [0m[0;91m51.61%[0m[1;92m ][0m
[1;93mExtract: [0m[1;92m[ [0m[0;91m51.63%[0m[1;92m ][0m
[1;93mExtract: [0m[1;92m[ [0m[0;91m51.66%[0m[1;92m ][0m
[1;93mExtract: [0m[1;92m[ [0m[0;91m51.69%[0m[1;92m ][0m
[1;93mExtract: [0m[1;92m[ [0m[0;91m51.71%[0m[1;92m ][0m
[1;93mExtract: [0m[1;92m[ [0m[0;91m51.74%[0m[1;92m ][0m
[1;93mExtract: [0m[1;92m[ [0m[0;91m51.77%[0m[1;92m ][0m
[1;93mExtract: [0m[1;92m[ [0m[0;91m51.80%[0m[1;92m ][0m
[1;93mExtract: [0m[1;92m[ [0m[0;91m51.82%[0m[1;92m ][0m
[1;93mExtract: [0m[1;92m[ [0m[0;91m51.85%[0m[1;92m ][0m
[1;93mExtract: [0m[1;92m[ [0m[0;91m51.88%[0m[1;92m ][0m
[1;93mExtract: [0m[1;92m[ [0m[0;91m51.90%[0m[1;92m ][0m
[1;93mExtract: [0m[1;92m[ [0m[0;91m51.93%[0m[1;92m ][0m
[1;93mExtract: [0m[1;92m[ [0m[0;91m51.96%[0m[1;92m ][0m
[1;93mExtract: [0m[1;92m[ [0m[0;91m51.98%[0m[1;92m ][0m
[1;93mExtract: [0m[1;92m[ [0m[0;91m52.01%[0m[1;92m ][0m
[1;93mExtract: [0m[1;92m[ [0m[0;91m52.04%[0m[1;92m ][0m
[1;93mExtract: [0m[1;92m[ [0m[0;91m52.07%[0m[1;92m ][0m
[1;93mExtract: [0m[1;92m[ [0m[0;91m52.09%[0m[1;92m ][0m
[1;93mExtract: [0m[1;92m[ [0m[0;91m52.12%[0m[1;92m ][0m
[1;93mExtract: [0m[1;92m[ [0m[0;91m52.17%[0m[1;92m ][0m
[1;93mExtract: [0m[1;92m[ [0m[0;91m52.20%[0m[1;92m ][0m
[1;93mExtract: [0m[1;92m[ [0m[0;91m52.23%[0m[1;92m ][0m
[1;93mExtract: [0m[1;92m[ [0m[0;91m52.25%[0m[1;92m ][0m
[1;93mExtract: [0m[1;92m[ [0m[0;91m52.28%[0m[1;92m ][0m
[1;93mExtract: [0m[1;92m[ [0m[0;91m52.31%[0m[1;92m ][0m
[1;93mExtract: [0m[1;92m[ [0m[0;91m52.34%[0m[1;92m ][0m
[1;93mExtract: [0m[1;92m[ [0m[0;91m52.36%[0m[1;92m ][0m
[1;93mExtract: [0m[1;92m[ [0m[0;91m52.39%[0m[1;92m ][0m
[1;93mExtract: [0m[1;92m[ [0m[0;91m52.42%[0m[1;92m ][0m
[1;93mExtract: [0m[1;92m[ [0m[0;91m52.44%[0m[1;92m ][0m
[1;93mExtract: [0m[1;92m[ [0m[0;91m52.47%[0m[1;92m ][0m
[1;93mExtract: [0m[1;92m[ [0m[0;91m52.50%[0m[1;92m ][0m
[1;93mExtract: [0m[1;92m[ [0m[0;91m52.52%[0m[1;92m ][0m
[1;93mExtract: [0m[1;92m[ [0m[0;91m52.55%[0m[1;92m ][0m
[1;93mExtract: [0m[1;92m[ [0m[0;91m52.58%[0m[1;92m ][0m
[1;93mExtract: [0m[1;92m[ [0m[0;91m52.61%[0m[1;92m ][0m
[1;93mExtract: [0m[1;92m[ [0m[0;91m52.63%[0m[1;92m ][0m
[1;93mExtract: [0m[1;92m[ [0m[0;91m52.66%[0m[1;92m ][0m
[1;93mExtract: [0m[1;92m[ [0m[0;91m52.69%[0m[1;92m ][0m
[1;93mExtract: [0m[1;92m[ [0m[0;91m52.71%[0m[1;92m ][0m
[1;93mExtract: [0m[1;92m[ [0m[0;91m52.74%[0m[1;92m ][0m
[1;93mExtract: [0m[1;92m[ [0m[0;91m52.77%[0m[1;92m ][0m
[1;93mExtract: [0m[1;92m[ [0m[0;91m52.80%[0m[1;92m ][0m
[1;93mExtract: [0m[1;92m[ [0m[0;91m52.82%[0m[1;92m ][0m
[1;93mExtract: [0m[1;92m[ [0m[0;91m52.85%[0m[1;92m ][0m
[1;93mExtract: [0m[1;92m[ [0m[0;91m52.88%[0m[1;92m ][0m
[1;93mExtract: [0m[1;92m[ [0m[0;91m52.90%[0m[1;92m ][0m
[1;93mExtract: [0m[1;92m[ [0m[0;91m52.93%[0m[1;92m ][0m
[1;93mExtract: [0m[1;92m[ [0m[0;91m52.96%[0m[1;92m ][0m
[1;93mExtract: [0m[1;92m[ [0m[0;91m52.98%[0m[1;92m ][0m
[1;93mExtract: [0m[1;92m[ [0m[0;91m53.01%[0m[1;92m ][0m
[1;93mExtract: [0m[1;92m[ [0m[0;91m53.04%[0m[1;92m ][0m
[1;93mExtract: [0m[1;92m[ [0m[0;91m53.07%[0m[1;92m ][0m
[1;93mExtract: [0m[1;92m[ [0m[0;91m53.09%[0m[1;92m ][0m
[1;93mExtract: [0m[1;92m[ [0m[0;91m53.12%[0m[1;92m ][0m
[1;93mExtract: [0m[1;92m[ [0m[0;91m53.15%[0m[1;92m ][0m
[1;93mExtract: [0m[1;92m[ [0m[0;91m53.17%[0m[1;92m ][0m
[1;93mExtract: [0m[1;92m[ [0m[0;91m53.20%[0m[1;92m ][0m
[1;93mExtract: [0m[1;92m[ [0m[0;91m53.23%[0m[1;92m ][0m
[1;93mExtract: [0m[1;92m[ [0m[0;91m53.25%[0m[1;92m ][0m
[1;93mExtract: [0m[1;92m[ [0m[0;91m53.28%[0m[1;92m ][0m
[1;93mExtract: [0m[1;92m[ [0m[0;91m53.31%[0m[1;92m ][0m
[1;93mExtract: [0m[1;92m[ [0m[0;91m53.34%[0m[1;92m ][0m
[1;93mExtract: [0m[1;92m[ [0m[0;91m53.36%[0m[1;92m ][0m
[1;93mExtract: [0m[1;92m[ [0m[0;91m53.39%[0m[1;92m ][0m
[1;93mExtract: [0m[1;92m[ [0m[0;91m53.42%[0m[1;92m ][0m
[1;93mExtract: [0m[1;92m[ [0m[0;91m53.44%[0m[1;92m ][0m
[1;93mExtract: [0m[1;92m[ [0m[0;91m53.47%[0m[1;92m ][0m
[1;93mExtract: [0m[1;92m[ [0m[0;91m53.50%[0m[1;92m ][0m
[1;93mExtract: [0m[1;92m[ [0m[0;91m53.52%[0m[1;92m ][0m
[1;93mExtract: [0m[1;92m[ [0m[0;91m53.55%[0m[1;92m ][0m
[1;93mExtract: [0m[1;92m[ [0m[0;91m53.58%[0m[1;92m ][0m
[1;93mExtract: [0m[1;92m[ [0m[0;91m53.61%[0m[1;92m ][0m
[1;93mExtract: [0m[1;92m[ [0m[0;91m53.63%[0m[1;92m ][0m
[1;93mExtract: [0m[1;92m[ [0m[0;91m53.66%[0m[1;92m ][0m
[1;93mExtract: [0m[1;92m[ [0m[0;91m53.69%[0m[1;92m ][0m
[1;93mExtract: [0m[1;92m[ [0m[0;91m53.71%[0m[1;92m ][0m
[1;93mExtract: [0m[1;92m[ [0m[0;91m53.74%[0m[1;92m ][0m
[1;93mExtract: [0m[1;92m[ [0m[0;91m53.77%[0m[1;92m ][0m
[1;93mExtract: [0m[1;92m[ [0m[0;91m53.79%[0m[1;92m ][0m
[1;93mExtract: [0m[1;92m[ [0m[0;91m53.82%[0m[1;92m ][0m
[1;93mExtract: [0m[1;92m[ [0m[0;91m53.85%[0m[1;92m ][0m
[1;93mExtract: [0m[1;92m[ [0m[0;91m53.88%[0m[1;92m ][0m
[1;93mExtract: [0m[1;92m[ [0m[0;91m53.90%[0m[1;92m ][0m
[1;93mExtract: [0m[1;92m[ [0m[0;91m53.93%[0m[1;92m ][0m
[1;93mExtract: [0m[1;92m[ [0m[0;91m53.96%[0m[1;92m ][0m
[1;93mExtract: [0m[1;92m[ [0m[0;91m53.98%[0m[1;92m ][0m
[1;93mExtract: [0m[1;92m[ [0m[0;91m54.01%[0m[1;92m ][0m
[1;93mExtract: [0m[1;92m[ [0m[0;91m54.04%[0m[1;92m ][0m
[1;93mExtract: [0m[1;92m[ [0m[0;91m54.06%[0m[1;92m ][0m
[1;93mExtract: [0m[1;92m[ [0m[0;91m54.09%[0m[1;92m ][0m
[1;93mExtract: [0m[1;92m[ [0m[0;91m54.12%[0m[1;92m ][0m
[1;93mExtract: [0m[1;92m[ [0m[0;91m54.15%[0m[1;92m ][0m
[1;93mExtract: [0m[1;92m[ [0m[0;91m54.17%[0m[1;92m ][0m
[1;93mExtract: [0m[1;92m[ [0m[0;91m54.20%[0m[1;92m ][0m
[1;93mExtract: [0m[1;92m[ [0m[0;91m54.23%[0m[1;92m ][0m
[1;93mExtract: [0m[1;92m[ [0m[0;91m54.25%[0m[1;92m ][0m
[1;93mExtract: [0m[1;92m[ [0m[0;91m54.28%[0m[1;92m ][0m
[1;93mExtract: [0m[1;92m[ [0m[0;91m54.31%[0m[1;92m ][0m
[1;93mExtract: [0m[1;92m[ [0m[0;91m54.33%[0m[1;92m ][0m
[1;93mExtract: [0m[1;92m[ [0m[0;91m54.36%[0m[1;92m ][0m
[1;93mExtract: [0m[1;92m[ [0m[0;91m54.39%[0m[1;92m ][0m
[1;93mExtract: [0m[1;92m[ [0m[0;91m54.42%[0m[1;92m ][0m
[1;93mExtract: [0m[1;92m[ [0m[0;91m54.44%[0m[1;92m ][0m
[1;93mExtract: [0m[1;92m[ [0m[0;91m54.47%[0m[1;92m ][0m
[1;93mExtract: [0m[1;92m[ [0m[0;91m54.50%[0m[1;92m ][0m
[1;93mExtract: [0m[1;92m[ [0m[0;91m54.52%[0m[1;92m ][0m
[1;93mExtract: [0m[1;92m[ [0m[0;91m54.55%[0m[1;92m ][0m
[1;93mExtract: [0m[1;92m[ [0m[0;91m54.58%[0m[1;92m ][0m
[1;93mExtract: [0m[1;92m[ [0m[0;91m54.60%[0m[1;92m ][0m
[1;93mExtract: [0m[1;92m[ [0m[0;91m54.63%[0m[1;92m ][0m
[1;93mExtract: [0m[1;92m[ [0m[0;91m54.66%[0m[1;92m ][0m
[1;93mExtract: [0m[1;92m[ [0m[0;91m54.69%[0m[1;92m ][0m
[1;93mExtract: [0m[1;92m[ [0m[0;91m54.71%[0m[1;92m ][0m
[1;93mExtract: [0m[1;92m[ [0m[0;91m54.74%[0m[1;92m ][0m
[1;93mExtract: [0m[1;92m[ [0m[0;91m54.77%[0m[1;92m ][0m
[1;93mExtract: [0m[1;92m[ [0m[0;91m54.79%[0m[1;92m ][0m
[1;93mExtract: [0m[1;92m[ [0m[0;91m54.82%[0m[1;92m ][0m
[1;93mExtract: [0m[1;92m[ [0m[0;91m54.85%[0m[1;92m ][0m
[1;93mExtract: [0m[1;92m[ [0m[0;91m54.87%[0m[1;92m ][0m
[1;93mExtract: [0m[1;92m[ [0m[0;91m54.90%[0m[1;92m ][0m
[1;93mExtract: [0m[1;92m[ [0m[0;91m54.93%[0m[1;92m ][0m
[1;93mExtract: [0m[1;92m[ [0m[0;91m54.96%[0m[1;92m ][0m
[1;93mExtract: [0m[1;92m[ [0m[0;91m54.98%[0m[1;92m ][0m
[1;93mExtract: [0m[1;92m[ [0m[0;91m55.01%[0m[1;92m ][0m
[1;93mExtract: [0m[1;92m[ [0m[0;91m55.04%[0m[1;92m ][0m
[1;93mExtract: [0m[1;92m[ [0m[0;91m55.06%[0m[1;92m ][0m
[1;93mExtract: [0m[1;92m[ [0m[0;91m55.09%[0m[1;92m ][0m
[1;93mExtract: [0m[1;92m[ [0m[0;91m55.12%[0m[1;92m ][0m
[1;93mExtract: [0m[1;92m[ [0m[0;91m55.14%[0m[1;92m ][0m
[1;93mExtract: [0m[1;92m[ [0m[0;91m55.17%[0m[1;92m ][0m
[1;93mExtract: [0m[1;92m[ [0m[0;91m55.20%[0m[1;92m ][0m
[1;93mExtract: [0m[1;92m[ [0m[0;91m55.23%[0m[1;92m ][0m
[1;93mExtract: [0m[1;92m[ [0m[0;91m55.25%[0m[1;92m ][0m
[1;93mExtract: [0m[1;92m[ [0m[0;91m55.28%[0m[1;92m ][0m
[1;93mExtract: [0m[1;92m[ [0m[0;91m55.31%[0m[1;92m ][0m
[1;93mExtract: [0m[1;92m[ [0m[0;91m55.33%[0m[1;92m ][0m
[1;93mExtract: [0m[1;92m[ [0m[0;91m55.36%[0m[1;92m ][0m
[1;93mExtract: [0m[1;92m[ [0m[0;91m55.39%[0m[1;92m ][0m
[1;93mExtract: [0m[1;92m[ [0m[0;91m55.41%[0m[1;92m ][0m
[1;93mExtract: [0m[1;92m[ [0m[0;91m55.44%[0m[1;92m ][0m
[1;93mExtract: [0m[1;92m[ [0m[0;91m55.47%[0m[1;92m ][0m
[1;93mExtract: [0m[1;92m[ [0m[0;91m55.50%[0m[1;92m ][0m
[1;93mExtract: [0m[1;92m[ [0m[0;91m55.52%[0m[1;92m ][0m
[1;93mExtract: [0m[1;92m[ [0m[0;91m55.55%[0m[1;92m ][0m
[1;93mExtract: [0m[1;92m[ [0m[0;91m55.58%[0m[1;92m ][0m
[1;93mExtract: [0m[1;92m[ [0m[0;91m55.60%[0m[1;92m ][0m
[1;93mExtract: [0m[1;92m[ [0m[0;91m55.63%[0m[1;92m ][0m
[1;93mExtract: [0m[1;92m[ [0m[0;91m55.66%[0m[1;92m ][0m
[1;93mExtract: [0m[1;92m[ [0m[0;91m55.68%[0m[1;92m ][0m
[1;93mExtract: [0m[1;92m[ [0m[0;91m55.71%[0m[1;92m ][0m
[1;93mExtract: [0m[1;92m[ [0m[0;91m55.74%[0m[1;92m ][0m
[1;93mExtract: [0m[1;92m[ [0m[0;91m55.77%[0m[1;92m ][0m
[1;93mExtract: [0m[1;92m[ [0m[0;91m55.79%[0m[1;92m ][0m
[1;93mExtract: [0m[1;92m[ [0m[0;91m55.82%[0m[1;92m ][0m
[1;93mExtract: [0m[1;92m[ [0m[0;91m55.85%[0m[1;92m ][0m
[1;93mExtract: [0m[1;92m[ [0m[0;91m55.87%[0m[1;92m ][0m
[1;93mExtract: [0m[1;92m[ [0m[0;91m55.90%[0m[1;92m ][0m
[1;93mExtract: [0m[1;92m[ [0m[0;91m55.93%[0m[1;92m ][0m
[1;93mExtract: [0m[1;92m[ [0m[0;91m55.95%[0m[1;92m ][0m
[1;93mExtract: [0m[1;92m[ [0m[0;91m55.98%[0m[1;92m ][0m
[1;93mExtract: [0m[1;92m[ [0m[0;91m56.01%[0m[1;92m ][0m
[1;93mExtract: [0m[1;92m[ [0m[0;91m56.04%[0m[1;92m ][0m
[1;93mExtract: [0m[1;92m[ [0m[0;91m56.06%[0m[1;92m ][0m
[1;93mExtract: [0m[1;92m[ [0m[0;91m56.09%[0m[1;92m ][0m
[1;93mExtract: [0m[1;92m[ [0m[0;91m56.12%[0m[1;92m ][0m
[1;93mExtract: [0m[1;92m[ [0m[0;91m56.14%[0m[1;92m ][0m
[1;93mExtract: [0m[1;92m[ [0m[0;91m56.17%[0m[1;92m ][0m
[1;93mExtract: [0m[1;92m[ [0m[0;91m56.20%[0m[1;92m ][0m
[1;93mExtract: [0m[1;92m[ [0m[0;91m56.22%[0m[1;92m ][0m
[1;93mExtract: [0m[1;92m[ [0m[0;91m56.25%[0m[1;92m ][0m
[1;93mExtract: [0m[1;92m[ [0m[0;91m56.28%[0m[1;92m ][0m
[1;93mExtract: [0m[1;92m[ [0m[0;91m56.31%[0m[1;92m ][0m
[1;93mExtract: [0m[1;92m[ [0m[0;91m56.33%[0m[1;92m ][0m
[1;93mExtract: [0m[1;92m[ [0m[0;91m56.36%[0m[1;92m ][0m
[1;93mExtract: [0m[1;92m[ [0m[0;91m56.39%[0m[1;92m ][0m
[1;93mExtract: [0m[1;92m[ [0m[0;91m56.41%[0m[1;92m ][0m
[1;93mExtract: [0m[1;92m[ [0m[0;91m56.44%[0m[1;92m ][0m
[1;93mExtract: [0m[1;92m[ [0m[0;91m56.47%[0m[1;92m ][0m
[1;93mExtract: [0m[1;92m[ [0m[0;91m56.49%[0m[1;92m ][0m
[1;93mExtract: [0m[1;92m[ [0m[0;91m56.52%[0m[1;92m ][0m
[1;93mExtract: [0m[1;92m[ [0m[0;91m56.55%[0m[1;92m ][0m
[1;93mExtract: [0m[1;92m[ [0m[0;91m56.58%[0m[1;92m ][0m
[1;93mExtract: [0m[1;92m[ [0m[0;91m56.60%[0m[1;92m ][0m
[1;93mExtract: [0m[1;92m[ [0m[0;91m56.63%[0m[1;92m ][0m
[1;93mExtract: [0m[1;92m[ [0m[0;91m56.66%[0m[1;92m ][0m
[1;93mExtract: [0m[1;92m[ [0m[0;91m56.68%[0m[1;92m ][0m
[1;93mExtract: [0m[1;92m[ [0m[0;91m56.71%[0m[1;92m ][0m
[1;93mExtract: [0m[1;92m[ [0m[0;91m56.74%[0m[1;92m ][0m
[1;93mExtract: [0m[1;92m[ [0m[0;91m56.76%[0m[1;92m ][0m
[1;93mExtract: [0m[1;92m[ [0m[0;91m56.79%[0m[1;92m ][0m
[1;93mExtract: [0m[1;92m[ [0m[0;91m56.82%[0m[1;92m ][0m
[1;93mExtract: [0m[1;92m[ [0m[0;91m56.85%[0m[1;92m ][0m
[1;93mExtract: [0m[1;92m[ [0m[0;91m56.87%[0m[1;92m ][0m
[1;93mExtract: [0m[1;92m[ [0m[0;91m56.90%[0m[1;92m ][0m
[1;93mExtract: [0m[1;92m[ [0m[0;91m56.93%[0m[1;92m ][0m
[1;93mExtract: [0m[1;92m[ [0m[0;91m56.95%[0m[1;92m ][0m
[1;93mExtract: [0m[1;92m[ [0m[0;91m56.98%[0m[1;92m ][0m
[1;93mExtract: [0m[1;92m[ [0m[0;91m57.01%[0m[1;92m ][0m
[1;93mExtract: [0m[1;92m[ [0m[0;91m57.03%[0m[1;92m ][0m
[1;93mExtract: [0m[1;92m[ [0m[0;91m57.06%[0m[1;92m ][0m
[1;93mExtract: [0m[1;92m[ [0m[0;91m57.09%[0m[1;92m ][0m
[1;93mExtract: [0m[1;92m[ [0m[0;91m57.12%[0m[1;92m ][0m
[1;93mExtract: [0m[1;92m[ [0m[0;91m57.14%[0m[1;92m ][0m
[1;93mExtract: [0m[1;92m[ [0m[0;91m57.17%[0m[1;92m ][0m
[1;93mExtract: [0m[1;92m[ [0m[0;91m57.20%[0m[1;92m ][0m
[1;93mExtract: [0m[1;92m[ [0m[0;91m57.22%[0m[1;92m ][0m
[1;93mExtract: [0m[1;92m[ [0m[0;91m57.25%[0m[1;92m ][0m
[1;93mExtract: [0m[1;92m[ [0m[0;91m57.28%[0m[1;92m ][0m
[1;93mExtract: [0m[1;92m[ [0m[0;91m57.30%[0m[1;92m ][0m
[1;93mExtract: [0m[1;92m[ [0m[0;91m57.33%[0m[1;92m ][0m
[1;93mExtract: [0m[1;92m[ [0m[0;91m57.36%[0m[1;92m ][0m
[1;93mExtract: [0m[1;92m[ [0m[0;91m57.39%[0m[1;92m ][0m
[1;93mExtract: [0m[1;92m[ [0m[0;91m57.41%[0m[1;92m ][0m
[1;93mExtract: [0m[1;92m[ [0m[0;91m57.44%[0m[1;92m ][0m
[1;93mExtract: [0m[1;92m[ [0m[0;91m57.47%[0m[1;92m ][0m
[1;93mExtract: [0m[1;92m[ [0m[0;91m57.49%[0m[1;92m ][0m
[1;93mExtract: [0m[1;92m[ [0m[0;91m57.52%[0m[1;92m ][0m
[1;93mExtract: [0m[1;92m[ [0m[0;91m57.55%[0m[1;92m ][0m
[1;93mExtract: [0m[1;92m[ [0m[0;91m57.57%[0m[1;92m ][0m
[1;93mExtract: [0m[1;92m[ [0m[0;91m57.60%[0m[1;92m ][0m
[1;93mExtract: [0m[1;92m[ [0m[0;91m57.63%[0m[1;92m ][0m
[1;93mExtract: [0m[1;92m[ [0m[0;91m57.66%[0m[1;92m ][0m
[1;93mExtract: [0m[1;92m[ [0m[0;91m57.68%[0m[1;92m ][0m
[1;93mExtract: [0m[1;92m[ [0m[0;91m57.71%[0m[1;92m ][0m
[1;93mExtract: [0m[1;92m[ [0m[0;91m57.74%[0m[1;92m ][0m
[1;93mExtract: [0m[1;92m[ [0m[0;91m57.76%[0m[1;92m ][0m
[1;93mExtract: [0m[1;92m[ [0m[0;91m57.79%[0m[1;92m ][0m
[1;93mExtract: [0m[1;92m[ [0m[0;91m57.82%[0m[1;92m ][0m
[1;93mExtract: [0m[1;92m[ [0m[0;91m57.84%[0m[1;92m ][0m
[1;93mExtract: [0m[1;92m[ [0m[0;91m57.87%[0m[1;92m ][0m
[1;93mExtract: [0m[1;92m[ [0m[0;91m57.90%[0m[1;92m ][0m
[1;93mExtract: [0m[1;92m[ [0m[0;91m57.93%[0m[1;92m ][0m
[1;93mExtract: [0m[1;92m[ [0m[0;91m57.95%[0m[1;92m ][0m
[1;93mExtract: [0m[1;92m[ [0m[0;91m57.98%[0m[1;92m ][0m
[1;93mExtract: [0m[1;92m[ [0m[0;91m58.01%[0m[1;92m ][0m
[1;93mExtract: [0m[1;92m[ [0m[0;91m58.03%[0m[1;92m ][0m
[1;93mExtract: [0m[1;92m[ [0m[0;91m58.06%[0m[1;92m ][0m
[1;93mExtract: [0m[1;92m[ [0m[0;91m58.09%[0m[1;92m ][0m
[1;93mExtract: [0m[1;92m[ [0m[0;91m58.12%[0m[1;92m ][0m
[1;93mExtract: [0m[1;92m[ [0m[0;91m58.14%[0m[1;92m ][0m
[1;93mExtract: [0m[1;92m[ [0m[0;91m58.17%[0m[1;92m ][0m
[1;93mExtract: [0m[1;92m[ [0m[0;91m58.20%[0m[1;92m ][0m
[1;93mExtract: [0m[1;92m[ [0m[0;91m58.22%[0m[1;92m ][0m
[1;93mExtract: [0m[1;92m[ [0m[0;91m58.25%[0m[1;92m ][0m
[1;93mExtract: [0m[1;92m[ [0m[0;91m58.28%[0m[1;92m ][0m
[1;93mExtract: [0m[1;92m[ [0m[0;91m58.30%[0m[1;92m ][0m
[1;93mExtract: [0m[1;92m[ [0m[0;91m58.33%[0m[1;92m ][0m
[1;93mExtract: [0m[1;92m[ [0m[0;91m58.36%[0m[1;92m ][0m
[1;93mExtract: [0m[1;92m[ [0m[0;91m58.39%[0m[1;92m ][0m
[1;93mExtract: [0m[1;92m[ [0m[0;91m58.41%[0m[1;92m ][0m
[1;93mExtract: [0m[1;92m[ [0m[0;91m58.44%[0m[1;92m ][0m
[1;93mExtract: [0m[1;92m[ [0m[0;91m58.47%[0m[1;92m ][0m
[1;93mExtract: [0m[1;92m[ [0m[0;91m58.49%[0m[1;92m ][0m
[1;93mExtract: [0m[1;92m[ [0m[0;91m58.52%[0m[1;92m ][0m
[1;93mExtract: [0m[1;92m[ [0m[0;91m58.55%[0m[1;92m ][0m
[1;93mExtract: [0m[1;92m[ [0m[0;91m58.57%[0m[1;92m ][0m
[1;93mExtract: [0m[1;92m[ [0m[0;91m58.60%[0m[1;92m ][0m
[1;93mExtract: [0m[1;92m[ [0m[0;91m58.63%[0m[1;92m ][0m
[1;93mExtract: [0m[1;92m[ [0m[0;91m58.66%[0m[1;92m ][0m
[1;93mExtract: [0m[1;92m[ [0m[0;91m58.68%[0m[1;92m ][0m
[1;93mExtract: [0m[1;92m[ [0m[0;91m58.71%[0m[1;92m ][0m
[1;93mExtract: [0m[1;92m[ [0m[0;91m58.74%[0m[1;92m ][0m
[1;93mExtract: [0m[1;92m[ [0m[0;91m58.76%[0m[1;92m ][0m
[1;93mExtract: [0m[1;92m[ [0m[0;91m58.79%[0m[1;92m ][0m
[1;93mExtract: [0m[1;92m[ [0m[0;91m58.82%[0m[1;92m ][0m
[1;93mExtract: [0m[1;92m[ [0m[0;91m58.84%[0m[1;92m ][0m
[1;93mExtract: [0m[1;92m[ [0m[0;91m58.87%[0m[1;92m ][0m
[1;93mExtract: [0m[1;92m[ [0m[0;91m58.90%[0m[1;92m ][0m
[1;93mExtract: [0m[1;92m[ [0m[0;91m58.93%[0m[1;92m ][0m
[1;93mExtract: [0m[1;92m[ [0m[0;91m58.95%[0m[1;92m ][0m
[1;93mExtract: [0m[1;92m[ [0m[0;91m58.98%[0m[1;92m ][0m
[1;93mExtract: [0m[1;92m[ [0m[0;91m59.01%[0m[1;92m ][0m
[1;93mExtract: [0m[1;92m[ [0m[0;91m59.03%[0m[1;92m ][0m
[1;93mExtract: [0m[1;92m[ [0m[0;91m59.06%[0m[1;92m ][0m
[1;93mExtract: [0m[1;92m[ [0m[0;91m59.09%[0m[1;92m ][0m
[1;93mExtract: [0m[1;92m[ [0m[0;91m59.11%[0m[1;92m ][0m
[1;93mExtract: [0m[1;92m[ [0m[0;91m59.14%[0m[1;92m ][0m
[1;93mExtract: [0m[1;92m[ [0m[0;91m59.17%[0m[1;92m ][0m
[1;93mExtract: [0m[1;92m[ [0m[0;91m59.20%[0m[1;92m ][0m
[1;93mExtract: [0m[1;92m[ [0m[0;91m59.22%[0m[1;92m ][0m
[1;93mExtract: [0m[1;92m[ [0m[0;91m59.25%[0m[1;92m ][0m
[1;93mExtract: [0m[1;92m[ [0m[0;91m59.28%[0m[1;92m ][0m
[1;93mExtract: [0m[1;92m[ [0m[0;91m59.30%[0m[1;92m ][0m
[1;93mExtract: [0m[1;92m[ [0m[0;91m59.33%[0m[1;92m ][0m
[1;93mExtract: [0m[1;92m[ [0m[0;91m59.36%[0m[1;92m ][0m
[1;93mExtract: [0m[1;92m[ [0m[0;91m59.38%[0m[1;92m ][0m
[1;93mExtract: [0m[1;92m[ [0m[0;91m59.41%[0m[1;92m ][0m
[1;93mExtract: [0m[1;92m[ [0m[0;91m59.44%[0m[1;92m ][0m
[1;93mExtract: [0m[1;92m[ [0m[0;91m59.47%[0m[1;92m ][0m
[1;93mExtract: [0m[1;92m[ [0m[0;91m59.49%[0m[1;92m ][0m
[1;93mExtract: [0m[1;92m[ [0m[0;91m59.52%[0m[1;92m ][0m
[1;93mExtract: [0m[1;92m[ [0m[0;91m59.55%[0m[1;92m ][0m
[1;93mExtract: [0m[1;92m[ [0m[0;91m59.57%[0m[1;92m ][0m
[1;93mExtract: [0m[1;92m[ [0m[0;91m59.60%[0m[1;92m ][0m
[1;93mExtract: [0m[1;92m[ [0m[0;91m59.63%[0m[1;92m ][0m
[1;93mExtract: [0m[1;92m[ [0m[0;91m59.65%[0m[1;92m ][0m
[1;93mExtract: [0m[1;92m[ [0m[0;91m59.68%[0m[1;92m ][0m
[1;93mExtract: [0m[1;92m[ [0m[0;91m59.71%[0m[1;92m ][0m
[1;93mExtract: [0m[1;92m[ [0m[0;91m59.74%[0m[1;92m ][0m
[1;93mExtract: [0m[1;92m[ [0m[0;91m59.76%[0m[1;92m ][0m
[1;93mExtract: [0m[1;92m[ [0m[0;91m59.79%[0m[1;92m ][0m
[1;93mExtract: [0m[1;92m[ [0m[0;91m59.82%[0m[1;92m ][0m
[1;93mExtract: [0m[1;92m[ [0m[0;91m59.84%[0m[1;92m ][0m
[1;93mExtract: [0m[1;92m[ [0m[0;91m59.87%[0m[1;92m ][0m
[1;93mExtract: [0m[1;92m[ [0m[0;91m59.90%[0m[1;92m ][0m
[1;93mExtract: [0m[1;92m[ [0m[0;91m59.92%[0m[1;92m ][0m
[1;93mExtract: [0m[1;92m[ [0m[0;91m59.95%[0m[1;92m ][0m
[1;93mExtract: [0m[1;92m[ [0m[0;91m59.98%[0m[1;92m ][0m
[1;93mExtract: [0m[1;92m[ [0m[0;91m60.01%[0m[1;92m ][0m
[1;93mExtract: [0m[1;92m[ [0m[0;91m60.03%[0m[1;92m ][0m
[1;93mExtract: [0m[1;92m[ [0m[0;91m60.06%[0m[1;92m ][0m
[1;93mExtract: [0m[1;92m[ [0m[0;91m60.09%[0m[1;92m ][0m
[1;93mExtract: [0m[1;92m[ [0m[0;91m60.11%[0m[1;92m ][0m
[1;93mExtract: [0m[1;92m[ [0m[0;91m60.14%[0m[1;92m ][0m
[1;93mExtract: [0m[1;92m[ [0m[0;91m60.17%[0m[1;92m ][0m
[1;93mExtract: [0m[1;92m[ [0m[0;91m60.19%[0m[1;92m ][0m
[1;93mExtract: [0m[1;92m[ [0m[0;91m60.22%[0m[1;92m ][0m
[1;93mExtract: [0m[1;92m[ [0m[0;91m60.25%[0m[1;92m ][0m
[1;93mExtract: [0m[1;92m[ [0m[0;91m60.28%[0m[1;92m ][0m
[1;93mExtract: [0m[1;92m[ [0m[0;91m60.30%[0m[1;92m ][0m
[1;93mExtract: [0m[1;92m[ [0m[0;91m60.33%[0m[1;92m ][0m
[1;93mExtract: [0m[1;92m[ [0m[0;91m60.36%[0m[1;92m ][0m
[1;93mExtract: [0m[1;92m[ [0m[0;91m60.38%[0m[1;92m ][0m
[1;93mExtract: [0m[1;92m[ [0m[0;91m60.41%[0m[1;92m ][0m
[1;93mExtract: [0m[1;92m[ [0m[0;91m60.44%[0m[1;92m ][0m
[1;93mExtract: [0m[1;92m[ [0m[0;91m60.46%[0m[1;92m ][0m
[1;93mExtract: [0m[1;92m[ [0m[0;91m60.49%[0m[1;92m ][0m
[1;93mExtract: [0m[1;92m[ [0m[0;91m60.52%[0m[1;92m ][0m
[1;93mExtract: [0m[1;92m[ [0m[0;91m60.55%[0m[1;92m ][0m
[1;93mExtract: [0m[1;92m[ [0m[0;91m60.57%[0m[1;92m ][0m
[1;93mExtract: [0m[1;92m[ [0m[0;91m60.60%[0m[1;92m ][0m
[1;93mExtract: [0m[1;92m[ [0m[0;91m60.63%[0m[1;92m ][0m
[1;93mExtract: [0m[1;92m[ [0m[0;91m60.65%[0m[1;92m ][0m
[1;93mExtract: [0m[1;92m[ [0m[0;91m60.68%[0m[1;92m ][0m
[1;93mExtract: [0m[1;92m[ [0m[0;91m60.71%[0m[1;92m ][0m
[1;93mExtract: [0m[1;92m[ [0m[0;91m60.73%[0m[1;92m ][0m
[1;93mExtract: [0m[1;92m[ [0m[0;91m60.76%[0m[1;92m ][0m
[1;93mExtract: [0m[1;92m[ [0m[0;91m60.79%[0m[1;92m ][0m
[1;93mExtract: [0m[1;92m[ [0m[0;91m60.82%[0m[1;92m ][0m
[1;93mExtract: [0m[1;92m[ [0m[0;91m60.84%[0m[1;92m ][0m
[1;93mExtract: [0m[1;92m[ [0m[0;91m60.87%[0m[1;92m ][0m
[1;93mExtract: [0m[1;92m[ [0m[0;91m60.90%[0m[1;92m ][0m
[1;93mExtract: [0m[1;92m[ [0m[0;91m60.92%[0m[1;92m ][0m
[1;93mExtract: [0m[1;92m[ [0m[0;91m60.95%[0m[1;92m ][0m
[1;93mExtract: [0m[1;92m[ [0m[0;91m60.98%[0m[1;92m ][0m
[1;93mExtract: [0m[1;92m[ [0m[0;91m61.00%[0m[1;92m ][0m
[1;93mExtract: [0m[1;92m[ [0m[0;91m61.03%[0m[1;92m ][0m
[1;93mExtract: [0m[1;92m[ [0m[0;91m61.06%[0m[1;92m ][0m
[1;93mExtract: [0m[1;92m[ [0m[0;91m61.09%[0m[1;92m ][0m
[1;93mExtract: [0m[1;92m[ [0m[0;91m61.11%[0m[1;92m ][0m
[1;93mExtract: [0m[1;92m[ [0m[0;91m61.14%[0m[1;92m ][0m
[1;93mExtract: [0m[1;92m[ [0m[0;91m61.17%[0m[1;92m ][0m
[1;93mExtract: [0m[1;92m[ [0m[0;91m61.19%[0m[1;92m ][0m
[1;93mExtract: [0m[1;92m[ [0m[0;91m61.22%[0m[1;92m ][0m
[1;93mExtract: [0m[1;92m[ [0m[0;91m61.25%[0m[1;92m ][0m
[1;93mExtract: [0m[1;92m[ [0m[0;91m61.27%[0m[1;92m ][0m
[1;93mExtract: [0m[1;92m[ [0m[0;91m61.30%[0m[1;92m ][0m
[1;93mExtract: [0m[1;92m[ [0m[0;91m61.33%[0m[1;92m ][0m
[1;93mExtract: [0m[1;92m[ [0m[0;91m61.36%[0m[1;92m ][0m
[1;93mExtract: [0m[1;92m[ [0m[0;91m61.38%[0m[1;92m ][0m
[1;93mExtract: [0m[1;92m[ [0m[0;91m61.41%[0m[1;92m ][0m
[1;93mExtract: [0m[1;92m[ [0m[0;91m61.44%[0m[1;92m ][0m
[1;93mExtract: [0m[1;92m[ [0m[0;91m61.46%[0m[1;92m ][0m
[1;93mExtract: [0m[1;92m[ [0m[0;91m61.49%[0m[1;92m ][0m
[1;93mExtract: [0m[1;92m[ [0m[0;91m61.52%[0m[1;92m ][0m
[1;93mExtract: [0m[1;92m[ [0m[0;91m61.54%[0m[1;92m ][0m
[1;93mExtract: [0m[1;92m[ [0m[0;91m61.57%[0m[1;92m ][0m
[1;93mExtract: [0m[1;92m[ [0m[0;91m61.60%[0m[1;92m ][0m
[1;93mExtract: [0m[1;92m[ [0m[0;91m61.63%[0m[1;92m ][0m
[1;93mExtract: [0m[1;92m[ [0m[0;91m61.65%[0m[1;92m ][0m
[1;93mExtract: [0m[1;92m[ [0m[0;91m61.68%[0m[1;92m ][0m
[1;93mExtract: [0m[1;92m[ [0m[0;91m61.71%[0m[1;92m ][0m
[1;93mExtract: [0m[1;92m[ [0m[0;91m61.73%[0m[1;92m ][0m
[1;93mExtract: [0m[1;92m[ [0m[0;91m61.76%[0m[1;92m ][0m
[1;93mExtract: [0m[1;92m[ [0m[0;91m61.79%[0m[1;92m ][0m
[1;93mExtract: [0m[1;92m[ [0m[0;91m61.81%[0m[1;92m ][0m
[1;93mExtract: [0m[1;92m[ [0m[0;91m61.84%[0m[1;92m ][0m
[1;93mExtract: [0m[1;92m[ [0m[0;91m61.87%[0m[1;92m ][0m
[1;93mExtract: [0m[1;92m[ [0m[0;91m61.90%[0m[1;92m ][0m
[1;93mExtract: [0m[1;92m[ [0m[0;91m61.92%[0m[1;92m ][0m
[1;93mExtract: [0m[1;92m[ [0m[0;91m61.95%[0m[1;92m ][0m
[1;93mExtract: [0m[1;92m[ [0m[0;91m61.98%[0m[1;92m ][0m
[1;93mExtract: [0m[1;92m[ [0m[0;91m62.00%[0m[1;92m ][0m
[1;93mExtract: [0m[1;92m[ [0m[0;91m62.03%[0m[1;92m ][0m
[1;93mExtract: [0m[1;92m[ [0m[0;91m62.06%[0m[1;92m ][0m
[1;93mExtract: [0m[1;92m[ [0m[0;91m62.08%[0m[1;92m ][0m
[1;93mExtract: [0m[1;92m[ [0m[0;91m62.11%[0m[1;92m ][0m
[1;93mExtract: [0m[1;92m[ [0m[0;91m62.14%[0m[1;92m ][0m
[1;93mExtract: [0m[1;92m[ [0m[0;91m62.17%[0m[1;92m ][0m
[1;93mExtract: [0m[1;92m[ [0m[0;91m62.19%[0m[1;92m ][0m
[1;93mExtract: [0m[1;92m[ [0m[0;91m62.22%[0m[1;92m ][0m
[1;93mExtract: [0m[1;92m[ [0m[0;91m62.25%[0m[1;92m ][0m
[1;93mExtract: [0m[1;92m[ [0m[0;91m62.27%[0m[1;92m ][0m
[1;93mExtract: [0m[1;92m[ [0m[0;91m62.30%[0m[1;92m ][0m
[1;93mExtract: [0m[1;92m[ [0m[0;91m62.33%[0m[1;92m ][0m
[1;93mExtract: [0m[1;92m[ [0m[0;91m62.35%[0m[1;92m ][0m
[1;93mExtract: [0m[1;92m[ [0m[0;91m62.38%[0m[1;92m ][0m
[1;93mExtract: [0m[1;92m[ [0m[0;91m62.41%[0m[1;92m ][0m
[1;93mExtract: [0m[1;92m[ [0m[0;91m62.44%[0m[1;92m ][0m
[1;93mExtract: [0m[1;92m[ [0m[0;91m62.46%[0m[1;92m ][0m
[1;93mExtract: [0m[1;92m[ [0m[0;91m62.49%[0m[1;92m ][0m
[1;93mExtract: [0m[1;92m[ [0m[0;91m62.52%[0m[1;92m ][0m
[1;93mExtract: [0m[1;92m[ [0m[0;91m62.54%[0m[1;92m ][0m
[1;93mExtract: [0m[1;92m[ [0m[0;91m62.57%[0m[1;92m ][0m
[1;93mExtract: [0m[1;92m[ [0m[0;91m62.60%[0m[1;92m ][0m
[1;93mExtract: [0m[1;92m[ [0m[0;91m62.62%[0m[1;92m ][0m
[1;93mExtract: [0m[1;92m[ [0m[0;91m62.65%[0m[1;92m ][0m
[1;93mExtract: [0m[1;92m[ [0m[0;91m62.68%[0m[1;92m ][0m
[1;93mExtract: [0m[1;92m[ [0m[0;91m62.71%[0m[1;92m ][0m
[1;93mExtract: [0m[1;92m[ [0m[0;91m62.73%[0m[1;92m ][0m
[1;93mExtract: [0m[1;92m[ [0m[0;91m62.76%[0m[1;92m ][0m
[1;93mExtract: [0m[1;92m[ [0m[0;91m62.79%[0m[1;92m ][0m
[1;93mExtract: [0m[1;92m[ [0m[0;91m62.81%[0m[1;92m ][0m
[1;93mExtract: [0m[1;92m[ [0m[0;91m62.84%[0m[1;92m ][0m
[1;93mExtract: [0m[1;92m[ [0m[0;91m62.87%[0m[1;92m ][0m
[1;93mExtract: [0m[1;92m[ [0m[0;91m62.89%[0m[1;92m ][0m
[1;93mExtract: [0m[1;92m[ [0m[0;91m62.92%[0m[1;92m ][0m
[1;93mExtract: [0m[1;92m[ [0m[0;91m62.95%[0m[1;92m ][0m
[1;93mExtract: [0m[1;92m[ [0m[0;91m62.98%[0m[1;92m ][0m
[1;93mExtract: [0m[1;92m[ [0m[0;91m63.00%[0m[1;92m ][0m
[1;93mExtract: [0m[1;92m[ [0m[0;91m63.03%[0m[1;92m ][0m
[1;93mExtract: [0m[1;92m[ [0m[0;91m63.06%[0m[1;92m ][0m
[1;93mExtract: [0m[1;92m[ [0m[0;91m63.08%[0m[1;92m ][0m
[1;93mExtract: [0m[1;92m[ [0m[0;91m63.11%[0m[1;92m ][0m
[1;93mExtract: [0m[1;92m[ [0m[0;91m63.14%[0m[1;92m ][0m
[1;93mExtract: [0m[1;92m[ [0m[0;91m63.17%[0m[1;92m ][0m
[1;93mExtract: [0m[1;92m[ [0m[0;91m63.19%[0m[1;92m ][0m
[1;93mExtract: [0m[1;92m[ [0m[0;91m63.22%[0m[1;92m ][0m
[1;93mExtract: [0m[1;92m[ [0m[0;91m63.25%[0m[1;92m ][0m
[1;93mExtract: [0m[1;92m[ [0m[0;91m63.27%[0m[1;92m ][0m
[1;93mExtract: [0m[1;92m[ [0m[0;91m63.30%[0m[1;92m ][0m
[1;93mExtract: [0m[1;92m[ [0m[0;91m63.33%[0m[1;92m ][0m
[1;93mExtract: [0m[1;92m[ [0m[0;91m63.35%[0m[1;92m ][0m
[1;93mExtract: [0m[1;92m[ [0m[0;91m63.38%[0m[1;92m ][0m
[1;93mExtract: [0m[1;92m[ [0m[0;91m63.41%[0m[1;92m ][0m
[1;93mExtract: [0m[1;92m[ [0m[0;91m63.44%[0m[1;92m ][0m
[1;93mExtract: [0m[1;92m[ [0m[0;91m63.46%[0m[1;92m ][0m
[1;93mExtract: [0m[1;92m[ [0m[0;91m63.49%[0m[1;92m ][0m
[1;93mExtract: [0m[1;92m[ [0m[0;91m63.52%[0m[1;92m ][0m
[1;93mExtract: [0m[1;92m[ [0m[0;91m63.54%[0m[1;92m ][0m
[1;93mExtract: [0m[1;92m[ [0m[0;91m63.57%[0m[1;92m ][0m
[1;93mExtract: [0m[1;92m[ [0m[0;91m63.60%[0m[1;92m ][0m
[1;93mExtract: [0m[1;92m[ [0m[0;91m63.62%[0m[1;92m ][0m
[1;93mExtract: [0m[1;92m[ [0m[0;91m63.65%[0m[1;92m ][0m
[1;93mExtract: [0m[1;92m[ [0m[0;91m63.68%[0m[1;92m ][0m
[1;93mExtract: [0m[1;92m[ [0m[0;91m63.71%[0m[1;92m ][0m
[1;93mExtract: [0m[1;92m[ [0m[0;91m63.73%[0m[1;92m ][0m
[1;93mExtract: [0m[1;92m[ [0m[0;91m63.76%[0m[1;92m ][0m
[1;93mExtract: [0m[1;92m[ [0m[0;91m63.79%[0m[1;92m ][0m
[1;93mExtract: [0m[1;92m[ [0m[0;91m63.81%[0m[1;92m ][0m
[1;93mExtract: [0m[1;92m[ [0m[0;91m63.84%[0m[1;92m ][0m
[1;93mExtract: [0m[1;92m[ [0m[0;91m63.87%[0m[1;92m ][0m
[1;93mExtract: [0m[1;92m[ [0m[0;91m63.89%[0m[1;92m ][0m
[1;93mExtract: [0m[1;92m[ [0m[0;91m63.92%[0m[1;92m ][0m
[1;93mExtract: [0m[1;92m[ [0m[0;91m63.95%[0m[1;92m ][0m
[1;93mExtract: [0m[1;92m[ [0m[0;91m63.98%[0m[1;92m ][0m
[1;93mExtract: [0m[1;92m[ [0m[0;91m64.00%[0m[1;92m ][0m
[1;93mExtract: [0m[1;92m[ [0m[0;91m64.03%[0m[1;92m ][0m
[1;93mExtract: [0m[1;92m[ [0m[0;91m64.06%[0m[1;92m ][0m
[1;93mExtract: [0m[1;92m[ [0m[0;91m64.08%[0m[1;92m ][0m
[1;93mExtract: [0m[1;92m[ [0m[0;91m64.11%[0m[1;92m ][0m
[1;93mExtract: [0m[1;92m[ [0m[0;91m64.14%[0m[1;92m ][0m
[1;93mExtract: [0m[1;92m[ [0m[0;91m64.16%[0m[1;92m ][0m
[1;93mExtract: [0m[1;92m[ [0m[0;91m64.19%[0m[1;92m ][0m
[1;93mExtract: [0m[1;92m[ [0m[0;91m64.22%[0m[1;92m ][0m
[1;93mExtract: [0m[1;92m[ [0m[0;91m64.25%[0m[1;92m ][0m
[1;93mExtract: [0m[1;92m[ [0m[0;91m64.27%[0m[1;92m ][0m
[1;93mExtract: [0m[1;92m[ [0m[0;91m64.30%[0m[1;92m ][0m
[1;93mExtract: [0m[1;92m[ [0m[0;91m64.33%[0m[1;92m ][0m
[1;93mExtract: [0m[1;92m[ [0m[0;91m64.35%[0m[1;92m ][0m
[1;93mExtract: [0m[1;92m[ [0m[0;91m64.38%[0m[1;92m ][0m
[1;93mExtract: [0m[1;92m[ [0m[0;91m64.41%[0m[1;92m ][0m
[1;93mExtract: [0m[1;92m[ [0m[0;91m64.43%[0m[1;92m ][0m
[1;93mExtract: [0m[1;92m[ [0m[0;91m64.46%[0m[1;92m ][0m
[1;93mExtract: [0m[1;92m[ [0m[0;91m64.49%[0m[1;92m ][0m
[1;93mExtract: [0m[1;92m[ [0m[0;91m64.52%[0m[1;92m ][0m
[1;93mExtract: [0m[1;92m[ [0m[0;91m64.54%[0m[1;92m ][0m
[1;93mExtract: [0m[1;92m[ [0m[0;91m64.57%[0m[1;92m ][0m
[1;93mExtract: [0m[1;92m[ [0m[0;91m64.60%[0m[1;92m ][0m
[1;93mExtract: [0m[1;92m[ [0m[0;91m64.62%[0m[1;92m ][0m
[1;93mExtract: [0m[1;92m[ [0m[0;91m64.65%[0m[1;92m ][0m
[1;93mExtract: [0m[1;92m[ [0m[0;91m64.68%[0m[1;92m ][0m
[1;93mExtract: [0m[1;92m[ [0m[0;91m64.70%[0m[1;92m ][0m
[1;93mExtract: [0m[1;92m[ [0m[0;91m64.73%[0m[1;92m ][0m
[1;93mExtract: [0m[1;92m[ [0m[0;91m64.76%[0m[1;92m ][0m
[1;93mExtract: [0m[1;92m[ [0m[0;91m64.79%[0m[1;92m ][0m
[1;93mExtract: [0m[1;92m[ [0m[0;91m64.81%[0m[1;92m ][0m
[1;93mExtract: [0m[1;92m[ [0m[0;91m64.84%[0m[1;92m ][0m
[1;93mExtract: [0m[1;92m[ [0m[0;91m64.87%[0m[1;92m ][0m
[1;93mExtract: [0m[1;92m[ [0m[0;91m64.89%[0m[1;92m ][0m
[1;93mExtract: [0m[1;92m[ [0m[0;91m64.92%[0m[1;92m ][0m
[1;93mExtract: [0m[1;92m[ [0m[0;91m64.95%[0m[1;92m ][0m
[1;93mExtract: [0m[1;92m[ [0m[0;91m64.97%[0m[1;92m ][0m
[1;93mExtract: [0m[1;92m[ [0m[0;91m65.00%[0m[1;92m ][0m
[1;93mExtract: [0m[1;92m[ [0m[0;91m65.03%[0m[1;92m ][0m
[1;93mExtract: [0m[1;92m[ [0m[0;91m65.06%[0m[1;92m ][0m
[1;93mExtract: [0m[1;92m[ [0m[0;91m65.08%[0m[1;92m ][0m
[1;93mExtract: [0m[1;92m[ [0m[0;91m65.11%[0m[1;92m ][0m
[1;93mExtract: [0m[1;92m[ [0m[0;91m65.14%[0m[1;92m ][0m
[1;93mExtract: [0m[1;92m[ [0m[0;91m65.16%[0m[1;92m ][0m
[1;93mExtract: [0m[1;92m[ [0m[0;91m65.19%[0m[1;92m ][0m
[1;93mExtract: [0m[1;92m[ [0m[0;91m65.22%[0m[1;92m ][0m
[1;93mExtract: [0m[1;92m[ [0m[0;91m65.24%[0m[1;92m ][0m
[1;93mExtract: [0m[1;92m[ [0m[0;91m65.27%[0m[1;92m ][0m
[1;93mExtract: [0m[1;92m[ [0m[0;91m65.30%[0m[1;92m ][0m
[1;93mExtract: [0m[1;92m[ [0m[0;91m65.33%[0m[1;92m ][0m
[1;93mExtract: [0m[1;92m[ [0m[0;91m65.35%[0m[1;92m ][0m
[1;93mExtract: [0m[1;92m[ [0m[0;91m65.38%[0m[1;92m ][0m
[1;93mExtract: [0m[1;92m[ [0m[0;91m65.41%[0m[1;92m ][0m
[1;93mExtract: [0m[1;92m[ [0m[0;91m65.43%[0m[1;92m ][0m
[1;93mExtract: [0m[1;92m[ [0m[0;91m65.46%[0m[1;92m ][0m
[1;93mExtract: [0m[1;92m[ [0m[0;91m65.49%[0m[1;92m ][0m
[1;93mExtract: [0m[1;92m[ [0m[0;91m65.51%[0m[1;92m ][0m
[1;93mExtract: [0m[1;92m[ [0m[0;91m65.54%[0m[1;92m ][0m
[1;93mExtract: [0m[1;92m[ [0m[0;91m65.57%[0m[1;92m ][0m
[1;93mExtract: [0m[1;92m[ [0m[0;91m65.60%[0m[1;92m ][0m
[1;93mExtract: [0m[1;92m[ [0m[0;91m65.62%[0m[1;92m ][0m
[1;93mExtract: [0m[1;92m[ [0m[0;91m65.65%[0m[1;92m ][0m
[1;93mExtract: [0m[1;92m[ [0m[0;91m65.68%[0m[1;92m ][0m
[1;93mExtract: [0m[1;92m[ [0m[0;91m65.70%[0m[1;92m ][0m
[1;93mExtract: [0m[1;92m[ [0m[0;91m65.73%[0m[1;92m ][0m
[1;93mExtract: [0m[1;92m[ [0m[0;91m65.76%[0m[1;92m ][0m
[1;93mExtract: [0m[1;92m[ [0m[0;91m65.78%[0m[1;92m ][0m
[1;93mExtract: [0m[1;92m[ [0m[0;91m65.81%[0m[1;92m ][0m
[1;93mExtract: [0m[1;92m[ [0m[0;91m65.84%[0m[1;92m ][0m
[1;93mExtract: [0m[1;92m[ [0m[0;91m65.87%[0m[1;92m ][0m
[1;93mExtract: [0m[1;92m[ [0m[0;91m65.89%[0m[1;92m ][0m
[1;93mExtract: [0m[1;92m[ [0m[0;91m65.92%[0m[1;92m ][0m
[1;93mExtract: [0m[1;92m[ [0m[0;91m65.95%[0m[1;92m ][0m
[1;93mExtract: [0m[1;92m[ [0m[0;91m65.97%[0m[1;92m ][0m
[1;93mExtract: [0m[1;92m[ [0m[0;91m66.00%[0m[1;92m ][0m
[1;93mExtract: [0m[1;92m[ [0m[0;91m66.03%[0m[1;92m ][0m
[1;93mExtract: [0m[1;92m[ [0m[0;91m66.05%[0m[1;92m ][0m
[1;93mExtract: [0m[1;92m[ [0m[0;91m66.08%[0m[1;92m ][0m
[1;93mExtract: [0m[1;92m[ [0m[0;91m66.11%[0m[1;92m ][0m
[1;93mExtract: [0m[1;92m[ [0m[0;91m66.14%[0m[1;92m ][0m
[1;93mExtract: [0m[1;92m[ [0m[0;91m66.16%[0m[1;92m ][0m
[1;93mExtract: [0m[1;92m[ [0m[0;91m66.19%[0m[1;92m ][0m
[1;93mExtract: [0m[1;92m[ [0m[0;91m66.22%[0m[1;92m ][0m
[1;93mExtract: [0m[1;92m[ [0m[0;91m66.24%[0m[1;92m ][0m
[1;93mExtract: [0m[1;92m[ [0m[0;91m66.27%[0m[1;92m ][0m
[1;93mExtract: [0m[1;92m[ [0m[0;91m66.30%[0m[1;92m ][0m
[1;93mExtract: [0m[1;92m[ [0m[0;91m66.32%[0m[1;92m ][0m
[1;93mExtract: [0m[1;92m[ [0m[0;91m66.35%[0m[1;92m ][0m
[1;93mExtract: [0m[1;92m[ [0m[0;91m66.38%[0m[1;92m ][0m
[1;93mExtract: [0m[1;92m[ [0m[0;91m66.41%[0m[1;92m ][0m
[1;93mExtract: [0m[1;92m[ [0m[0;91m66.43%[0m[1;92m ][0m
[1;93mExtract: [0m[1;92m[ [0m[0;91m66.46%[0m[1;92m ][0m
[1;93mExtract: [0m[1;92m[ [0m[0;91m66.49%[0m[1;92m ][0m
[1;93mExtract: [0m[1;92m[ [0m[0;91m66.51%[0m[1;92m ][0m
[1;93mExtract: [0m[1;92m[ [0m[0;91m66.54%[0m[1;92m ][0m
[1;93mExtract: [0m[1;92m[ [0m[0;91m66.57%[0m[1;92m ][0m
[1;93mExtract: [0m[1;92m[ [0m[0;91m66.59%[0m[1;92m ][0m
[1;93mExtract: [0m[1;92m[ [0m[0;91m66.62%[0m[1;92m ][0m
[1;93mExtract: [0m[1;92m[ [0m[0;91m66.65%[0m[1;92m ][0m
[1;93mExtract: [0m[1;92m[ [0m[0;91m66.68%[0m[1;92m ][0m
[1;93mExtract: [0m[1;92m[ [0m[0;91m66.70%[0m[1;92m ][0m
[1;93mExtract: [0m[1;92m[ [0m[0;91m66.73%[0m[1;92m ][0m
[1;93mExtract: [0m[1;92m[ [0m[0;91m66.76%[0m[1;92m ][0m
[1;93mExtract: [0m[1;92m[ [0m[0;91m66.78%[0m[1;92m ][0m
[1;93mExtract: [0m[1;92m[ [0m[0;91m66.81%[0m[1;92m ][0m
[1;93mExtract: [0m[1;92m[ [0m[0;91m66.84%[0m[1;92m ][0m
[1;93mExtract: [0m[1;92m[ [0m[0;91m66.86%[0m[1;92m ][0m
[1;93mExtract: [0m[1;92m[ [0m[0;91m66.89%[0m[1;92m ][0m
[1;93mExtract: [0m[1;92m[ [0m[0;91m66.92%[0m[1;92m ][0m
[1;93mExtract: [0m[1;92m[ [0m[0;91m66.95%[0m[1;92m ][0m
[1;93mExtract: [0m[1;92m[ [0m[0;91m66.97%[0m[1;92m ][0m
[1;93mExtract: [0m[1;92m[ [0m[0;91m67.00%[0m[1;92m ][0m
[1;93mExtract: [0m[1;92m[ [0m[0;91m67.03%[0m[1;92m ][0m
[1;93mExtract: [0m[1;92m[ [0m[0;91m67.05%[0m[1;92m ][0m
[1;93mExtract: [0m[1;92m[ [0m[0;91m67.08%[0m[1;92m ][0m
[1;93mExtract: [0m[1;92m[ [0m[0;91m67.11%[0m[1;92m ][0m
[1;93mExtract: [0m[1;92m[ [0m[0;91m67.13%[0m[1;92m ][0m
[1;93mExtract: [0m[1;92m[ [0m[0;91m67.16%[0m[1;92m ][0m
[1;93mExtract: [0m[1;92m[ [0m[0;91m67.19%[0m[1;92m ][0m
[1;93mExtract: [0m[1;92m[ [0m[0;91m67.22%[0m[1;92m ][0m
[1;93mExtract: [0m[1;92m[ [0m[0;91m67.24%[0m[1;92m ][0m
[1;93mExtract: [0m[1;92m[ [0m[0;91m67.27%[0m[1;92m ][0m
[1;93mExtract: [0m[1;92m[ [0m[0;91m67.30%[0m[1;92m ][0m
[1;93mExtract: [0m[1;92m[ [0m[0;91m67.32%[0m[1;92m ][0m
[1;93mExtract: [0m[1;92m[ [0m[0;91m67.35%[0m[1;92m ][0m
[1;93mExtract: [0m[1;92m[ [0m[0;91m67.38%[0m[1;92m ][0m
[1;93mExtract: [0m[1;92m[ [0m[0;91m67.40%[0m[1;92m ][0m
[1;93mExtract: [0m[1;92m[ [0m[0;91m67.43%[0m[1;92m ][0m
[1;93mExtract: [0m[1;92m[ [0m[0;91m67.46%[0m[1;92m ][0m
[1;93mExtract: [0m[1;92m[ [0m[0;91m67.49%[0m[1;92m ][0m
[1;93mExtract: [0m[1;92m[ [0m[0;91m67.51%[0m[1;92m ][0m
[1;93mExtract: [0m[1;92m[ [0m[0;91m67.54%[0m[1;92m ][0m
[1;93mExtract: [0m[1;92m[ [0m[0;91m67.57%[0m[1;92m ][0m
[1;93mExtract: [0m[1;92m[ [0m[0;91m67.59%[0m[1;92m ][0m
[1;93mExtract: [0m[1;92m[ [0m[0;91m67.62%[0m[1;92m ][0m
[1;93mExtract: [0m[1;92m[ [0m[0;91m67.65%[0m[1;92m ][0m
[1;93mExtract: [0m[1;92m[ [0m[0;91m67.67%[0m[1;92m ][0m
[1;93mExtract: [0m[1;92m[ [0m[0;91m67.70%[0m[1;92m ][0m
[1;93mExtract: [0m[1;92m[ [0m[0;91m67.73%[0m[1;92m ][0m
[1;93mExtract: [0m[1;92m[ [0m[0;91m67.76%[0m[1;92m ][0m
[1;93mExtract: [0m[1;92m[ [0m[0;91m67.78%[0m[1;92m ][0m
[1;93mExtract: [0m[1;92m[ [0m[0;91m67.81%[0m[1;92m ][0m
[1;93mExtract: [0m[1;92m[ [0m[0;91m67.84%[0m[1;92m ][0m
[1;93mExtract: [0m[1;92m[ [0m[0;91m67.86%[0m[1;92m ][0m
[1;93mExtract: [0m[1;92m[ [0m[0;91m67.89%[0m[1;92m ][0m
[1;93mExtract: [0m[1;92m[ [0m[0;91m67.92%[0m[1;92m ][0m
[1;93mExtract: [0m[1;92m[ [0m[0;91m67.94%[0m[1;92m ][0m
[1;93mExtract: [0m[1;92m[ [0m[0;91m67.97%[0m[1;92m ][0m
[1;93mExtract: [0m[1;92m[ [0m[0;91m68.00%[0m[1;92m ][0m
[1;93mExtract: [0m[1;92m[ [0m[0;91m68.03%[0m[1;92m ][0m
[1;93mExtract: [0m[1;92m[ [0m[0;91m68.05%[0m[1;92m ][0m
[1;93mExtract: [0m[1;92m[ [0m[0;91m68.08%[0m[1;92m ][0m
[1;93mExtract: [0m[1;92m[ [0m[0;91m68.11%[0m[1;92m ][0m
[1;93mExtract: [0m[1;92m[ [0m[0;91m68.13%[0m[1;92m ][0m
[1;93mExtract: [0m[1;92m[ [0m[0;91m68.16%[0m[1;92m ][0m
[1;93mExtract: [0m[1;92m[ [0m[0;91m68.19%[0m[1;92m ][0m
[1;93mExtract: [0m[1;92m[ [0m[0;91m68.21%[0m[1;92m ][0m
[1;93mExtract: [0m[1;92m[ [0m[0;91m68.24%[0m[1;92m ][0m
[1;93mExtract: [0m[1;92m[ [0m[0;91m68.27%[0m[1;92m ][0m
[1;93mExtract: [0m[1;92m[ [0m[0;91m68.30%[0m[1;92m ][0m
[1;93mExtract: [0m[1;92m[ [0m[0;91m68.32%[0m[1;92m ][0m
[1;93mExtract: [0m[1;92m[ [0m[0;91m68.35%[0m[1;92m ][0m
[1;93mExtract: [0m[1;92m[ [0m[0;91m68.38%[0m[1;92m ][0m
[1;93mExtract: [0m[1;92m[ [0m[0;91m68.40%[0m[1;92m ][0m
[1;93mExtract: [0m[1;92m[ [0m[0;91m68.43%[0m[1;92m ][0m
[1;93mExtract: [0m[1;92m[ [0m[0;91m68.46%[0m[1;92m ][0m
[1;93mExtract: [0m[1;92m[ [0m[0;91m68.49%[0m[1;92m ][0m
[1;93mExtract: [0m[1;92m[ [0m[0;91m68.51%[0m[1;92m ][0m
[1;93mExtract: [0m[1;92m[ [0m[0;91m68.54%[0m[1;92m ][0m
[1;93mExtract: [0m[1;92m[ [0m[0;91m68.57%[0m[1;92m ][0m
[1;93mExtract: [0m[1;92m[ [0m[0;91m68.59%[0m[1;92m ][0m
[1;93mExtract: [0m[1;92m[ [0m[0;91m68.62%[0m[1;92m ][0m
[1;93mExtract: [0m[1;92m[ [0m[0;91m68.65%[0m[1;92m ][0m
[1;93mExtract: [0m[1;92m[ [0m[0;91m68.67%[0m[1;92m ][0m
[1;93mExtract: [0m[1;92m[ [0m[0;91m68.70%[0m[1;92m ][0m
[1;93mExtract: [0m[1;92m[ [0m[0;91m68.73%[0m[1;92m ][0m
[1;93mExtract: [0m[1;92m[ [0m[0;91m68.76%[0m[1;92m ][0m
[1;93mExtract: [0m[1;92m[ [0m[0;91m68.78%[0m[1;92m ][0m
[1;93mExtract: [0m[1;92m[ [0m[0;91m68.81%[0m[1;92m ][0m
[1;93mExtract: [0m[1;92m[ [0m[0;91m68.84%[0m[1;92m ][0m
[1;93mExtract: [0m[1;92m[ [0m[0;91m68.86%[0m[1;92m ][0m
[1;93mExtract: [0m[1;92m[ [0m[0;91m68.89%[0m[1;92m ][0m
[1;93mExtract: [0m[1;92m[ [0m[0;91m68.92%[0m[1;92m ][0m
[1;93mExtract: [0m[1;92m[ [0m[0;91m68.94%[0m[1;92m ][0m
[1;93mExtract: [0m[1;92m[ [0m[0;91m68.97%[0m[1;92m ][0m
[1;93mExtract: [0m[1;92m[ [0m[0;91m69.00%[0m[1;92m ][0m
[1;93mExtract: [0m[1;92m[ [0m[0;91m69.03%[0m[1;92m ][0m
[1;93mExtract: [0m[1;92m[ [0m[0;91m69.05%[0m[1;92m ][0m
[1;93mExtract: [0m[1;92m[ [0m[0;91m69.08%[0m[1;92m ][0m
[1;93mExtract: [0m[1;92m[ [0m[0;91m69.11%[0m[1;92m ][0m
[1;93mExtract: [0m[1;92m[ [0m[0;91m69.13%[0m[1;92m ][0m
[1;93mExtract: [0m[1;92m[ [0m[0;91m69.16%[0m[1;92m ][0m
[1;93mExtract: [0m[1;92m[ [0m[0;91m69.19%[0m[1;92m ][0m
[1;93mExtract: [0m[1;92m[ [0m[0;91m69.21%[0m[1;92m ][0m
[1;93mExtract: [0m[1;92m[ [0m[0;91m69.24%[0m[1;92m ][0m
[1;93mExtract: [0m[1;92m[ [0m[0;91m69.27%[0m[1;92m ][0m
[1;93mExtract: [0m[1;92m[ [0m[0;91m69.30%[0m[1;92m ][0m
[1;93mExtract: [0m[1;92m[ [0m[0;91m69.32%[0m[1;92m ][0m
[1;93mExtract: [0m[1;92m[ [0m[0;91m69.35%[0m[1;92m ][0m
[1;93mExtract: [0m[1;92m[ [0m[0;91m69.38%[0m[1;92m ][0m
[1;93mExtract: [0m[1;92m[ [0m[0;91m69.40%[0m[1;92m ][0m
[1;93mExtract: [0m[1;92m[ [0m[0;91m69.43%[0m[1;92m ][0m
[1;93mExtract: [0m[1;92m[ [0m[0;91m69.46%[0m[1;92m ][0m
[1;93mExtract: [0m[1;92m[ [0m[0;91m69.48%[0m[1;92m ][0m
[1;93mExtract: [0m[1;92m[ [0m[0;91m69.51%[0m[1;92m ][0m
[1;93mExtract: [0m[1;92m[ [0m[0;91m69.54%[0m[1;92m ][0m
[1;93mExtract: [0m[1;92m[ [0m[0;91m69.57%[0m[1;92m ][0m
[1;93mExtract: [0m[1;92m[ [0m[0;91m69.59%[0m[1;92m ][0m
[1;93mExtract: [0m[1;92m[ [0m[0;91m69.62%[0m[1;92m ][0m
[1;93mExtract: [0m[1;92m[ [0m[0;91m69.65%[0m[1;92m ][0m
[1;93mExtract: [0m[1;92m[ [0m[0;91m69.67%[0m[1;92m ][0m
[1;93mExtract: [0m[1;92m[ [0m[0;91m69.70%[0m[1;92m ][0m
[1;93mExtract: [0m[1;92m[ [0m[0;91m69.73%[0m[1;92m ][0m
[1;93mExtract: [0m[1;92m[ [0m[0;91m69.75%[0m[1;92m ][0m
[1;93mExtract: [0m[1;92m[ [0m[0;91m69.78%[0m[1;92m ][0m
[1;93mExtract: [0m[1;92m[ [0m[0;91m69.81%[0m[1;92m ][0m
[1;93mExtract: [0m[1;92m[ [0m[0;91m69.84%[0m[1;92m ][0m
[1;93mExtract: [0m[1;92m[ [0m[0;91m69.86%[0m[1;92m ][0m
[1;93mExtract: [0m[1;92m[ [0m[0;91m69.89%[0m[1;92m ][0m
[1;93mExtract: [0m[1;92m[ [0m[0;91m69.92%[0m[1;92m ][0m
[1;93mExtract: [0m[1;92m[ [0m[0;91m69.94%[0m[1;92m ][0m
[1;93mExtract: [0m[1;92m[ [0m[0;91m69.97%[0m[1;92m ][0m
[1;93mExtract: [0m[1;92m[ [0m[0;91m70.00%[0m[1;92m ][0m
[1;93mExtract: [0m[1;92m[ [0m[0;91m70.02%[0m[1;92m ][0m
[1;93mExtract: [0m[1;92m[ [0m[0;91m70.05%[0m[1;92m ][0m
[1;93mExtract: [0m[1;92m[ [0m[0;91m70.08%[0m[1;92m ][0m
[1;93mExtract: [0m[1;92m[ [0m[0;91m70.11%[0m[1;92m ][0m
[1;93mExtract: [0m[1;92m[ [0m[0;91m70.13%[0m[1;92m ][0m
[1;93mExtract: [0m[1;92m[ [0m[0;91m70.16%[0m[1;92m ][0m
[1;93mExtract: [0m[1;92m[ [0m[0;91m70.19%[0m[1;92m ][0m
[1;93mExtract: [0m[1;92m[ [0m[0;91m70.21%[0m[1;92m ][0m
[1;93mExtract: [0m[1;92m[ [0m[0;91m70.24%[0m[1;92m ][0m
[1;93mExtract: [0m[1;92m[ [0m[0;91m70.27%[0m[1;92m ][0m
[1;93mExtract: [0m[1;92m[ [0m[0;91m70.29%[0m[1;92m ][0m
[1;93mExtract: [0m[1;92m[ [0m[0;91m70.32%[0m[1;92m ][0m
[1;93mExtract: [0m[1;92m[ [0m[0;91m70.35%[0m[1;92m ][0m
[1;93mExtract: [0m[1;92m[ [0m[0;91m70.38%[0m[1;92m ][0m
[1;93mExtract: [0m[1;92m[ [0m[0;91m70.40%[0m[1;92m ][0m
[1;93mExtract: [0m[1;92m[ [0m[0;91m70.43%[0m[1;92m ][0m
[1;93mExtract: [0m[1;92m[ [0m[0;91m70.46%[0m[1;92m ][0m
[1;93mExtract: [0m[1;92m[ [0m[0;91m70.48%[0m[1;92m ][0m
[1;93mExtract: [0m[1;92m[ [0m[0;91m70.51%[0m[1;92m ][0m
[1;93mExtract: [0m[1;92m[ [0m[0;91m70.54%[0m[1;92m ][0m
[1;93mExtract: [0m[1;92m[ [0m[0;91m70.56%[0m[1;92m ][0m
[1;93mExtract: [0m[1;92m[ [0m[0;91m70.59%[0m[1;92m ][0m
[1;93mExtract: [0m[1;92m[ [0m[0;91m70.62%[0m[1;92m ][0m
[1;93mExtract: [0m[1;92m[ [0m[0;91m70.65%[0m[1;92m ][0m
[1;93mExtract: [0m[1;92m[ [0m[0;91m70.67%[0m[1;92m ][0m
[1;93mExtract: [0m[1;92m[ [0m[0;91m70.70%[0m[1;92m ][0m
[1;93mExtract: [0m[1;92m[ [0m[0;91m70.73%[0m[1;92m ][0m
[1;93mExtract: [0m[1;92m[ [0m[0;91m70.75%[0m[1;92m ][0m
[1;93mExtract: [0m[1;92m[ [0m[0;91m70.78%[0m[1;92m ][0m
[1;93mExtract: [0m[1;92m[ [0m[0;91m70.81%[0m[1;92m ][0m
[1;93mExtract: [0m[1;92m[ [0m[0;91m70.83%[0m[1;92m ][0m
[1;93mExtract: [0m[1;92m[ [0m[0;91m70.86%[0m[1;92m ][0m
[1;93mExtract: [0m[1;92m[ [0m[0;91m70.89%[0m[1;92m ][0m
[1;93mExtract: [0m[1;92m[ [0m[0;91m70.92%[0m[1;92m ][0m
[1;93mExtract: [0m[1;92m[ [0m[0;91m70.94%[0m[1;92m ][0m
[1;93mExtract: [0m[1;92m[ [0m[0;91m70.97%[0m[1;92m ][0m
[1;93mExtract: [0m[1;92m[ [0m[0;91m71.00%[0m[1;92m ][0m
[1;93mExtract: [0m[1;92m[ [0m[0;91m71.02%[0m[1;92m ][0m
[1;93mExtract: [0m[1;92m[ [0m[0;91m71.05%[0m[1;92m ][0m
[1;93mExtract: [0m[1;92m[ [0m[0;91m71.08%[0m[1;92m ][0m
[1;93mExtract: [0m[1;92m[ [0m[0;91m71.10%[0m[1;92m ][0m
[1;93mExtract: [0m[1;92m[ [0m[0;91m71.13%[0m[1;92m ][0m
[1;93mExtract: [0m[1;92m[ [0m[0;91m71.16%[0m[1;92m ][0m
[1;93mExtract: [0m[1;92m[ [0m[0;91m71.19%[0m[1;92m ][0m
[1;93mExtract: [0m[1;92m[ [0m[0;91m71.21%[0m[1;92m ][0m
[1;93mExtract: [0m[1;92m[ [0m[0;91m71.24%[0m[1;92m ][0m
[1;93mExtract: [0m[1;92m[ [0m[0;91m71.27%[0m[1;92m ][0m
[1;93mExtract: [0m[1;92m[ [0m[0;91m71.29%[0m[1;92m ][0m
[1;93mExtract: [0m[1;92m[ [0m[0;91m71.32%[0m[1;92m ][0m
[1;93mExtract: [0m[1;92m[ [0m[0;91m71.35%[0m[1;92m ][0m
[1;93mExtract: [0m[1;92m[ [0m[0;91m71.37%[0m[1;92m ][0m
[1;93mExtract: [0m[1;92m[ [0m[0;91m71.40%[0m[1;92m ][0m
[1;93mExtract: [0m[1;92m[ [0m[0;91m71.43%[0m[1;92m ][0m
[1;93mExtract: [0m[1;92m[ [0m[0;91m71.46%[0m[1;92m ][0m
[1;93mExtract: [0m[1;92m[ [0m[0;91m71.48%[0m[1;92m ][0m
[1;93mExtract: [0m[1;92m[ [0m[0;91m71.51%[0m[1;92m ][0m
[1;93mExtract: [0m[1;92m[ [0m[0;91m71.54%[0m[1;92m ][0m
[1;93mExtract: [0m[1;92m[ [0m[0;91m71.56%[0m[1;92m ][0m
[1;93mExtract: [0m[1;92m[ [0m[0;91m71.59%[0m[1;92m ][0m
[1;93mExtract: [0m[1;92m[ [0m[0;91m71.62%[0m[1;92m ][0m
[1;93mExtract: [0m[1;92m[ [0m[0;91m71.64%[0m[1;92m ][0m
[1;93mExtract: [0m[1;92m[ [0m[0;91m71.67%[0m[1;92m ][0m
[1;93mExtract: [0m[1;92m[ [0m[0;91m71.70%[0m[1;92m ][0m
[1;93mExtract: [0m[1;92m[ [0m[0;91m71.73%[0m[1;92m ][0m
[1;93mExtract: [0m[1;92m[ [0m[0;91m71.75%[0m[1;92m ][0m
[1;93mExtract: [0m[1;92m[ [0m[0;91m71.78%[0m[1;92m ][0m
[1;93mExtract: [0m[1;92m[ [0m[0;91m71.81%[0m[1;92m ][0m
[1;93mExtract: [0m[1;92m[ [0m[0;91m71.83%[0m[1;92m ][0m
[1;93mExtract: [0m[1;92m[ [0m[0;91m71.86%[0m[1;92m ][0m
[1;93mExtract: [0m[1;92m[ [0m[0;91m71.89%[0m[1;92m ][0m
[1;93mExtract: [0m[1;92m[ [0m[0;91m71.91%[0m[1;92m ][0m
[1;93mExtract: [0m[1;92m[ [0m[0;91m71.94%[0m[1;92m ][0m
[1;93mExtract: [0m[1;92m[ [0m[0;91m71.97%[0m[1;92m ][0m
[1;93mExtract: [0m[1;92m[ [0m[0;91m72.00%[0m[1;92m ][0m
[1;93mExtract: [0m[1;92m[ [0m[0;91m72.02%[0m[1;92m ][0m
[1;93mExtract: [0m[1;92m[ [0m[0;91m72.05%[0m[1;92m ][0m
[1;93mExtract: [0m[1;92m[ [0m[0;91m72.08%[0m[1;92m ][0m
[1;93mExtract: [0m[1;92m[ [0m[0;91m72.10%[0m[1;92m ][0m
[1;93mExtract: [0m[1;92m[ [0m[0;91m72.13%[0m[1;92m ][0m
[1;93mExtract: [0m[1;92m[ [0m[0;91m72.16%[0m[1;92m ][0m
[1;93mExtract: [0m[1;92m[ [0m[0;91m72.18%[0m[1;92m ][0m
[1;93mExtract: [0m[1;92m[ [0m[0;91m72.21%[0m[1;92m ][0m
[1;93mExtract: [0m[1;92m[ [0m[0;91m72.24%[0m[1;92m ][0m
[1;93mExtract: [0m[1;92m[ [0m[0;91m72.27%[0m[1;92m ][0m
[1;93mExtract: [0m[1;92m[ [0m[0;91m72.29%[0m[1;92m ][0m
[1;93mExtract: [0m[1;92m[ [0m[0;91m72.32%[0m[1;92m ][0m
[1;93mExtract: [0m[1;92m[ [0m[0;91m72.35%[0m[1;92m ][0m
[1;93mExtract: [0m[1;92m[ [0m[0;91m72.37%[0m[1;92m ][0m
[1;93mExtract: [0m[1;92m[ [0m[0;91m72.40%[0m[1;92m ][0m
[1;93mExtract: [0m[1;92m[ [0m[0;91m72.43%[0m[1;92m ][0m
[1;93mExtract: [0m[1;92m[ [0m[0;91m72.45%[0m[1;92m ][0m
[1;93mExtract: [0m[1;92m[ [0m[0;91m72.48%[0m[1;92m ][0m
[1;93mExtract: [0m[1;92m[ [0m[0;91m72.51%[0m[1;92m ][0m
[1;93mExtract: [0m[1;92m[ [0m[0;91m72.54%[0m[1;92m ][0m
[1;93mExtract: [0m[1;92m[ [0m[0;91m72.56%[0m[1;92m ][0m
[1;93mExtract: [0m[1;92m[ [0m[0;91m72.59%[0m[1;92m ][0m
[1;93mExtract: [0m[1;92m[ [0m[0;91m72.62%[0m[1;92m ][0m
[1;93mExtract: [0m[1;92m[ [0m[0;91m72.64%[0m[1;92m ][0m
[1;93mExtract: [0m[1;92m[ [0m[0;91m72.67%[0m[1;92m ][0m
[1;93mExtract: [0m[1;92m[ [0m[0;91m72.70%[0m[1;92m ][0m
[1;93mExtract: [0m[1;92m[ [0m[0;91m72.72%[0m[1;92m ][0m
[1;93mExtract: [0m[1;92m[ [0m[0;91m72.75%[0m[1;92m ][0m
[1;93mExtract: [0m[1;92m[ [0m[0;91m72.78%[0m[1;92m ][0m
[1;93mExtract: [0m[1;92m[ [0m[0;91m72.81%[0m[1;92m ][0m
[1;93mExtract: [0m[1;92m[ [0m[0;91m72.83%[0m[1;92m ][0m
[1;93mExtract: [0m[1;92m[ [0m[0;91m72.86%[0m[1;92m ][0m
[1;93mExtract: [0m[1;92m[ [0m[0;91m72.89%[0m[1;92m ][0m
[1;93mExtract: [0m[1;92m[ [0m[0;91m72.91%[0m[1;92m ][0m
[1;93mExtract: [0m[1;92m[ [0m[0;91m72.94%[0m[1;92m ][0m
[1;93mExtract: [0m[1;92m[ [0m[0;91m72.97%[0m[1;92m ][0m
[1;93mExtract: [0m[1;92m[ [0m[0;91m72.99%[0m[1;92m ][0m
[1;93mExtract: [0m[1;92m[ [0m[0;91m73.02%[0m[1;92m ][0m
[1;93mExtract: [0m[1;92m[ [0m[0;91m73.05%[0m[1;92m ][0m
[1;93mExtract: [0m[1;92m[ [0m[0;91m73.08%[0m[1;92m ][0m
[1;93mExtract: [0m[1;92m[ [0m[0;91m73.10%[0m[1;92m ][0m
[1;93mExtract: [0m[1;92m[ [0m[0;91m73.13%[0m[1;92m ][0m
[1;93mExtract: [0m[1;92m[ [0m[0;91m73.16%[0m[1;92m ][0m
[1;93mExtract: [0m[1;92m[ [0m[0;91m73.18%[0m[1;92m ][0m
[1;93mExtract: [0m[1;92m[ [0m[0;91m73.21%[0m[1;92m ][0m
[1;93mExtract: [0m[1;92m[ [0m[0;91m73.24%[0m[1;92m ][0m
[1;93mExtract: [0m[1;92m[ [0m[0;91m73.26%[0m[1;92m ][0m
[1;93mExtract: [0m[1;92m[ [0m[0;91m73.29%[0m[1;92m ][0m
[1;93mExtract: [0m[1;92m[ [0m[0;91m73.32%[0m[1;92m ][0m
[1;93mExtract: [0m[1;92m[ [0m[0;91m73.35%[0m[1;92m ][0m
[1;93mExtract: [0m[1;92m[ [0m[0;91m73.37%[0m[1;92m ][0m
[1;93mExtract: [0m[1;92m[ [0m[0;91m73.40%[0m[1;92m ][0m
[1;93mExtract: [0m[1;92m[ [0m[0;91m73.43%[0m[1;92m ][0m
[1;93mExtract: [0m[1;92m[ [0m[0;91m73.45%[0m[1;92m ][0m
[1;93mExtract: [0m[1;92m[ [0m[0;91m73.48%[0m[1;92m ][0m
[1;93mExtract: [0m[1;92m[ [0m[0;91m73.51%[0m[1;92m ][0m
[1;93mExtract: [0m[1;92m[ [0m[0;91m73.53%[0m[1;92m ][0m
[1;93mExtract: [0m[1;92m[ [0m[0;91m73.56%[0m[1;92m ][0m
[1;93mExtract: [0m[1;92m[ [0m[0;91m73.59%[0m[1;92m ][0m
[1;93mExtract: [0m[1;92m[ [0m[0;91m73.62%[0m[1;92m ][0m
[1;93mExtract: [0m[1;92m[ [0m[0;91m73.64%[0m[1;92m ][0m
[1;93mExtract: [0m[1;92m[ [0m[0;91m73.67%[0m[1;92m ][0m
[1;93mExtract: [0m[1;92m[ [0m[0;91m73.70%[0m[1;92m ][0m
[1;93mExtract: [0m[1;92m[ [0m[0;91m73.72%[0m[1;92m ][0m
[1;93mExtract: [0m[1;92m[ [0m[0;91m73.75%[0m[1;92m ][0m
[1;93mExtract: [0m[1;92m[ [0m[0;91m73.78%[0m[1;92m ][0m
[1;93mExtract: [0m[1;92m[ [0m[0;91m73.81%[0m[1;92m ][0m
[1;93mExtract: [0m[1;92m[ [0m[0;91m73.83%[0m[1;92m ][0m
[1;93mExtract: [0m[1;92m[ [0m[0;91m73.86%[0m[1;92m ][0m
[1;93mExtract: [0m[1;92m[ [0m[0;91m73.89%[0m[1;92m ][0m
[1;93mExtract: [0m[1;92m[ [0m[0;91m73.91%[0m[1;92m ][0m
[1;93mExtract: [0m[1;92m[ [0m[0;91m73.94%[0m[1;92m ][0m
[1;93mExtract: [0m[1;92m[ [0m[0;91m73.97%[0m[1;92m ][0m
[1;93mExtract: [0m[1;92m[ [0m[0;91m73.99%[0m[1;92m ][0m
[1;93mExtract: [0m[1;92m[ [0m[0;91m74.02%[0m[1;92m ][0m
[1;93mExtract: [0m[1;92m[ [0m[0;91m74.05%[0m[1;92m ][0m
[1;93mExtract: [0m[1;92m[ [0m[0;91m74.08%[0m[1;92m ][0m
[1;93mExtract: [0m[1;92m[ [0m[0;91m74.10%[0m[1;92m ][0m
[1;93mExtract: [0m[1;92m[ [0m[0;91m74.13%[0m[1;92m ][0m
[1;93mExtract: [0m[1;92m[ [0m[0;91m74.16%[0m[1;92m ][0m
[1;93mExtract: [0m[1;92m[ [0m[0;91m74.18%[0m[1;92m ][0m
[1;93mExtract: [0m[1;92m[ [0m[0;91m74.21%[0m[1;92m ][0m
[1;93mExtract: [0m[1;92m[ [0m[0;91m74.24%[0m[1;92m ][0m
[1;93mExtract: [0m[1;92m[ [0m[0;91m74.26%[0m[1;92m ][0m
[1;93mExtract: [0m[1;92m[ [0m[0;91m74.29%[0m[1;92m ][0m
[1;93mExtract: [0m[1;92m[ [0m[0;91m74.32%[0m[1;92m ][0m
[1;93mExtract: [0m[1;92m[ [0m[0;91m74.35%[0m[1;92m ][0m
[1;93mExtract: [0m[1;92m[ [0m[0;91m74.37%[0m[1;92m ][0m
[1;93mExtract: [0m[1;92m[ [0m[0;91m74.40%[0m[1;92m ][0m
[1;93mExtract: [0m[1;92m[ [0m[0;91m74.43%[0m[1;92m ][0m
[1;93mExtract: [0m[1;92m[ [0m[0;91m74.45%[0m[1;92m ][0m
[1;93mExtract: [0m[1;92m[ [0m[0;91m74.48%[0m[1;92m ][0m
[1;93mExtract: [0m[1;92m[ [0m[0;91m74.51%[0m[1;92m ][0m
[1;93mExtract: [0m[1;92m[ [0m[0;91m74.53%[0m[1;92m ][0m
[1;93mExtract: [0m[1;92m[ [0m[0;91m74.56%[0m[1;92m ][0m
[1;93mExtract: [0m[1;92m[ [0m[0;91m74.59%[0m[1;92m ][0m
[1;93mExtract: [0m[1;92m[ [0m[0;91m74.62%[0m[1;92m ][0m
[1;93mExtract: [0m[1;92m[ [0m[0;91m74.64%[0m[1;92m ][0m
[1;93mExtract: [0m[1;92m[ [0m[0;91m74.67%[0m[1;92m ][0m
[1;93mExtract: [0m[1;92m[ [0m[0;91m74.70%[0m[1;92m ][0m
[1;93mExtract: [0m[1;92m[ [0m[0;91m74.72%[0m[1;92m ][0m
[1;93mExtract: [0m[1;92m[ [0m[0;91m74.75%[0m[1;92m ][0m
[1;93mExtract: [0m[1;92m[ [0m[0;91m74.78%[0m[1;92m ][0m
[1;93mExtract: [0m[1;92m[ [0m[0;91m74.80%[0m[1;92m ][0m
[1;93mExtract: [0m[1;92m[ [0m[0;91m74.83%[0m[1;92m ][0m
[1;93mExtract: [0m[1;92m[ [0m[0;91m74.86%[0m[1;92m ][0m
[1;93mExtract: [0m[1;92m[ [0m[0;91m74.89%[0m[1;92m ][0m
[1;93mExtract: [0m[1;92m[ [0m[0;91m74.91%[0m[1;92m ][0m
[1;93mExtract: [0m[1;92m[ [0m[0;91m74.94%[0m[1;92m ][0m
[1;93mExtract: [0m[1;92m[ [0m[0;91m74.97%[0m[1;92m ][0m
[1;93mExtract: [0m[1;92m[ [0m[0;91m74.99%[0m[1;92m ][0m
[1;93mExtract: [0m[1;92m[ [0m[0;91m75.02%[0m[1;92m ][0m
[1;93mExtract: [0m[1;92m[ [0m[0;91m75.05%[0m[1;92m ][0m
[1;93mExtract: [0m[1;92m[ [0m[0;91m75.07%[0m[1;92m ][0m
[1;93mExtract: [0m[1;92m[ [0m[0;91m75.10%[0m[1;92m ][0m
[1;93mExtract: [0m[1;92m[ [0m[0;91m75.13%[0m[1;92m ][0m
[1;93mExtract: [0m[1;92m[ [0m[0;91m75.16%[0m[1;92m ][0m
[1;93mExtract: [0m[1;92m[ [0m[0;91m75.18%[0m[1;92m ][0m
[1;93mExtract: [0m[1;92m[ [0m[0;91m75.21%[0m[1;92m ][0m
[1;93mExtract: [0m[1;92m[ [0m[0;91m75.24%[0m[1;92m ][0m
[1;93mExtract: [0m[1;92m[ [0m[0;91m75.26%[0m[1;92m ][0m
[1;93mExtract: [0m[1;92m[ [0m[0;91m75.29%[0m[1;92m ][0m
[1;93mExtract: [0m[1;92m[ [0m[0;91m75.32%[0m[1;92m ][0m
[1;93mExtract: [0m[1;92m[ [0m[0;91m75.34%[0m[1;92m ][0m
[1;93mExtract: [0m[1;92m[ [0m[0;91m75.37%[0m[1;92m ][0m
[1;93mExtract: [0m[1;92m[ [0m[0;91m75.40%[0m[1;92m ][0m
[1;93mExtract: [0m[1;92m[ [0m[0;91m75.43%[0m[1;92m ][0m
[1;93mExtract: [0m[1;92m[ [0m[0;91m75.45%[0m[1;92m ][0m
[1;93mExtract: [0m[1;92m[ [0m[0;91m75.48%[0m[1;92m ][0m
[1;93mExtract: [0m[1;92m[ [0m[0;91m75.51%[0m[1;92m ][0m
[1;93mExtract: [0m[1;92m[ [0m[0;91m75.53%[0m[1;92m ][0m
[1;93mExtract: [0m[1;92m[ [0m[0;91m75.56%[0m[1;92m ][0m
[1;93mExtract: [0m[1;92m[ [0m[0;91m75.59%[0m[1;92m ][0m
[1;93mExtract: [0m[1;92m[ [0m[0;91m75.61%[0m[1;92m ][0m
[1;93mExtract: [0m[1;92m[ [0m[0;91m75.64%[0m[1;92m ][0m
[1;93mExtract: [0m[1;92m[ [0m[0;91m75.67%[0m[1;92m ][0m
[1;93mExtract: [0m[1;92m[ [0m[0;91m75.70%[0m[1;92m ][0m
[1;93mExtract: [0m[1;92m[ [0m[0;91m75.72%[0m[1;92m ][0m
[1;93mExtract: [0m[1;92m[ [0m[0;91m75.75%[0m[1;92m ][0m
[1;93mExtract: [0m[1;92m[ [0m[0;91m75.78%[0m[1;92m ][0m
[1;93mExtract: [0m[1;92m[ [0m[0;91m75.80%[0m[1;92m ][0m
[1;93mExtract: [0m[1;92m[ [0m[0;91m75.83%[0m[1;92m ][0m
[1;93mExtract: [0m[1;92m[ [0m[0;91m75.86%[0m[1;92m ][0m
[1;93mExtract: [0m[1;92m[ [0m[0;91m75.88%[0m[1;92m ][0m
[1;93mExtract: [0m[1;92m[ [0m[0;91m75.91%[0m[1;92m ][0m
[1;93mExtract: [0m[1;92m[ [0m[0;91m75.94%[0m[1;92m ][0m
[1;93mExtract: [0m[1;92m[ [0m[0;91m75.97%[0m[1;92m ][0m
[1;93mExtract: [0m[1;92m[ [0m[0;91m75.99%[0m[1;92m ][0m
[1;93mExtract: [0m[1;92m[ [0m[0;91m76.02%[0m[1;92m ][0m
[1;93mExtract: [0m[1;92m[ [0m[0;91m76.05%[0m[1;92m ][0m
[1;93mExtract: [0m[1;92m[ [0m[0;91m76.07%[0m[1;92m ][0m
[1;93mExtract: [0m[1;92m[ [0m[0;91m76.10%[0m[1;92m ][0m
[1;93mExtract: [0m[1;92m[ [0m[0;91m76.13%[0m[1;92m ][0m
[1;93mExtract: [0m[1;92m[ [0m[0;91m76.15%[0m[1;92m ][0m
[1;93mExtract: [0m[1;92m[ [0m[0;91m76.18%[0m[1;92m ][0m
[1;93mExtract: [0m[1;92m[ [0m[0;91m76.21%[0m[1;92m ][0m
[1;93mExtract: [0m[1;92m[ [0m[0;91m76.24%[0m[1;92m ][0m
[1;93mExtract: [0m[1;92m[ [0m[0;91m76.26%[0m[1;92m ][0m
[1;93mExtract: [0m[1;92m[ [0m[0;91m76.29%[0m[1;92m ][0m
[1;93mExtract: [0m[1;92m[ [0m[0;91m76.32%[0m[1;92m ][0m
[1;93mExtract: [0m[1;92m[ [0m[0;91m76.34%[0m[1;92m ][0m
[1;93mExtract: [0m[1;92m[ [0m[0;91m76.37%[0m[1;92m ][0m
[1;93mExtract: [0m[1;92m[ [0m[0;91m76.40%[0m[1;92m ][0m
[1;93mExtract: [0m[1;92m[ [0m[0;91m76.42%[0m[1;92m ][0m
[1;93mExtract: [0m[1;92m[ [0m[0;91m76.45%[0m[1;92m ][0m
[1;93mExtract: [0m[1;92m[ [0m[0;91m76.48%[0m[1;92m ][0m
[1;93mExtract: [0m[1;92m[ [0m[0;91m76.51%[0m[1;92m ][0m
[1;93mExtract: [0m[1;92m[ [0m[0;91m76.56%[0m[1;92m ][0m
[1;93mExtract: [0m[1;92m[ [0m[0;91m76.59%[0m[1;92m ][0m
[1;93mExtract: [0m[1;92m[ [0m[0;91m76.61%[0m[1;92m ][0m
[1;93mExtract: [0m[1;92m[ [0m[0;91m76.64%[0m[1;92m ][0m
[1;93mExtract: [0m[1;92m[ [0m[0;91m76.67%[0m[1;92m ][0m
[1;93mExtract: [0m[1;92m[ [0m[0;91m76.69%[0m[1;92m ][0m
[1;93mExtract: [0m[1;92m[ [0m[0;91m76.72%[0m[1;92m ][0m
[1;93mExtract: [0m[1;92m[ [0m[0;91m76.75%[0m[1;92m ][0m
[1;93mExtract: [0m[1;92m[ [0m[0;91m76.78%[0m[1;92m ][0m
[1;93mExtract: [0m[1;92m[ [0m[0;91m76.80%[0m[1;92m ][0m
[1;93mExtract: [0m[1;92m[ [0m[0;91m76.83%[0m[1;92m ][0m
[1;93mExtract: [0m[1;92m[ [0m[0;91m76.86%[0m[1;92m ][0m
[1;93mExtract: [0m[1;92m[ [0m[0;91m76.88%[0m[1;92m ][0m
[1;93mExtract: [0m[1;92m[ [0m[0;91m76.91%[0m[1;92m ][0m
[1;93mExtract: [0m[1;92m[ [0m[0;91m76.94%[0m[1;92m ][0m
[1;93mExtract: [0m[1;92m[ [0m[0;91m76.96%[0m[1;92m ][0m
[1;93mExtract: [0m[1;92m[ [0m[0;91m76.99%[0m[1;92m ][0m
[1;93mExtract: [0m[1;92m[ [0m[0;91m77.02%[0m[1;92m ][0m
[1;93mExtract: [0m[1;92m[ [0m[0;91m77.05%[0m[1;92m ][0m
[1;93mExtract: [0m[1;92m[ [0m[0;91m77.07%[0m[1;92m ][0m
[1;93mExtract: [0m[1;92m[ [0m[0;91m77.10%[0m[1;92m ][0m
[1;93mExtract: [0m[1;92m[ [0m[0;91m77.13%[0m[1;92m ][0m
[1;93mExtract: [0m[1;92m[ [0m[0;91m77.15%[0m[1;92m ][0m
[1;93mExtract: [0m[1;92m[ [0m[0;91m77.18%[0m[1;92m ][0m
[1;93mExtract: [0m[1;92m[ [0m[0;91m77.21%[0m[1;92m ][0m
[1;93mExtract: [0m[1;92m[ [0m[0;91m77.23%[0m[1;92m ][0m
[1;93mExtract: [0m[1;92m[ [0m[0;91m77.26%[0m[1;92m ][0m
[1;93mExtract: [0m[1;92m[ [0m[0;91m77.29%[0m[1;92m ][0m
[1;93mExtract: [0m[1;92m[ [0m[0;91m77.32%[0m[1;92m ][0m
[1;93mExtract: [0m[1;92m[ [0m[0;91m77.34%[0m[1;92m ][0m
[1;93mExtract: [0m[1;92m[ [0m[0;91m77.37%[0m[1;92m ][0m
[1;93mExtract: [0m[1;92m[ [0m[0;91m77.40%[0m[1;92m ][0m
[1;93mExtract: [0m[1;92m[ [0m[0;91m77.42%[0m[1;92m ][0m
[1;93mExtract: [0m[1;92m[ [0m[0;91m77.45%[0m[1;92m ][0m
[1;93mExtract: [0m[1;92m[ [0m[0;91m77.48%[0m[1;92m ][0m
[1;93mExtract: [0m[1;92m[ [0m[0;91m77.50%[0m[1;92m ][0m
[1;93mExtract: [0m[1;92m[ [0m[0;91m77.53%[0m[1;92m ][0m
[1;93mExtract: [0m[1;92m[ [0m[0;91m77.56%[0m[1;92m ][0m
[1;93mExtract: [0m[1;92m[ [0m[0;91m77.59%[0m[1;92m ][0m
[1;93mExtract: [0m[1;92m[ [0m[0;91m77.61%[0m[1;92m ][0m
[1;93mExtract: [0m[1;92m[ [0m[0;91m77.64%[0m[1;92m ][0m
[1;93mExtract: [0m[1;92m[ [0m[0;91m77.67%[0m[1;92m ][0m
[1;93mExtract: [0m[1;92m[ [0m[0;91m77.69%[0m[1;92m ][0m
[1;93mExtract: [0m[1;92m[ [0m[0;91m77.72%[0m[1;92m ][0m
[1;93mExtract: [0m[1;92m[ [0m[0;91m77.75%[0m[1;92m ][0m
[1;93mExtract: [0m[1;92m[ [0m[0;91m77.77%[0m[1;92m ][0m
[1;93mExtract: [0m[1;92m[ [0m[0;91m77.80%[0m[1;92m ][0m
[1;93mExtract: [0m[1;92m[ [0m[0;91m77.83%[0m[1;92m ][0m
[1;93mExtract: [0m[1;92m[ [0m[0;91m77.86%[0m[1;92m ][0m
[1;93mExtract: [0m[1;92m[ [0m[0;91m77.88%[0m[1;92m ][0m
[1;93mExtract: [0m[1;92m[ [0m[0;91m77.91%[0m[1;92m ][0m
[1;93mExtract: [0m[1;92m[ [0m[0;91m77.96%[0m[1;92m ][0m
[1;93mExtract: [0m[1;92m[ [0m[0;91m77.99%[0m[1;92m ][0m
[1;93mExtract: [0m[1;92m[ [0m[0;91m78.02%[0m[1;92m ][0m
[1;93mExtract: [0m[1;92m[ [0m[0;91m78.04%[0m[1;92m ][0m
[1;93mExtract: [0m[1;92m[ [0m[0;91m78.07%[0m[1;92m ][0m
[1;93mExtract: [0m[1;92m[ [0m[0;91m78.10%[0m[1;92m ][0m
[1;93mExtract: [0m[1;92m[ [0m[0;91m78.13%[0m[1;92m ][0m
[1;93mExtract: [0m[1;92m[ [0m[0;91m78.15%[0m[1;92m ][0m
[1;93mExtract: [0m[1;92m[ [0m[0;91m78.18%[0m[1;92m ][0m
[1;93mExtract: [0m[1;92m[ [0m[0;91m78.21%[0m[1;92m ][0m
[1;93mExtract: [0m[1;92m[ [0m[0;91m78.23%[0m[1;92m ][0m
[1;93mExtract: [0m[1;92m[ [0m[0;91m78.26%[0m[1;92m ][0m
[1;93mExtract: [0m[1;92m[ [0m[0;91m78.29%[0m[1;92m ][0m
[1;93mExtract: [0m[1;92m[ [0m[0;91m78.31%[0m[1;92m ][0m
[1;93mExtract: [0m[1;92m[ [0m[0;91m78.34%[0m[1;92m ][0m
[1;93mExtract: [0m[1;92m[ [0m[0;91m78.37%[0m[1;92m ][0m
[1;93mExtract: [0m[1;92m[ [0m[0;91m78.40%[0m[1;92m ][0m
[1;93mExtract: [0m[1;92m[ [0m[0;91m78.42%[0m[1;92m ][0m
[1;93mExtract: [0m[1;92m[ [0m[0;91m78.45%[0m[1;92m ][0m
[1;93mExtract: [0m[1;92m[ [0m[0;91m78.48%[0m[1;92m ][0m
[1;93mExtract: [0m[1;92m[ [0m[0;91m78.50%[0m[1;92m ][0m
[1;93mExtract: [0m[1;92m[ [0m[0;91m78.53%[0m[1;92m ][0m
[1;93mExtract: [0m[1;92m[ [0m[0;91m78.56%[0m[1;92m ][0m
[1;93mExtract: [0m[1;92m[ [0m[0;91m78.58%[0m[1;92m ][0m
[1;93mExtract: [0m[1;92m[ [0m[0;91m78.61%[0m[1;92m ][0m
[1;93mExtract: [0m[1;92m[ [0m[0;91m78.64%[0m[1;92m ][0m
[1;93mExtract: [0m[1;92m[ [0m[0;91m78.67%[0m[1;92m ][0m
[1;93mExtract: [0m[1;92m[ [0m[0;91m78.69%[0m[1;92m ][0m
[1;93mExtract: [0m[1;92m[ [0m[0;91m78.72%[0m[1;92m ][0m
[1;93mExtract: [0m[1;92m[ [0m[0;91m78.75%[0m[1;92m ][0m
[1;93mExtract: [0m[1;92m[ [0m[0;91m78.77%[0m[1;92m ][0m
[1;93mExtract: [0m[1;92m[ [0m[0;91m78.80%[0m[1;92m ][0m
[1;93mExtract: [0m[1;92m[ [0m[0;91m78.83%[0m[1;92m ][0m
[1;93mExtract: [0m[1;92m[ [0m[0;91m78.85%[0m[1;92m ][0m
[1;93mExtract: [0m[1;92m[ [0m[0;91m78.88%[0m[1;92m ][0m
[1;93mExtract: [0m[1;92m[ [0m[0;91m78.91%[0m[1;92m ][0m
[1;93mExtract: [0m[1;92m[ [0m[0;91m78.94%[0m[1;92m ][0m
[1;93mExtract: [0m[1;92m[ [0m[0;91m78.96%[0m[1;92m ][0m
[1;93mExtract: [0m[1;92m[ [0m[0;91m78.99%[0m[1;92m ][0m
[1;93mExtract: [0m[1;92m[ [0m[0;91m79.02%[0m[1;92m ][0m
[1;93mExtract: [0m[1;92m[ [0m[0;91m79.04%[0m[1;92m ][0m
[1;93mExtract: [0m[1;92m[ [0m[0;91m79.07%[0m[1;92m ][0m
[1;93mExtract: [0m[1;92m[ [0m[0;91m79.15%[0m[1;92m ][0m
[1;93mExtract: [0m[1;92m[ [0m[0;91m79.18%[0m[1;92m ][0m
[1;93mExtract: [0m[1;92m[ [0m[0;91m79.21%[0m[1;92m ][0m
[1;93mExtract: [0m[1;92m[ [0m[0;91m79.23%[0m[1;92m ][0m
[1;93mExtract: [0m[1;92m[ [0m[0;91m79.26%[0m[1;92m ][0m
[1;93mExtract: [0m[1;92m[ [0m[0;91m79.29%[0m[1;92m ][0m
[1;93mExtract: [0m[1;92m[ [0m[0;91m79.31%[0m[1;92m ][0m
[1;93mExtract: [0m[1;92m[ [0m[0;91m79.34%[0m[1;92m ][0m
[1;93mExtract: [0m[1;92m[ [0m[0;91m79.37%[0m[1;92m ][0m
[1;93mExtract: [0m[1;92m[ [0m[0;91m79.40%[0m[1;92m ][0m
[1;93mExtract: [0m[1;92m[ [0m[0;91m79.42%[0m[1;92m ][0m
[1;93mExtract: [0m[1;92m[ [0m[0;91m79.45%[0m[1;92m ][0m
[1;93mExtract: [0m[1;92m[ [0m[0;91m79.48%[0m[1;92m ][0m
[1;93mExtract: [0m[1;92m[ [0m[0;91m79.50%[0m[1;92m ][0m
[1;93mExtract: [0m[1;92m[ [0m[0;91m79.53%[0m[1;92m ][0m
[1;93mExtract: [0m[1;92m[ [0m[0;91m79.56%[0m[1;92m ][0m
[1;93mExtract: [0m[1;92m[ [0m[0;91m79.58%[0m[1;92m ][0m
[1;93mExtract: [0m[1;92m[ [0m[0;91m79.61%[0m[1;92m ][0m
[1;93mExtract: [0m[1;92m[ [0m[0;91m79.64%[0m[1;92m ][0m
[1;93mExtract: [0m[1;92m[ [0m[0;91m79.67%[0m[1;92m ][0m
[1;93mExtract: [0m[1;92m[ [0m[0;91m79.69%[0m[1;92m ][0m
[1;93mExtract: [0m[1;92m[ [0m[0;91m79.72%[0m[1;92m ][0m
[1;93mExtract: [0m[1;92m[ [0m[0;91m79.75%[0m[1;92m ][0m
[1;93mExtract: [0m[1;92m[ [0m[0;91m79.77%[0m[1;92m ][0m
[1;93mExtract: [0m[1;92m[ [0m[0;91m79.80%[0m[1;92m ][0m
[1;93mExtract: [0m[1;92m[ [0m[0;91m79.83%[0m[1;92m ][0m
[1;93mExtract: [0m[1;92m[ [0m[0;91m79.85%[0m[1;92m ][0m
[1;93mExtract: [0m[1;92m[ [0m[0;91m79.88%[0m[1;92m ][0m
[1;93mExtract: [0m[1;92m[ [0m[0;91m79.91%[0m[1;92m ][0m
[1;93mExtract: [0m[1;92m[ [0m[0;91m79.94%[0m[1;92m ][0m
[1;93mExtract: [0m[1;92m[ [0m[0;91m79.96%[0m[1;92m ][0m
[1;93mExtract: [0m[1;92m[ [0m[0;91m79.99%[0m[1;92m ][0m
[1;93mExtract: [0m[1;92m[ [0m[0;91m80.02%[0m[1;92m ][0m
[1;93mExtract: [0m[1;92m[ [0m[0;91m80.04%[0m[1;92m ][0m
[1;93mExtract: [0m[1;92m[ [0m[0;91m80.07%[0m[1;92m ][0m
[1;93mExtract: [0m[1;92m[ [0m[0;91m80.10%[0m[1;92m ][0m
[1;93mExtract: [0m[1;92m[ [0m[0;91m80.12%[0m[1;92m ][0m
[1;93mExtract: [0m[1;92m[ [0m[0;91m80.15%[0m[1;92m ][0m
[1;93mExtract: [0m[1;92m[ [0m[0;91m80.18%[0m[1;92m ][0m
[1;93mExtract: [0m[1;92m[ [0m[0;91m80.21%[0m[1;92m ][0m
[1;93mExtract: [0m[1;92m[ [0m[0;91m80.23%[0m[1;92m ][0m
[1;93mExtract: [0m[1;92m[ [0m[0;91m80.26%[0m[1;92m ][0m
[1;93mExtract: [0m[1;92m[ [0m[0;91m80.29%[0m[1;92m ][0m
[1;93mExtract: [0m[1;92m[ [0m[0;91m80.31%[0m[1;92m ][0m
[1;93mExtract: [0m[1;92m[ [0m[0;91m80.34%[0m[1;92m ][0m
[1;93mExtract: [0m[1;92m[ [0m[0;91m80.37%[0m[1;92m ][0m
[1;93mExtract: [0m[1;92m[ [0m[0;91m80.39%[0m[1;92m ][0m
[1;93mExtract: [0m[1;92m[ [0m[0;91m80.42%[0m[1;92m ][0m
[1;93mExtract: [0m[1;92m[ [0m[0;91m80.45%[0m[1;92m ][0m
[1;93mExtract: [0m[1;92m[ [0m[0;91m80.48%[0m[1;92m ][0m
[1;93mExtract: [0m[1;92m[ [0m[0;91m80.50%[0m[1;92m ][0m
[1;93mExtract: [0m[1;92m[ [0m[0;91m80.53%[0m[1;92m ][0m
[1;93mExtract: [0m[1;92m[ [0m[0;91m80.56%[0m[1;92m ][0m
[1;93mExtract: [0m[1;92m[ [0m[0;91m80.58%[0m[1;92m ][0m
[1;93mExtract: [0m[1;92m[ [0m[0;91m80.61%[0m[1;92m ][0m
[1;93mExtract: [0m[1;92m[ [0m[0;91m80.64%[0m[1;92m ][0m
[1;93mExtract: [0m[1;92m[ [0m[0;91m80.66%[0m[1;92m ][0m
[1;93mExtract: [0m[1;92m[ [0m[0;91m80.69%[0m[1;92m ][0m
[1;93mExtract: [0m[1;92m[ [0m[0;91m80.72%[0m[1;92m ][0m
[1;93mExtract: [0m[1;92m[ [0m[0;91m80.75%[0m[1;92m ][0m
[1;93mExtract: [0m[1;92m[ [0m[0;91m80.77%[0m[1;92m ][0m
[1;93mExtract: [0m[1;92m[ [0m[0;91m80.80%[0m[1;92m ][0m
[1;93mExtract: [0m[1;92m[ [0m[0;91m80.83%[0m[1;92m ][0m
[1;93mExtract: [0m[1;92m[ [0m[0;91m80.85%[0m[1;92m ][0m
[1;93mExtract: [0m[1;92m[ [0m[0;91m80.88%[0m[1;92m ][0m
[1;93mExtract: [0m[1;92m[ [0m[0;91m80.91%[0m[1;92m ][0m
[1;93mExtract: [0m[1;92m[ [0m[0;91m80.93%[0m[1;92m ][0m
[1;93mExtract: [0m[1;92m[ [0m[0;91m80.96%[0m[1;92m ][0m
[1;93mExtract: [0m[1;92m[ [0m[0;91m80.99%[0m[1;92m ][0m
[1;93mExtract: [0m[1;92m[ [0m[0;91m81.02%[0m[1;92m ][0m
[1;93mExtract: [0m[1;92m[ [0m[0;91m81.04%[0m[1;92m ][0m
[1;93mExtract: [0m[1;92m[ [0m[0;91m81.07%[0m[1;92m ][0m
[1;93mExtract: [0m[1;92m[ [0m[0;91m81.10%[0m[1;92m ][0m
[1;93mExtract: [0m[1;92m[ [0m[0;91m81.12%[0m[1;92m ][0m
[1;93mExtract: [0m[1;92m[ [0m[0;91m81.15%[0m[1;92m ][0m
[1;93mExtract: [0m[1;92m[ [0m[0;91m81.18%[0m[1;92m ][0m
[1;93mExtract: [0m[1;92m[ [0m[0;91m81.20%[0m[1;92m ][0m
[1;93mExtract: [0m[1;92m[ [0m[0;91m81.23%[0m[1;92m ][0m
[1;93mExtract: [0m[1;92m[ [0m[0;91m81.26%[0m[1;92m ][0m
[1;93mExtract: [0m[1;92m[ [0m[0;91m81.29%[0m[1;92m ][0m
[1;93mExtract: [0m[1;92m[ [0m[0;91m81.31%[0m[1;92m ][0m
[1;93mExtract: [0m[1;92m[ [0m[0;91m81.34%[0m[1;92m ][0m
[1;93mExtract: [0m[1;92m[ [0m[0;91m81.37%[0m[1;92m ][0m
[1;93mExtract: [0m[1;92m[ [0m[0;91m81.39%[0m[1;92m ][0m
[1;93mExtract: [0m[1;92m[ [0m[0;91m81.42%[0m[1;92m ][0m
[1;93mExtract: [0m[1;92m[ [0m[0;91m81.45%[0m[1;92m ][0m
[1;93mExtract: [0m[1;92m[ [0m[0;91m81.47%[0m[1;92m ][0m
[1;93mExtract: [0m[1;92m[ [0m[0;91m81.50%[0m[1;92m ][0m
[1;93mExtract: [0m[1;92m[ [0m[0;91m81.53%[0m[1;92m ][0m
[1;93mExtract: [0m[1;92m[ [0m[0;91m81.56%[0m[1;92m ][0m
[1;93mExtract: [0m[1;92m[ [0m[0;91m81.58%[0m[1;92m ][0m
[1;93mExtract: [0m[1;92m[ [0m[0;91m81.61%[0m[1;92m ][0m
[1;93mExtract: [0m[1;92m[ [0m[0;91m81.64%[0m[1;92m ][0m
[1;93mExtract: [0m[1;92m[ [0m[0;91m81.66%[0m[1;92m ][0m
[1;93mExtract: [0m[1;92m[ [0m[0;91m81.69%[0m[1;92m ][0m
[1;93mExtract: [0m[1;92m[ [0m[0;91m81.72%[0m[1;92m ][0m
[1;93mExtract: [0m[1;92m[ [0m[0;91m81.74%[0m[1;92m ][0m
[1;93mExtract: [0m[1;92m[ [0m[0;91m81.77%[0m[1;92m ][0m
[1;93mExtract: [0m[1;92m[ [0m[0;91m81.80%[0m[1;92m ][0m
[1;93mExtract: [0m[1;92m[ [0m[0;91m81.83%[0m[1;92m ][0m
[1;93mExtract: [0m[1;92m[ [0m[0;91m81.85%[0m[1;92m ][0m
[1;93mExtract: [0m[1;92m[ [0m[0;91m81.88%[0m[1;92m ][0m
[1;93mExtract: [0m[1;92m[ [0m[0;91m81.91%[0m[1;92m ][0m
[1;93mExtract: [0m[1;92m[ [0m[0;91m81.93%[0m[1;92m ][0m
[1;93mExtract: [0m[1;92m[ [0m[0;91m81.96%[0m[1;92m ][0m
[1;93mExtract: [0m[1;92m[ [0m[0;91m81.99%[0m[1;92m ][0m
[1;93mExtract: [0m[1;92m[ [0m[0;91m82.01%[0m[1;92m ][0m
[1;93mExtract: [0m[1;92m[ [0m[0;91m82.04%[0m[1;92m ][0m
[1;93mExtract: [0m[1;92m[ [0m[0;91m82.07%[0m[1;92m ][0m
[1;93mExtract: [0m[1;92m[ [0m[0;91m82.10%[0m[1;92m ][0m
[1;93mExtract: [0m[1;92m[ [0m[0;91m82.12%[0m[1;92m ][0m
[1;93mExtract: [0m[1;92m[ [0m[0;91m82.15%[0m[1;92m ][0m
[1;93mExtract: [0m[1;92m[ [0m[0;91m82.18%[0m[1;92m ][0m
[1;93mExtract: [0m[1;92m[ [0m[0;91m82.20%[0m[1;92m ][0m
[1;93mExtract: [0m[1;92m[ [0m[0;91m82.23%[0m[1;92m ][0m
[1;93mExtract: [0m[1;92m[ [0m[0;91m82.26%[0m[1;92m ][0m
[1;93mExtract: [0m[1;92m[ [0m[0;91m82.28%[0m[1;92m ][0m
[1;93mExtract: [0m[1;92m[ [0m[0;91m82.31%[0m[1;92m ][0m
[1;93mExtract: [0m[1;92m[ [0m[0;91m82.34%[0m[1;92m ][0m
[1;93mExtract: [0m[1;92m[ [0m[0;91m82.37%[0m[1;92m ][0m
[1;93mExtract: [0m[1;92m[ [0m[0;91m82.39%[0m[1;92m ][0m
[1;93mExtract: [0m[1;92m[ [0m[0;91m82.42%[0m[1;92m ][0m
[1;93mExtract: [0m[1;92m[ [0m[0;91m82.45%[0m[1;92m ][0m
[1;93mExtract: [0m[1;92m[ [0m[0;91m82.47%[0m[1;92m ][0m
[1;93mExtract: [0m[1;92m[ [0m[0;91m82.50%[0m[1;92m ][0m
[1;93mExtract: [0m[1;92m[ [0m[0;91m82.53%[0m[1;92m ][0m
[1;93mExtract: [0m[1;92m[ [0m[0;91m82.55%[0m[1;92m ][0m
[1;93mExtract: [0m[1;92m[ [0m[0;91m82.58%[0m[1;92m ][0m
[1;93mExtract: [0m[1;92m[ [0m[0;91m82.61%[0m[1;92m ][0m
[1;93mExtract: [0m[1;92m[ [0m[0;91m82.64%[0m[1;92m ][0m
[1;93mExtract: [0m[1;92m[ [0m[0;91m82.66%[0m[1;92m ][0m
[1;93mExtract: [0m[1;92m[ [0m[0;91m82.69%[0m[1;92m ][0m
[1;93mExtract: [0m[1;92m[ [0m[0;91m82.72%[0m[1;92m ][0m
[1;93mExtract: [0m[1;92m[ [0m[0;91m82.74%[0m[1;92m ][0m
[1;93mExtract: [0m[1;92m[ [0m[0;91m82.77%[0m[1;92m ][0m
[1;93mExtract: [0m[1;92m[ [0m[0;91m82.80%[0m[1;92m ][0m
[1;93mExtract: [0m[1;92m[ [0m[0;91m82.82%[0m[1;92m ][0m
[1;93mExtract: [0m[1;92m[ [0m[0;91m82.85%[0m[1;92m ][0m
[1;93mExtract: [0m[1;92m[ [0m[0;91m82.88%[0m[1;92m ][0m
[1;93mExtract: [0m[1;92m[ [0m[0;91m82.91%[0m[1;92m ][0m
[1;93mExtract: [0m[1;92m[ [0m[0;91m82.93%[0m[1;92m ][0m
[1;93mExtract: [0m[1;92m[ [0m[0;91m82.96%[0m[1;92m ][0m
[1;93mExtract: [0m[1;92m[ [0m[0;91m82.99%[0m[1;92m ][0m
[1;93mExtract: [0m[1;92m[ [0m[0;91m83.01%[0m[1;92m ][0m
[1;93mExtract: [0m[1;92m[ [0m[0;91m83.04%[0m[1;92m ][0m
[1;93mExtract: [0m[1;92m[ [0m[0;91m83.07%[0m[1;92m ][0m
[1;93mExtract: [0m[1;92m[ [0m[0;91m83.09%[0m[1;92m ][0m
[1;93mExtract: [0m[1;92m[ [0m[0;91m83.12%[0m[1;92m ][0m
[1;93mExtract: [0m[1;92m[ [0m[0;91m83.15%[0m[1;92m ][0m
[1;93mExtract: [0m[1;92m[ [0m[0;91m83.18%[0m[1;92m ][0m
[1;93mExtract: [0m[1;92m[ [0m[0;91m83.20%[0m[1;92m ][0m
[1;93mExtract: [0m[1;92m[ [0m[0;91m83.23%[0m[1;92m ][0m
[1;93mExtract: [0m[1;92m[ [0m[0;91m83.26%[0m[1;92m ][0m
[1;93mExtract: [0m[1;92m[ [0m[0;91m83.28%[0m[1;92m ][0m
[1;93mExtract: [0m[1;92m[ [0m[0;91m83.31%[0m[1;92m ][0m
[1;93mExtract: [0m[1;92m[ [0m[0;91m83.34%[0m[1;92m ][0m
[1;93mExtract: [0m[1;92m[ [0m[0;91m83.36%[0m[1;92m ][0m
[1;93mExtract: [0m[1;92m[ [0m[0;91m83.39%[0m[1;92m ][0m
[1;93mExtract: [0m[1;92m[ [0m[0;91m83.42%[0m[1;92m ][0m
[1;93mExtract: [0m[1;92m[ [0m[0;91m83.45%[0m[1;92m ][0m
[1;93mExtract: [0m[1;92m[ [0m[0;91m83.47%[0m[1;92m ][0m
[1;93mExtract: [0m[1;92m[ [0m[0;91m83.50%[0m[1;92m ][0m
[1;93mExtract: [0m[1;92m[ [0m[0;91m83.53%[0m[1;92m ][0m
[1;93mExtract: [0m[1;92m[ [0m[0;91m83.55%[0m[1;92m ][0m
[1;93mExtract: [0m[1;92m[ [0m[0;91m83.58%[0m[1;92m ][0m
[1;93mExtract: [0m[1;92m[ [0m[0;91m83.61%[0m[1;92m ][0m
[1;93mExtract: [0m[1;92m[ [0m[0;91m83.63%[0m[1;92m ][0m
[1;93mExtract: [0m[1;92m[ [0m[0;91m83.66%[0m[1;92m ][0m
[1;93mExtract: [0m[1;92m[ [0m[0;91m83.69%[0m[1;92m ][0m
[1;93mExtract: [0m[1;92m[ [0m[0;91m83.72%[0m[1;92m ][0m
[1;93mExtract: [0m[1;92m[ [0m[0;91m83.74%[0m[1;92m ][0m
[1;93mExtract: [0m[1;92m[ [0m[0;91m83.77%[0m[1;92m ][0m
[1;93mExtract: [0m[1;92m[ [0m[0;91m83.80%[0m[1;92m ][0m
[1;93mExtract: [0m[1;92m[ [0m[0;91m83.82%[0m[1;92m ][0m
[1;93mExtract: [0m[1;92m[ [0m[0;91m83.85%[0m[1;92m ][0m
[1;93mExtract: [0m[1;92m[ [0m[0;91m83.88%[0m[1;92m ][0m
[1;93mExtract: [0m[1;92m[ [0m[0;91m83.90%[0m[1;92m ][0m
[1;93mExtract: [0m[1;92m[ [0m[0;91m83.93%[0m[1;92m ][0m
[1;93mExtract: [0m[1;92m[ [0m[0;91m83.96%[0m[1;92m ][0m
[1;93mExtract: [0m[1;92m[ [0m[0;91m83.99%[0m[1;92m ][0m
[1;93mExtract: [0m[1;92m[ [0m[0;91m84.01%[0m[1;92m ][0m
[1;93mExtract: [0m[1;92m[ [0m[0;91m84.04%[0m[1;92m ][0m
[1;93mExtract: [0m[1;92m[ [0m[0;91m84.07%[0m[1;92m ][0m
[1;93mExtract: [0m[1;92m[ [0m[0;91m84.09%[0m[1;92m ][0m
[1;93mExtract: [0m[1;92m[ [0m[0;91m84.12%[0m[1;92m ][0m
[1;93mExtract: [0m[1;92m[ [0m[0;91m84.15%[0m[1;92m ][0m
[1;93mExtract: [0m[1;92m[ [0m[0;91m84.17%[0m[1;92m ][0m
[1;93mExtract: [0m[1;92m[ [0m[0;91m84.20%[0m[1;92m ][0m
[1;93mExtract: [0m[1;92m[ [0m[0;91m84.23%[0m[1;92m ][0m
[1;93mExtract: [0m[1;92m[ [0m[0;91m84.26%[0m[1;92m ][0m
[1;93mExtract: [0m[1;92m[ [0m[0;91m84.28%[0m[1;92m ][0m
[1;93mExtract: [0m[1;92m[ [0m[0;91m84.31%[0m[1;92m ][0m
[1;93mExtract: [0m[1;92m[ [0m[0;91m84.34%[0m[1;92m ][0m
[1;93mExtract: [0m[1;92m[ [0m[0;91m84.36%[0m[1;92m ][0m
[1;93mExtract: [0m[1;92m[ [0m[0;91m84.39%[0m[1;92m ][0m
[1;93mExtract: [0m[1;92m[ [0m[0;91m84.42%[0m[1;92m ][0m
[1;93mExtract: [0m[1;92m[ [0m[0;91m84.45%[0m[1;92m ][0m
[1;93mExtract: [0m[1;92m[ [0m[0;91m84.47%[0m[1;92m ][0m
[1;93mExtract: [0m[1;92m[ [0m[0;91m84.50%[0m[1;92m ][0m
[1;93mExtract: [0m[1;92m[ [0m[0;91m84.53%[0m[1;92m ][0m
[1;93mExtract: [0m[1;92m[ [0m[0;91m84.55%[0m[1;92m ][0m
[1;93mExtract: [0m[1;92m[ [0m[0;91m84.58%[0m[1;92m ][0m
[1;93mExtract: [0m[1;92m[ [0m[0;91m84.61%[0m[1;92m ][0m
[1;93mExtract: [0m[1;92m[ [0m[0;91m84.63%[0m[1;92m ][0m
[1;93mExtract: [0m[1;92m[ [0m[0;91m84.66%[0m[1;92m ][0m
[1;93mExtract: [0m[1;92m[ [0m[0;91m84.69%[0m[1;92m ][0m
[1;93mExtract: [0m[1;92m[ [0m[0;91m84.72%[0m[1;92m ][0m
[1;93mExtract: [0m[1;92m[ [0m[0;91m84.74%[0m[1;92m ][0m
[1;93mExtract: [0m[1;92m[ [0m[0;91m84.77%[0m[1;92m ][0m
[1;93mExtract: [0m[1;92m[ [0m[0;91m84.80%[0m[1;92m ][0m
[1;93mExtract: [0m[1;92m[ [0m[0;91m84.82%[0m[1;92m ][0m
[1;93mExtract: [0m[1;92m[ [0m[0;91m84.85%[0m[1;92m ][0m
[1;93mExtract: [0m[1;92m[ [0m[0;91m84.88%[0m[1;92m ][0m
[1;93mExtract: [0m[1;92m[ [0m[0;91m84.90%[0m[1;92m ][0m
[1;93mExtract: [0m[1;92m[ [0m[0;91m84.93%[0m[1;92m ][0m
[1;93mExtract: [0m[1;92m[ [0m[0;91m84.96%[0m[1;92m ][0m
[1;93mExtract: [0m[1;92m[ [0m[0;91m84.99%[0m[1;92m ][0m
[1;93mExtract: [0m[1;92m[ [0m[0;91m85.01%[0m[1;92m ][0m
[1;93mExtract: [0m[1;92m[ [0m[0;91m85.04%[0m[1;92m ][0m
[1;93mExtract: [0m[1;92m[ [0m[0;91m85.07%[0m[1;92m ][0m
[1;93mExtract: [0m[1;92m[ [0m[0;91m85.09%[0m[1;92m ][0m
[1;93mExtract: [0m[1;92m[ [0m[0;91m85.12%[0m[1;92m ][0m
[1;93mExtract: [0m[1;92m[ [0m[0;91m85.15%[0m[1;92m ][0m
[1;93mExtract: [0m[1;92m[ [0m[0;91m85.17%[0m[1;92m ][0m
[1;93mExtract: [0m[1;92m[ [0m[0;91m85.20%[0m[1;92m ][0m
[1;93mExtract: [0m[1;92m[ [0m[0;91m85.23%[0m[1;92m ][0m
[1;93mExtract: [0m[1;92m[ [0m[0;91m85.26%[0m[1;92m ][0m
[1;93mExtract: [0m[1;92m[ [0m[0;91m85.28%[0m[1;92m ][0m
[1;93mExtract: [0m[1;92m[ [0m[0;91m85.31%[0m[1;92m ][0m
[1;93mExtract: [0m[1;92m[ [0m[0;91m85.34%[0m[1;92m ][0m
[1;93mExtract: [0m[1;92m[ [0m[0;91m85.36%[0m[1;92m ][0m
[1;93mExtract: [0m[1;92m[ [0m[0;91m85.39%[0m[1;92m ][0m
[1;93mExtract: [0m[1;92m[ [0m[0;91m85.42%[0m[1;92m ][0m
[1;93mExtract: [0m[1;92m[ [0m[0;91m85.44%[0m[1;92m ][0m
[1;93mExtract: [0m[1;92m[ [0m[0;91m85.47%[0m[1;92m ][0m
[1;93mExtract: [0m[1;92m[ [0m[0;91m85.50%[0m[1;92m ][0m
[1;93mExtract: [0m[1;92m[ [0m[0;91m85.53%[0m[1;92m ][0m
[1;93mExtract: [0m[1;92m[ [0m[0;91m85.55%[0m[1;92m ][0m
[1;93mExtract: [0m[1;92m[ [0m[0;91m85.58%[0m[1;92m ][0m
[1;93mExtract: [0m[1;92m[ [0m[0;91m85.61%[0m[1;92m ][0m
[1;93mExtract: [0m[1;92m[ [0m[0;91m85.63%[0m[1;92m ][0m
[1;93mExtract: [0m[1;92m[ [0m[0;91m85.66%[0m[1;92m ][0m
[1;93mExtract: [0m[1;92m[ [0m[0;91m85.69%[0m[1;92m ][0m
[1;93mExtract: [0m[1;92m[ [0m[0;91m85.71%[0m[1;92m ][0m
[1;93mExtract: [0m[1;92m[ [0m[0;91m85.74%[0m[1;92m ][0m
[1;93mExtract: [0m[1;92m[ [0m[0;91m85.77%[0m[1;92m ][0m
[1;93mExtract: [0m[1;92m[ [0m[0;91m85.80%[0m[1;92m ][0m
[1;93mExtract: [0m[1;92m[ [0m[0;91m85.82%[0m[1;92m ][0m
[1;93mExtract: [0m[1;92m[ [0m[0;91m85.85%[0m[1;92m ][0m
[1;93mExtract: [0m[1;92m[ [0m[0;91m85.88%[0m[1;92m ][0m
[1;93mExtract: [0m[1;92m[ [0m[0;91m85.90%[0m[1;92m ][0m
[1;93mExtract: [0m[1;92m[ [0m[0;91m85.93%[0m[1;92m ][0m
[1;93mExtract: [0m[1;92m[ [0m[0;91m85.96%[0m[1;92m ][0m
[1;93mExtract: [0m[1;92m[ [0m[0;91m85.98%[0m[1;92m ][0m
[1;93mExtract: [0m[1;92m[ [0m[0;91m86.01%[0m[1;92m ][0m
[1;93mExtract: [0m[1;92m[ [0m[0;91m86.04%[0m[1;92m ][0m
[1;93mExtract: [0m[1;92m[ [0m[0;91m86.07%[0m[1;92m ][0m
[1;93mExtract: [0m[1;92m[ [0m[0;91m86.09%[0m[1;92m ][0m
[1;93mExtract: [0m[1;92m[ [0m[0;91m86.12%[0m[1;92m ][0m
[1;93mExtract: [0m[1;92m[ [0m[0;91m86.15%[0m[1;92m ][0m
[1;93mExtract: [0m[1;92m[ [0m[0;91m86.17%[0m[1;92m ][0m
[1;93mExtract: [0m[1;92m[ [0m[0;91m86.20%[0m[1;92m ][0m
[1;93mExtract: [0m[1;92m[ [0m[0;91m86.23%[0m[1;92m ][0m
[1;93mExtract: [0m[1;92m[ [0m[0;91m86.25%[0m[1;92m ][0m
[1;93mExtract: [0m[1;92m[ [0m[0;91m86.28%[0m[1;92m ][0m
[1;93mExtract: [0m[1;92m[ [0m[0;91m86.31%[0m[1;92m ][0m
[1;93mExtract: [0m[1;92m[ [0m[0;91m86.34%[0m[1;92m ][0m
[1;93mExtract: [0m[1;92m[ [0m[0;91m86.36%[0m[1;92m ][0m
[1;93mExtract: [0m[1;92m[ [0m[0;91m86.39%[0m[1;92m ][0m
[1;93mExtract: [0m[1;92m[ [0m[0;91m86.42%[0m[1;92m ][0m
[1;93mExtract: [0m[1;92m[ [0m[0;91m86.44%[0m[1;92m ][0m
[1;93mExtract: [0m[1;92m[ [0m[0;91m86.47%[0m[1;92m ][0m
[1;93mExtract: [0m[1;92m[ [0m[0;91m86.50%[0m[1;92m ][0m
[1;93mExtract: [0m[1;92m[ [0m[0;91m86.52%[0m[1;92m ][0m
[1;93mExtract: [0m[1;92m[ [0m[0;91m86.55%[0m[1;92m ][0m
[1;93mExtract: [0m[1;92m[ [0m[0;91m86.58%[0m[1;92m ][0m
[1;93mExtract: [0m[1;92m[ [0m[0;91m86.61%[0m[1;92m ][0m
[1;93mExtract: [0m[1;92m[ [0m[0;91m86.63%[0m[1;92m ][0m
[1;93mExtract: [0m[1;92m[ [0m[0;91m86.66%[0m[1;92m ][0m
[1;93mExtract: [0m[1;92m[ [0m[0;91m86.69%[0m[1;92m ][0m
[1;93mExtract: [0m[1;92m[ [0m[0;91m86.71%[0m[1;92m ][0m
[1;93mExtract: [0m[1;92m[ [0m[0;91m86.74%[0m[1;92m ][0m
[1;93mExtract: [0m[1;92m[ [0m[0;91m86.77%[0m[1;92m ][0m
[1;93mExtract: [0m[1;92m[ [0m[0;91m86.79%[0m[1;92m ][0m
[1;93mExtract: [0m[1;92m[ [0m[0;91m86.82%[0m[1;92m ][0m
[1;93mExtract: [0m[1;92m[ [0m[0;91m86.85%[0m[1;92m ][0m
[1;93mExtract: [0m[1;92m[ [0m[0;91m86.88%[0m[1;92m ][0m
[1;93mExtract: [0m[1;92m[ [0m[0;91m86.90%[0m[1;92m ][0m
[1;93mExtract: [0m[1;92m[ [0m[0;91m86.93%[0m[1;92m ][0m
[1;93mExtract: [0m[1;92m[ [0m[0;91m86.96%[0m[1;92m ][0m
[1;93mExtract: [0m[1;92m[ [0m[0;91m86.98%[0m[1;92m ][0m
[1;93mExtract: [0m[1;92m[ [0m[0;91m87.01%[0m[1;92m ][0m
[1;93mExtract: [0m[1;92m[ [0m[0;91m87.04%[0m[1;92m ][0m
[1;93mExtract: [0m[1;92m[ [0m[0;91m87.06%[0m[1;92m ][0m
[1;93mExtract: [0m[1;92m[ [0m[0;91m87.09%[0m[1;92m ][0m
[1;93mExtract: [0m[1;92m[ [0m[0;91m87.12%[0m[1;92m ][0m
[1;93mExtract: [0m[1;92m[ [0m[0;91m87.15%[0m[1;92m ][0m
[1;93mExtract: [0m[1;92m[ [0m[0;91m87.17%[0m[1;92m ][0m
[1;93mExtract: [0m[1;92m[ [0m[0;91m87.20%[0m[1;92m ][0m
[1;93mExtract: [0m[1;92m[ [0m[0;91m87.23%[0m[1;92m ][0m
[1;93mExtract: [0m[1;92m[ [0m[0;91m87.25%[0m[1;92m ][0m
[1;93mExtract: [0m[1;92m[ [0m[0;91m87.28%[0m[1;92m ][0m
[1;93mExtract: [0m[1;92m[ [0m[0;91m87.31%[0m[1;92m ][0m
[1;93mExtract: [0m[1;92m[ [0m[0;91m87.33%[0m[1;92m ][0m
[1;93mExtract: [0m[1;92m[ [0m[0;91m87.36%[0m[1;92m ][0m
[1;93mExtract: [0m[1;92m[ [0m[0;91m87.39%[0m[1;92m ][0m
[1;93mExtract: [0m[1;92m[ [0m[0;91m87.42%[0m[1;92m ][0m
[1;93mExtract: [0m[1;92m[ [0m[0;91m87.44%[0m[1;92m ][0m
[1;93mExtract: [0m[1;92m[ [0m[0;91m87.47%[0m[1;92m ][0m
[1;93mExtract: [0m[1;92m[ [0m[0;91m87.50%[0m[1;92m ][0m
[1;93mExtract: [0m[1;92m[ [0m[0;91m87.52%[0m[1;92m ][0m
[1;93mExtract: [0m[1;92m[ [0m[0;91m87.55%[0m[1;92m ][0m
[1;93mExtract: [0m[1;92m[ [0m[0;91m87.58%[0m[1;92m ][0m
[1;93mExtract: [0m[1;92m[ [0m[0;91m87.60%[0m[1;92m ][0m
[1;93mExtract: [0m[1;92m[ [0m[0;91m87.63%[0m[1;92m ][0m
[1;93mExtract: [0m[1;92m[ [0m[0;91m87.66%[0m[1;92m ][0m
[1;93mExtract: [0m[1;92m[ [0m[0;91m87.69%[0m[1;92m ][0m
[1;93mExtract: [0m[1;92m[ [0m[0;91m87.71%[0m[1;92m ][0m
[1;93mExtract: [0m[1;92m[ [0m[0;91m87.74%[0m[1;92m ][0m
[1;93mExtract: [0m[1;92m[ [0m[0;91m87.77%[0m[1;92m ][0m
[1;93mExtract: [0m[1;92m[ [0m[0;91m87.79%[0m[1;92m ][0m
[1;93mExtract: [0m[1;92m[ [0m[0;91m87.82%[0m[1;92m ][0m
[1;93mExtract: [0m[1;92m[ [0m[0;91m87.85%[0m[1;92m ][0m
[1;93mExtract: [0m[1;92m[ [0m[0;91m87.87%[0m[1;92m ][0m
[1;93mExtract: [0m[1;92m[ [0m[0;91m87.90%[0m[1;92m ][0m
[1;93mExtract: [0m[1;92m[ [0m[0;91m87.93%[0m[1;92m ][0m
[1;93mExtract: [0m[1;92m[ [0m[0;91m87.96%[0m[1;92m ][0m
[1;93mExtract: [0m[1;92m[ [0m[0;91m87.98%[0m[1;92m ][0m
[1;93mExtract: [0m[1;92m[ [0m[0;91m88.01%[0m[1;92m ][0m
[1;93mExtract: [0m[1;92m[ [0m[0;91m88.04%[0m[1;92m ][0m
[1;93mExtract: [0m[1;92m[ [0m[0;91m88.06%[0m[1;92m ][0m
[1;93mExtract: [0m[1;92m[ [0m[0;91m88.09%[0m[1;92m ][0m
[1;93mExtract: [0m[1;92m[ [0m[0;91m88.12%[0m[1;92m ][0m
[1;93mExtract: [0m[1;92m[ [0m[0;91m88.14%[0m[1;92m ][0m
[1;93mExtract: [0m[1;92m[ [0m[0;91m88.17%[0m[1;92m ][0m
[1;93mExtract: [0m[1;92m[ [0m[0;91m88.20%[0m[1;92m ][0m
[1;93mExtract: [0m[1;92m[ [0m[0;91m88.23%[0m[1;92m ][0m
[1;93mExtract: [0m[1;92m[ [0m[0;91m88.25%[0m[1;92m ][0m
[1;93mExtract: [0m[1;92m[ [0m[0;91m88.28%[0m[1;92m ][0m
[1;93mExtract: [0m[1;92m[ [0m[0;91m88.31%[0m[1;92m ][0m
[1;93mExtract: [0m[1;92m[ [0m[0;91m88.33%[0m[1;92m ][0m
[1;93mExtract: [0m[1;92m[ [0m[0;91m88.36%[0m[1;92m ][0m
[1;93mExtract: [0m[1;92m[ [0m[0;91m88.39%[0m[1;92m ][0m
[1;93mExtract: [0m[1;92m[ [0m[0;91m88.41%[0m[1;92m ][0m
[1;93mExtract: [0m[1;92m[ [0m[0;91m88.44%[0m[1;92m ][0m
[1;93mExtract: [0m[1;92m[ [0m[0;91m88.47%[0m[1;92m ][0m
[1;93mExtract: [0m[1;92m[ [0m[0;91m88.50%[0m[1;92m ][0m
[1;93mExtract: [0m[1;92m[ [0m[0;91m88.52%[0m[1;92m ][0m
[1;93mExtract: [0m[1;92m[ [0m[0;91m88.55%[0m[1;92m ][0m
[1;93mExtract: [0m[1;92m[ [0m[0;91m88.58%[0m[1;92m ][0m
[1;93mExtract: [0m[1;92m[ [0m[0;91m88.60%[0m[1;92m ][0m
[1;93mExtract: [0m[1;92m[ [0m[0;91m88.63%[0m[1;92m ][0m
[1;93mExtract: [0m[1;92m[ [0m[0;91m88.66%[0m[1;92m ][0m
[1;93mExtract: [0m[1;92m[ [0m[0;91m88.68%[0m[1;92m ][0m
[1;93mExtract: [0m[1;92m[ [0m[0;91m88.71%[0m[1;92m ][0m
[1;93mExtract: [0m[1;92m[ [0m[0;91m88.74%[0m[1;92m ][0m
[1;93mExtract: [0m[1;92m[ [0m[0;91m88.77%[0m[1;92m ][0m
[1;93mExtract: [0m[1;92m[ [0m[0;91m88.79%[0m[1;92m ][0m
[1;93mExtract: [0m[1;92m[ [0m[0;91m88.82%[0m[1;92m ][0m
[1;93mExtract: [0m[1;92m[ [0m[0;91m88.85%[0m[1;92m ][0m
[1;93mExtract: [0m[1;92m[ [0m[0;91m88.87%[0m[1;92m ][0m
[1;93mExtract: [0m[1;92m[ [0m[0;91m88.90%[0m[1;92m ][0m
[1;93mExtract: [0m[1;92m[ [0m[0;91m88.93%[0m[1;92m ][0m
[1;93mExtract: [0m[1;92m[ [0m[0;91m88.95%[0m[1;92m ][0m
[1;93mExtract: [0m[1;92m[ [0m[0;91m88.98%[0m[1;92m ][0m
[1;93mExtract: [0m[1;92m[ [0m[0;91m89.01%[0m[1;92m ][0m
[1;93mExtract: [0m[1;92m[ [0m[0;91m89.04%[0m[1;92m ][0m
[1;93mExtract: [0m[1;92m[ [0m[0;91m89.06%[0m[1;92m ][0m
[1;93mExtract: [0m[1;92m[ [0m[0;91m89.09%[0m[1;92m ][0m
[1;93mExtract: [0m[1;92m[ [0m[0;91m89.12%[0m[1;92m ][0m
[1;93mExtract: [0m[1;92m[ [0m[0;91m89.14%[0m[1;92m ][0m
[1;93mExtract: [0m[1;92m[ [0m[0;91m89.17%[0m[1;92m ][0m
[1;93mExtract: [0m[1;92m[ [0m[0;91m89.20%[0m[1;92m ][0m
[1;93mExtract: [0m[1;92m[ [0m[0;91m89.22%[0m[1;92m ][0m
[1;93mExtract: [0m[1;92m[ [0m[0;91m89.25%[0m[1;92m ][0m
[1;93mExtract: [0m[1;92m[ [0m[0;91m89.28%[0m[1;92m ][0m
[1;93mExtract: [0m[1;92m[ [0m[0;91m89.31%[0m[1;92m ][0m
[1;93mExtract: [0m[1;92m[ [0m[0;91m89.33%[0m[1;92m ][0m
[1;93mExtract: [0m[1;92m[ [0m[0;91m89.36%[0m[1;92m ][0m
[1;93mExtract: [0m[1;92m[ [0m[0;91m89.39%[0m[1;92m ][0m
[1;93mExtract: [0m[1;92m[ [0m[0;91m89.41%[0m[1;92m ][0m
[1;93mExtract: [0m[1;92m[ [0m[0;91m89.44%[0m[1;92m ][0m
[1;93mExtract: [0m[1;92m[ [0m[0;91m89.47%[0m[1;92m ][0m
[1;93mExtract: [0m[1;92m[ [0m[0;91m89.50%[0m[1;92m ][0m
[1;93mExtract: [0m[1;92m[ [0m[0;91m89.52%[0m[1;92m ][0m
[1;93mExtract: [0m[1;92m[ [0m[0;91m89.55%[0m[1;92m ][0m
[1;93mExtract: [0m[1;92m[ [0m[0;91m89.58%[0m[1;92m ][0m
[1;93mExtract: [0m[1;92m[ [0m[0;91m89.60%[0m[1;92m ][0m
[1;93mExtract: [0m[1;92m[ [0m[0;91m89.63%[0m[1;92m ][0m
[1;93mExtract: [0m[1;92m[ [0m[0;91m89.66%[0m[1;92m ][0m
[1;93mExtract: [0m[1;92m[ [0m[0;91m89.68%[0m[1;92m ][0m
[1;93mExtract: [0m[1;92m[ [0m[0;91m89.71%[0m[1;92m ][0m
[1;93mExtract: [0m[1;92m[ [0m[0;91m89.74%[0m[1;92m ][0m
[1;93mExtract: [0m[1;92m[ [0m[0;91m89.77%[0m[1;92m ][0m
[1;93mExtract: [0m[1;92m[ [0m[0;91m89.79%[0m[1;92m ][0m
[1;93mExtract: [0m[1;92m[ [0m[0;91m89.82%[0m[1;92m ][0m
[1;93mExtract: [0m[1;92m[ [0m[0;91m89.85%[0m[1;92m ][0m
[1;93mExtract: [0m[1;92m[ [0m[0;91m89.87%[0m[1;92m ][0m
[1;93mExtract: [0m[1;92m[ [0m[0;91m89.90%[0m[1;92m ][0m
[1;93mExtract: [0m[1;92m[ [0m[0;91m89.93%[0m[1;92m ][0m
[1;93mExtract: [0m[1;92m[ [0m[0;91m89.95%[0m[1;92m ][0m
[1;93mExtract: [0m[1;92m[ [0m[0;91m89.98%[0m[1;92m ][0m
[1;93mExtract: [0m[1;92m[ [0m[0;91m90.01%[0m[1;92m ][0m
[1;93mExtract: [0m[1;92m[ [0m[0;91m90.04%[0m[1;92m ][0m
[1;93mExtract: [0m[1;92m[ [0m[0;91m90.06%[0m[1;92m ][0m
[1;93mExtract: [0m[1;92m[ [0m[0;91m90.09%[0m[1;92m ][0m
[1;93mExtract: [0m[1;92m[ [0m[0;91m90.12%[0m[1;92m ][0m
[1;93mExtract: [0m[1;92m[ [0m[0;91m90.14%[0m[1;92m ][0m
[1;93mExtract: [0m[1;92m[ [0m[0;91m90.17%[0m[1;92m ][0m
[1;93mExtract: [0m[1;92m[ [0m[0;91m90.20%[0m[1;92m ][0m
[1;93mExtract: [0m[1;92m[ [0m[0;91m90.22%[0m[1;92m ][0m
[1;93mExtract: [0m[1;92m[ [0m[0;91m90.25%[0m[1;92m ][0m
[1;93mExtract: [0m[1;92m[ [0m[0;91m90.28%[0m[1;92m ][0m
[1;93mExtract: [0m[1;92m[ [0m[0;91m90.31%[0m[1;92m ][0m
[1;93mExtract: [0m[1;92m[ [0m[0;91m90.33%[0m[1;92m ][0m
[1;93mExtract: [0m[1;92m[ [0m[0;91m90.36%[0m[1;92m ][0m
[1;93mExtract: [0m[1;92m[ [0m[0;91m90.39%[0m[1;92m ][0m
[1;93mExtract: [0m[1;92m[ [0m[0;91m90.41%[0m[1;92m ][0m
[1;93mExtract: [0m[1;92m[ [0m[0;91m90.44%[0m[1;92m ][0m
[1;93mExtract: [0m[1;92m[ [0m[0;91m90.47%[0m[1;92m ][0m
[1;93mExtract: [0m[1;92m[ [0m[0;91m90.49%[0m[1;92m ][0m
[1;93mExtract: [0m[1;92m[ [0m[0;91m90.52%[0m[1;92m ][0m
[1;93mExtract: [0m[1;92m[ [0m[0;91m90.55%[0m[1;92m ][0m
[1;93mExtract: [0m[1;92m[ [0m[0;91m90.58%[0m[1;92m ][0m
[1;93mExtract: [0m[1;92m[ [0m[0;91m90.60%[0m[1;92m ][0m
[1;93mExtract: [0m[1;92m[ [0m[0;91m90.63%[0m[1;92m ][0m
[1;93mExtract: [0m[1;92m[ [0m[0;91m90.66%[0m[1;92m ][0m
[1;93mExtract: [0m[1;92m[ [0m[0;91m90.68%[0m[1;92m ][0m
[1;93mExtract: [0m[1;92m[ [0m[0;91m90.71%[0m[1;92m ][0m
[1;93mExtract: [0m[1;92m[ [0m[0;91m90.74%[0m[1;92m ][0m
[1;93mExtract: [0m[1;92m[ [0m[0;91m90.76%[0m[1;92m ][0m
[1;93mExtract: [0m[1;92m[ [0m[0;91m90.79%[0m[1;92m ][0m
[1;93mExtract: [0m[1;92m[ [0m[0;91m90.82%[0m[1;92m ][0m
[1;93mExtract: [0m[1;92m[ [0m[0;91m90.85%[0m[1;92m ][0m
[1;93mExtract: [0m[1;92m[ [0m[0;91m90.87%[0m[1;92m ][0m
[1;93mExtract: [0m[1;92m[ [0m[0;91m90.90%[0m[1;92m ][0m
[1;93mExtract: [0m[1;92m[ [0m[0;91m90.93%[0m[1;92m ][0m
[1;93mExtract: [0m[1;92m[ [0m[0;91m90.95%[0m[1;92m ][0m
[1;93mExtract: [0m[1;92m[ [0m[0;91m90.98%[0m[1;92m ][0m
[1;93mExtract: [0m[1;92m[ [0m[0;91m91.01%[0m[1;92m ][0m
[1;93mExtract: [0m[1;92m[ [0m[0;91m91.03%[0m[1;92m ][0m
[1;93mExtract: [0m[1;92m[ [0m[0;91m91.06%[0m[1;92m ][0m
[1;93mExtract: [0m[1;92m[ [0m[0;91m91.09%[0m[1;92m ][0m
[1;93mExtract: [0m[1;92m[ [0m[0;91m91.12%[0m[1;92m ][0m
[1;93mExtract: [0m[1;92m[ [0m[0;91m91.14%[0m[1;92m ][0m
[1;93mExtract: [0m[1;92m[ [0m[0;91m91.17%[0m[1;92m ][0m
[1;93mExtract: [0m[1;92m[ [0m[0;91m91.20%[0m[1;92m ][0m
[1;93mExtract: [0m[1;92m[ [0m[0;91m91.22%[0m[1;92m ][0m
[1;93mExtract: [0m[1;92m[ [0m[0;91m91.25%[0m[1;92m ][0m
[1;93mExtract: [0m[1;92m[ [0m[0;91m91.28%[0m[1;92m ][0m
[1;93mExtract: [0m[1;92m[ [0m[0;91m91.30%[0m[1;92m ][0m
[1;93mExtract: [0m[1;92m[ [0m[0;91m91.33%[0m[1;92m ][0m
[1;93mExtract: [0m[1;92m[ [0m[0;91m91.36%[0m[1;92m ][0m
[1;93mExtract: [0m[1;92m[ [0m[0;91m91.39%[0m[1;92m ][0m
[1;93mExtract: [0m[1;92m[ [0m[0;91m91.41%[0m[1;92m ][0m
[1;93mExtract: [0m[1;92m[ [0m[0;91m91.44%[0m[1;92m ][0m
[1;93mExtract: [0m[1;92m[ [0m[0;91m91.47%[0m[1;92m ][0m
[1;93mExtract: [0m[1;92m[ [0m[0;91m91.49%[0m[1;92m ][0m
[1;93mExtract: [0m[1;92m[ [0m[0;91m91.52%[0m[1;92m ][0m
[1;93mExtract: [0m[1;92m[ [0m[0;91m91.55%[0m[1;92m ][0m
[1;93mExtract: [0m[1;92m[ [0m[0;91m91.57%[0m[1;92m ][0m
[1;93mExtract: [0m[1;92m[ [0m[0;91m91.60%[0m[1;92m ][0m
[1;93mExtract: [0m[1;92m[ [0m[0;91m91.63%[0m[1;92m ][0m
[1;93mExtract: [0m[1;92m[ [0m[0;91m91.66%[0m[1;92m ][0m
[1;93mExtract: [0m[1;92m[ [0m[0;91m91.68%[0m[1;92m ][0m
[1;93mExtract: [0m[1;92m[ [0m[0;91m91.71%[0m[1;92m ][0m
[1;93mExtract: [0m[1;92m[ [0m[0;91m91.74%[0m[1;92m ][0m
[1;93mExtract: [0m[1;92m[ [0m[0;91m91.76%[0m[1;92m ][0m
[1;93mExtract: [0m[1;92m[ [0m[0;91m91.79%[0m[1;92m ][0m
[1;93mExtract: [0m[1;92m[ [0m[0;91m91.82%[0m[1;92m ][0m
[1;93mExtract: [0m[1;92m[ [0m[0;91m91.84%[0m[1;92m ][0m
[1;93mExtract: [0m[1;92m[ [0m[0;91m91.87%[0m[1;92m ][0m
[1;93mExtract: [0m[1;92m[ [0m[0;91m91.90%[0m[1;92m ][0m
[1;93mExtract: [0m[1;92m[ [0m[0;91m91.93%[0m[1;92m ][0m
[1;93mExtract: [0m[1;92m[ [0m[0;91m91.95%[0m[1;92m ][0m
[1;93mExtract: [0m[1;92m[ [0m[0;91m91.98%[0m[1;92m ][0m
[1;93mExtract: [0m[1;92m[ [0m[0;91m92.01%[0m[1;92m ][0m
[1;93mExtract: [0m[1;92m[ [0m[0;91m92.03%[0m[1;92m ][0m
[1;93mExtract: [0m[1;92m[ [0m[0;91m92.06%[0m[1;92m ][0m
[1;93mExtract: [0m[1;92m[ [0m[0;91m92.09%[0m[1;92m ][0m
[1;93mExtract: [0m[1;92m[ [0m[0;91m92.11%[0m[1;92m ][0m
[1;93mExtract: [0m[1;92m[ [0m[0;91m92.14%[0m[1;92m ][0m
[1;93mExtract: [0m[1;92m[ [0m[0;91m92.17%[0m[1;92m ][0m
[1;93mExtract: [0m[1;92m[ [0m[0;91m92.20%[0m[1;92m ][0m
[1;93mExtract: [0m[1;92m[ [0m[0;91m92.22%[0m[1;92m ][0m
[1;93mExtract: [0m[1;92m[ [0m[0;91m92.25%[0m[1;92m ][0m
[1;93mExtract: [0m[1;92m[ [0m[0;91m92.28%[0m[1;92m ][0m
[1;93mExtract: [0m[1;92m[ [0m[0;91m92.30%[0m[1;92m ][0m
[1;93mExtract: [0m[1;92m[ [0m[0;91m92.33%[0m[1;92m ][0m
[1;93mExtract: [0m[1;92m[ [0m[0;91m92.36%[0m[1;92m ][0m
[1;93mExtract: [0m[1;92m[ [0m[0;91m92.38%[0m[1;92m ][0m
[1;93mExtract: [0m[1;92m[ [0m[0;91m92.41%[0m[1;92m ][0m
[1;93mExtract: [0m[1;92m[ [0m[0;91m92.44%[0m[1;92m ][0m
[1;93mExtract: [0m[1;92m[ [0m[0;91m92.47%[0m[1;92m ][0m
[1;93mExtract: [0m[1;92m[ [0m[0;91m92.49%[0m[1;92m ][0m
[1;93mExtract: [0m[1;92m[ [0m[0;91m92.52%[0m[1;92m ][0m
[1;93mExtract: [0m[1;92m[ [0m[0;91m92.55%[0m[1;92m ][0m
[1;93mExtract: [0m[1;92m[ [0m[0;91m92.57%[0m[1;92m ][0m
[1;93mExtract: [0m[1;92m[ [0m[0;91m92.60%[0m[1;92m ][0m
[1;93mExtract: [0m[1;92m[ [0m[0;91m92.63%[0m[1;92m ][0m
[1;93mExtract: [0m[1;92m[ [0m[0;91m92.65%[0m[1;92m ][0m
[1;93mExtract: [0m[1;92m[ [0m[0;91m92.68%[0m[1;92m ][0m
[1;93mExtract: [0m[1;92m[ [0m[0;91m92.71%[0m[1;92m ][0m
[1;93mExtract: [0m[1;92m[ [0m[0;91m92.74%[0m[1;92m ][0m
[1;93mExtract: [0m[1;92m[ [0m[0;91m92.76%[0m[1;92m ][0m
[1;93mExtract: [0m[1;92m[ [0m[0;91m92.79%[0m[1;92m ][0m
[1;93mExtract: [0m[1;92m[ [0m[0;91m92.82%[0m[1;92m ][0m
[1;93mExtract: [0m[1;92m[ [0m[0;91m92.84%[0m[1;92m ][0m
[1;93mExtract: [0m[1;92m[ [0m[0;91m92.87%[0m[1;92m ][0m
[1;93mExtract: [0m[1;92m[ [0m[0;91m92.90%[0m[1;92m ][0m
[1;93mExtract: [0m[1;92m[ [0m[0;91m92.92%[0m[1;92m ][0m
[1;93mExtract: [0m[1;92m[ [0m[0;91m92.95%[0m[1;92m ][0m
[1;93mExtract: [0m[1;92m[ [0m[0;91m92.98%[0m[1;92m ][0m
[1;93mExtract: [0m[1;92m[ [0m[0;91m93.01%[0m[1;92m ][0m
[1;93mExtract: [0m[1;92m[ [0m[0;91m93.03%[0m[1;92m ][0m
[1;93mExtract: [0m[1;92m[ [0m[0;91m93.06%[0m[1;92m ][0m
[1;93mExtract: [0m[1;92m[ [0m[0;91m93.09%[0m[1;92m ][0m
[1;93mExtract: [0m[1;92m[ [0m[0;91m93.11%[0m[1;92m ][0m
[1;93mExtract: [0m[1;92m[ [0m[0;91m93.14%[0m[1;92m ][0m
[1;93mExtract: [0m[1;92m[ [0m[0;91m93.17%[0m[1;92m ][0m
[1;93mExtract: [0m[1;92m[ [0m[0;91m93.19%[0m[1;92m ][0m
[1;93mExtract: [0m[1;92m[ [0m[0;91m93.22%[0m[1;92m ][0m
[1;93mExtract: [0m[1;92m[ [0m[0;91m93.25%[0m[1;92m ][0m
[1;93mExtract: [0m[1;92m[ [0m[0;91m93.28%[0m[1;92m ][0m
[1;93mExtract: [0m[1;92m[ [0m[0;91m93.30%[0m[1;92m ][0m
[1;93mExtract: [0m[1;92m[ [0m[0;91m93.33%[0m[1;92m ][0m
[1;93mExtract: [0m[1;92m[ [0m[0;91m93.36%[0m[1;92m ][0m
[1;93mExtract: [0m[1;92m[ [0m[0;91m93.38%[0m[1;92m ][0m
[1;93mExtract: [0m[1;92m[ [0m[0;91m93.41%[0m[1;92m ][0m
[1;93mExtract: [0m[1;92m[ [0m[0;91m93.44%[0m[1;92m ][0m
[1;93mExtract: [0m[1;92m[ [0m[0;91m93.46%[0m[1;92m ][0m
[1;93mExtract: [0m[1;92m[ [0m[0;91m93.49%[0m[1;92m ][0m
[1;93mExtract: [0m[1;92m[ [0m[0;91m93.52%[0m[1;92m ][0m
[1;93mExtract: [0m[1;92m[ [0m[0;91m93.55%[0m[1;92m ][0m
[1;93mExtract: [0m[1;92m[ [0m[0;91m93.57%[0m[1;92m ][0m
[1;93mExtract: [0m[1;92m[ [0m[0;91m93.60%[0m[1;92m ][0m
[1;93mExtract: [0m[1;92m[ [0m[0;91m93.63%[0m[1;92m ][0m
[1;93mExtract: [0m[1;92m[ [0m[0;91m93.65%[0m[1;92m ][0m
[1;93mExtract: [0m[1;92m[ [0m[0;91m93.68%[0m[1;92m ][0m
[1;93mExtract: [0m[1;92m[ [0m[0;91m93.71%[0m[1;92m ][0m
[1;93mExtract: [0m[1;92m[ [0m[0;91m93.73%[0m[1;92m ][0m
[1;93mExtract: [0m[1;92m[ [0m[0;91m93.76%[0m[1;92m ][0m
[1;93mExtract: [0m[1;92m[ [0m[0;91m93.79%[0m[1;92m ][0m
[1;93mExtract: [0m[1;92m[ [0m[0;91m93.82%[0m[1;92m ][0m
[1;93mExtract: [0m[1;92m[ [0m[0;91m93.84%[0m[1;92m ][0m
[1;93mExtract: [0m[1;92m[ [0m[0;91m93.87%[0m[1;92m ][0m
[1;93mExtract: [0m[1;92m[ [0m[0;91m93.90%[0m[1;92m ][0m
[1;93mExtract: [0m[1;92m[ [0m[0;91m93.92%[0m[1;92m ][0m
[1;93mExtract: [0m[1;92m[ [0m[0;91m93.95%[0m[1;92m ][0m
[1;93mExtract: [0m[1;92m[ [0m[0;91m93.98%[0m[1;92m ][0m
[1;93mExtract: [0m[1;92m[ [0m[0;91m94.00%[0m[1;92m ][0m
[1;93mExtract: [0m[1;92m[ [0m[0;91m94.03%[0m[1;92m ][0m
[1;93mExtract: [0m[1;92m[ [0m[0;91m94.06%[0m[1;92m ][0m
[1;93mExtract: [0m[1;92m[ [0m[0;91m94.09%[0m[1;92m ][0m
[1;93mExtract: [0m[1;92m[ [0m[0;91m94.11%[0m[1;92m ][0m
[1;93mExtract: [0m[1;92m[ [0m[0;91m94.14%[0m[1;92m ][0m
[1;93mExtract: [0m[1;92m[ [0m[0;91m94.17%[0m[1;92m ][0m
[1;93mExtract: [0m[1;92m[ [0m[0;91m94.19%[0m[1;92m ][0m
[1;93mExtract: [0m[1;92m[ [0m[0;91m94.22%[0m[1;92m ][0m
[1;93mExtract: [0m[1;92m[ [0m[0;91m94.25%[0m[1;92m ][0m
[1;93mExtract: [0m[1;92m[ [0m[0;91m94.27%[0m[1;92m ][0m
[1;93mExtract: [0m[1;92m[ [0m[0;91m94.30%[0m[1;92m ][0m
[1;93mExtract: [0m[1;92m[ [0m[0;91m94.33%[0m[1;92m ][0m
[1;93mExtract: [0m[1;92m[ [0m[0;91m94.36%[0m[1;92m ][0m
[1;93mExtract: [0m[1;92m[ [0m[0;91m94.38%[0m[1;92m ][0m
[1;93mExtract: [0m[1;92m[ [0m[0;91m94.41%[0m[1;92m ][0m
[1;93mExtract: [0m[1;92m[ [0m[0;91m94.44%[0m[1;92m ][0m
[1;93mExtract: [0m[1;92m[ [0m[0;91m94.46%[0m[1;92m ][0m
[1;93mExtract: [0m[1;92m[ [0m[0;91m94.49%[0m[1;92m ][0m
[1;93mExtract: [0m[1;92m[ [0m[0;91m94.52%[0m[1;92m ][0m
[1;93mExtract: [0m[1;92m[ [0m[0;91m94.54%[0m[1;92m ][0m
[1;93mExtract: [0m[1;92m[ [0m[0;91m94.57%[0m[1;92m ][0m
[1;93mExtract: [0m[1;92m[ [0m[0;91m94.60%[0m[1;92m ][0m
[1;93mExtract: [0m[1;92m[ [0m[0;91m94.63%[0m[1;92m ][0m
[1;93mExtract: [0m[1;92m[ [0m[0;91m94.65%[0m[1;92m ][0m
[1;93mExtract: [0m[1;92m[ [0m[0;91m94.68%[0m[1;92m ][0m
[1;93mExtract: [0m[1;92m[ [0m[0;91m94.71%[0m[1;92m ][0m
[1;93mExtract: [0m[1;92m[ [0m[0;91m94.73%[0m[1;92m ][0m
[1;93mExtract: [0m[1;92m[ [0m[0;91m94.76%[0m[1;92m ][0m
[1;93mExtract: [0m[1;92m[ [0m[0;91m94.79%[0m[1;92m ][0m
[1;93mExtract: [0m[1;92m[ [0m[0;91m94.82%[0m[1;92m ][0m
[1;93mExtract: [0m[1;92m[ [0m[0;91m94.84%[0m[1;92m ][0m
[1;93mExtract: [0m[1;92m[ [0m[0;91m94.87%[0m[1;92m ][0m
[1;93mExtract: [0m[1;92m[ [0m[0;91m94.90%[0m[1;92m ][0m
[1;93mExtract: [0m[1;92m[ [0m[0;91m94.92%[0m[1;92m ][0m
[1;93mExtract: [0m[1;92m[ [0m[0;91m94.95%[0m[1;92m ][0m
[1;93mExtract: [0m[1;92m[ [0m[0;91m94.98%[0m[1;92m ][0m
[1;93mExtract: [0m[1;92m[ [0m[0;91m95.00%[0m[1;92m ][0m
[1;93mExtract: [0m[1;92m[ [0m[0;91m95.03%[0m[1;92m ][0m
[1;93mExtract: [0m[1;92m[ [0m[0;91m95.06%[0m[1;92m ][0m
[1;93mExtract: [0m[1;92m[ [0m[0;91m95.09%[0m[1;92m ][0m
[1;93mExtract: [0m[1;92m[ [0m[0;91m95.11%[0m[1;92m ][0m
[1;93mExtract: [0m[1;92m[ [0m[0;91m95.14%[0m[1;92m ][0m
[1;93mExtract: [0m[1;92m[ [0m[0;91m95.17%[0m[1;92m ][0m
[1;93mExtract: [0m[1;92m[ [0m[0;91m95.19%[0m[1;92m ][0m
[1;93mExtract: [0m[1;92m[ [0m[0;91m95.22%[0m[1;92m ][0m
[1;93mExtract: [0m[1;92m[ [0m[0;91m95.25%[0m[1;92m ][0m
[1;93mExtract: [0m[1;92m[ [0m[0;91m95.27%[0m[1;92m ][0m
[1;93mExtract: [0m[1;92m[ [0m[0;91m95.30%[0m[1;92m ][0m
[1;93mExtract: [0m[1;92m[ [0m[0;91m95.33%[0m[1;92m ][0m
[1;93mExtract: [0m[1;92m[ [0m[0;91m95.36%[0m[1;92m ][0m
[1;93mExtract: [0m[1;92m[ [0m[0;91m95.38%[0m[1;92m ][0m
[1;93mExtract: [0m[1;92m[ [0m[0;91m95.41%[0m[1;92m ][0m
[1;93mExtract: [0m[1;92m[ [0m[0;91m95.44%[0m[1;92m ][0m
[1;93mExtract: [0m[1;92m[ [0m[0;91m95.46%[0m[1;92m ][0m
[1;93mExtract: [0m[1;92m[ [0m[0;91m95.49%[0m[1;92m ][0m
[1;93mExtract: [0m[1;92m[ [0m[0;91m95.52%[0m[1;92m ][0m
[1;93mExtract: [0m[1;92m[ [0m[0;91m95.54%[0m[1;92m ][0m
[1;93mExtract: [0m[1;92m[ [0m[0;91m95.57%[0m[1;92m ][0m
[1;93mExtract: [0m[1;92m[ [0m[0;91m95.60%[0m[1;92m ][0m
[1;93mExtract: [0m[1;92m[ [0m[0;91m95.63%[0m[1;92m ][0m
[1;93mExtract: [0m[1;92m[ [0m[0;91m95.65%[0m[1;92m ][0m
[1;93mExtract: [0m[1;92m[ [0m[0;91m95.68%[0m[1;92m ][0m
[1;93mExtract: [0m[1;92m[ [0m[0;91m95.71%[0m[1;92m ][0m
[1;93mExtract: [0m[1;92m[ [0m[0;91m95.73%[0m[1;92m ][0m
[1;93mExtract: [0m[1;92m[ [0m[0;91m95.76%[0m[1;92m ][0m
[1;93mExtract: [0m[1;92m[ [0m[0;91m95.79%[0m[1;92m ][0m
[1;93mExtract: [0m[1;92m[ [0m[0;91m95.81%[0m[1;92m ][0m
[1;93mExtract: [0m[1;92m[ [0m[0;91m95.84%[0m[1;92m ][0m
[1;93mExtract: [0m[1;92m[ [0m[0;91m95.87%[0m[1;92m ][0m
[1;93mExtract: [0m[1;92m[ [0m[0;91m95.90%[0m[1;92m ][0m
[1;93mExtract: [0m[1;92m[ [0m[0;91m95.92%[0m[1;92m ][0m
[1;93mExtract: [0m[1;92m[ [0m[0;91m95.95%[0m[1;92m ][0m
[1;93mExtract: [0m[1;92m[ [0m[0;91m95.98%[0m[1;92m ][0m
[1;93mExtract: [0m[1;92m[ [0m[0;91m96.00%[0m[1;92m ][0m
[1;93mExtract: [0m[1;92m[ [0m[0;91m96.03%[0m[1;92m ][0m
[1;93mExtract: [0m[1;92m[ [0m[0;91m96.06%[0m[1;92m ][0m
[1;93mExtract: [0m[1;92m[ [0m[0;91m96.08%[0m[1;92m ][0m
[1;93mExtract: [0m[1;92m[ [0m[0;91m96.11%[0m[1;92m ][0m
[1;93mExtract: [0m[1;92m[ [0m[0;91m96.14%[0m[1;92m ][0m
[1;93mExtract: [0m[1;92m[ [0m[0;91m96.17%[0m[1;92m ][0m
[1;93mExtract: [0m[1;92m[ [0m[0;91m96.19%[0m[1;92m ][0m
[1;93mExtract: [0m[1;92m[ [0m[0;91m96.22%[0m[1;92m ][0m
[1;93mExtract: [0m[1;92m[ [0m[0;91m96.25%[0m[1;92m ][0m
[1;93mExtract: [0m[1;92m[ [0m[0;91m96.27%[0m[1;92m ][0m
[1;93mExtract: [0m[1;92m[ [0m[0;91m96.30%[0m[1;92m ][0m
[1;93mExtract: [0m[1;92m[ [0m[0;91m96.33%[0m[1;92m ][0m
[1;93mExtract: [0m[1;92m[ [0m[0;91m96.35%[0m[1;92m ][0m
[1;93mExtract: [0m[1;92m[ [0m[0;91m96.38%[0m[1;92m ][0m
[1;93mExtract: [0m[1;92m[ [0m[0;91m96.41%[0m[1;92m ][0m
[1;93mExtract: [0m[1;92m[ [0m[0;91m96.44%[0m[1;92m ][0m
[1;93mExtract: [0m[1;92m[ [0m[0;91m96.46%[0m[1;92m ][0m
[1;93mExtract: [0m[1;92m[ [0m[0;91m96.49%[0m[1;92m ][0m
[1;93mExtract: [0m[1;92m[ [0m[0;91m96.52%[0m[1;92m ][0m
[1;93mExtract: [0m[1;92m[ [0m[0;91m96.54%[0m[1;92m ][0m
[1;93mExtract: [0m[1;92m[ [0m[0;91m96.57%[0m[1;92m ][0m
[1;93mExtract: [0m[1;92m[ [0m[0;91m96.60%[0m[1;92m ][0m
[1;93mExtract: [0m[1;92m[ [0m[0;91m96.62%[0m[1;92m ][0m
[1;93mExtract: [0m[1;92m[ [0m[0;91m96.65%[0m[1;92m ][0m
[1;93mExtract: [0m[1;92m[ [0m[0;91m96.68%[0m[1;92m ][0m
[1;93mExtract: [0m[1;92m[ [0m[0;91m96.71%[0m[1;92m ][0m
[1;93mExtract: [0m[1;92m[ [0m[0;91m96.73%[0m[1;92m ][0m
[1;93mExtract: [0m[1;92m[ [0m[0;91m96.76%[0m[1;92m ][0m
[1;93mExtract: [0m[1;92m[ [0m[0;91m96.79%[0m[1;92m ][0m
[1;93mExtract: [0m[1;92m[ [0m[0;91m96.81%[0m[1;92m ][0m
[1;93mExtract: [0m[1;92m[ [0m[0;91m96.84%[0m[1;92m ][0m
[1;93mExtract: [0m[1;92m[ [0m[0;91m96.87%[0m[1;92m ][0m
[1;93mExtract: [0m[1;92m[ [0m[0;91m96.89%[0m[1;92m ][0m
[1;93mExtract: [0m[1;92m[ [0m[0;91m96.92%[0m[1;92m ][0m
[1;93mExtract: [0m[1;92m[ [0m[0;91m96.95%[0m[1;92m ][0m
[1;93mExtract: [0m[1;92m[ [0m[0;91m96.98%[0m[1;92m ][0m
[1;93mExtract: [0m[1;92m[ [0m[0;91m97.00%[0m[1;92m ][0m
[1;93mExtract: [0m[1;92m[ [0m[0;91m97.03%[0m[1;92m ][0m
[1;93mExtract: [0m[1;92m[ [0m[0;91m97.06%[0m[1;92m ][0m
[1;93mExtract: [0m[1;92m[ [0m[0;91m97.08%[0m[1;92m ][0m
[1;93mExtract: [0m[1;92m[ [0m[0;91m97.11%[0m[1;92m ][0m
[1;93mExtract: [0m[1;92m[ [0m[0;91m97.14%[0m[1;92m ][0m
[1;93mExtract: [0m[1;92m[ [0m[0;91m97.16%[0m[1;92m ][0m
[1;93mExtract: [0m[1;92m[ [0m[0;91m97.19%[0m[1;92m ][0m
[1;93mExtract: [0m[1;92m[ [0m[0;91m97.22%[0m[1;92m ][0m
[1;93mExtract: [0m[1;92m[ [0m[0;91m97.25%[0m[1;92m ][0m
[1;93mExtract: [0m[1;92m[ [0m[0;91m97.27%[0m[1;92m ][0m
[1;93mExtract: [0m[1;92m[ [0m[0;91m97.30%[0m[1;92m ][0m
[1;93mExtract: [0m[1;92m[ [0m[0;91m97.33%[0m[1;92m ][0m
[1;93mExtract: [0m[1;92m[ [0m[0;91m97.35%[0m[1;92m ][0m
[1;93mExtract: [0m[1;92m[ [0m[0;91m97.38%[0m[1;92m ][0m
[1;93mExtract: [0m[1;92m[ [0m[0;91m97.41%[0m[1;92m ][0m
[1;93mExtract: [0m[1;92m[ [0m[0;91m97.43%[0m[1;92m ][0m
[1;93mExtract: [0m[1;92m[ [0m[0;91m97.46%[0m[1;92m ][0m
[1;93mExtract: [0m[1;92m[ [0m[0;91m97.49%[0m[1;92m ][0m
[1;93mExtract: [0m[1;92m[ [0m[0;91m97.52%[0m[1;92m ][0m
[1;93mExtract: [0m[1;92m[ [0m[0;91m97.54%[0m[1;92m ][0m
[1;93mExtract: [0m[1;92m[ [0m[0;91m97.57%[0m[1;92m ][0m
[1;93mExtract: [0m[1;92m[ [0m[0;91m97.60%[0m[1;92m ][0m
[1;93mExtract: [0m[1;92m[ [0m[0;91m97.62%[0m[1;92m ][0m
[1;93mExtract: [0m[1;92m[ [0m[0;91m97.65%[0m[1;92m ][0m
[1;93mExtract: [0m[1;92m[ [0m[0;91m97.68%[0m[1;92m ][0m
[1;93mExtract: [0m[1;92m[ [0m[0;91m97.70%[0m[1;92m ][0m
[1;93mExtract: [0m[1;92m[ [0m[0;91m97.73%[0m[1;92m ][0m
[1;93mExtract: [0m[1;92m[ [0m[0;91m97.76%[0m[1;92m ][0m
[1;93mExtract: [0m[1;92m[ [0m[0;91m97.79%[0m[1;92m ][0m
[1;93mExtract: [0m[1;92m[ [0m[0;91m97.81%[0m[1;92m ][0m
[1;93mExtract: [0m[1;92m[ [0m[0;91m97.84%[0m[1;92m ][0m
[1;93mExtract: [0m[1;92m[ [0m[0;91m97.87%[0m[1;92m ][0m
[1;93mExtract: [0m[1;92m[ [0m[0;91m97.89%[0m[1;92m ][0m
[1;93mExtract: [0m[1;92m[ [0m[0;91m97.92%[0m[1;92m ][0m
[1;93mExtract: [0m[1;92m[ [0m[0;91m97.95%[0m[1;92m ][0m
[1;93mExtract: [0m[1;92m[ [0m[0;91m97.97%[0m[1;92m ][0m
[1;93mExtract: [0m[1;92m[ [0m[0;91m98.00%[0m[1;92m ][0m
[1;93mExtract: [0m[1;92m[ [0m[0;91m98.03%[0m[1;92m ][0m
[1;93mExtract: [0m[1;92m[ [0m[0;91m98.06%[0m[1;92m ][0m
[1;93mExtract: [0m[1;92m[ [0m[0;91m98.08%[0m[1;92m ][0m
[1;93mExtract: [0m[1;92m[ [0m[0;91m98.11%[0m[1;92m ][0m
[1;93mExtract: [0m[1;92m[ [0m[0;91m98.14%[0m[1;92m ][0m
[1;93mExtract: [0m[1;92m[ [0m[0;91m98.16%[0m[1;92m ][0m
[1;93mExtract: [0m[1;92m[ [0m[0;91m98.19%[0m[1;92m ][0m
[1;93mExtract: [0m[1;92m[ [0m[0;91m98.22%[0m[1;92m ][0m
[1;93mExtract: [0m[1;92m[ [0m[0;91m98.24%[0m[1;92m ][0m
[1;93mExtract: [0m[1;92m[ [0m[0;91m98.27%[0m[1;92m ][0m
[1;93mExtract: [0m[1;92m[ [0m[0;91m98.30%[0m[1;92m ][0m
[1;93mExtract: [0m[1;92m[ [0m[0;91m98.33%[0m[1;92m ][0m
[1;93mExtract: [0m[1;92m[ [0m[0;91m98.35%[0m[1;92m ][0m
[1;93mExtract: [0m[1;92m[ [0m[0;91m98.38%[0m[1;92m ][0m
[1;93mExtract: [0m[1;92m[ [0m[0;91m98.41%[0m[1;92m ][0m
[1;93mExtract: [0m[1;92m[ [0m[0;91m98.43%[0m[1;92m ][0m
[1;93mExtract: [0m[1;92m[ [0m[0;91m98.46%[0m[1;92m ][0m
[1;93mExtract: [0m[1;92m[ [0m[0;91m98.49%[0m[1;92m ][0m
[1;93mExtract: [0m[1;92m[ [0m[0;91m98.51%[0m[1;92m ][0m
[1;93mExtract: [0m[1;92m[ [0m[0;91m98.54%[0m[1;92m ][0m
[1;93mExtract: [0m[1;92m[ [0m[0;91m98.57%[0m[1;92m ][0m
[1;93mExtract: [0m[1;92m[ [0m[0;91m98.60%[0m[1;92m ][0m
[1;93mExtract: [0m[1;92m[ [0m[0;91m98.62%[0m[1;92m ][0m
[1;93mExtract: [0m[1;92m[ [0m[0;91m98.65%[0m[1;92m ][0m
[1;93mExtract: [0m[1;92m[ [0m[0;91m98.68%[0m[1;92m ][0m
[1;93mExtract: [0m[1;92m[ [0m[0;91m98.70%[0m[1;92m ][0m
[1;93mExtract: [0m[1;92m[ [0m[0;91m98.73%[0m[1;92m ][0m
[1;93mExtract: [0m[1;92m[ [0m[0;91m98.76%[0m[1;92m ][0m
[1;93mExtract: [0m[1;92m[ [0m[0;91m98.78%[0m[1;92m ][0m
[1;93mExtract: [0m[1;92m[ [0m[0;91m98.81%[0m[1;92m ][0m
[1;93mExtract: [0m[1;92m[ [0m[0;91m98.84%[0m[1;92m ][0m
[1;93mExtract: [0m[1;92m[ [0m[0;91m98.87%[0m[1;92m ][0m
[1;93mExtract: [0m[1;92m[ [0m[0;91m98.89%[0m[1;92m ][0m
[1;93mExtract: [0m[1;92m[ [0m[0;91m98.92%[0m[1;92m ][0m
[1;93mExtract: [0m[1;92m[ [0m[0;91m98.95%[0m[1;92m ][0m
[1;93mExtract: [0m[1;92m[ [0m[0;91m98.97%[0m[1;92m ][0m
[1;93mExtract: [0m[1;92m[ [0m[0;91m99.00%[0m[1;92m ][0m
[1;93mExtract: [0m[1;92m[ [0m[0;91m99.03%[0m[1;92m ][0m
[1;93mExtract: [0m[1;92m[ [0m[0;91m99.05%[0m[1;92m ][0m
[1;93mExtract: [0m[1;92m[ [0m[0;91m99.08%[0m[1;92m ][0m
[1;93mExtract: [0m[1;92m[ [0m[0;91m99.11%[0m[1;92m ][0m
[1;93mExtract: [0m[1;92m[ [0m[0;91m99.14%[0m[1;92m ][0m
[1;93mExtract: [0m[1;92m[ [0m[0;91m99.16%[0m[1;92m ][0m
[1;93mExtract: [0m[1;92m[ [0m[0;91m99.19%[0m[1;92m ][0m
[1;93mExtract: [0m[1;92m[ [0m[0;91m99.22%[0m[1;92m ][0m
[1;93mExtract: [0m[1;92m[ [0m[0;91m99.24%[0m[1;92m ][0m
[1;93mExtract: [0m[1;92m[ [0m[0;91m99.27%[0m[1;92m ][0m
[1;93mExtract: [0m[1;92m[ [0m[0;91m99.30%[0m[1;92m ][0m
[1;93mExtract: [0m[1;92m[ [0m[0;91m99.32%[0m[1;92m ][0m
[1;93mExtract: [0m[1;92m[ [0m[0;91m99.35%[0m[1;92m ][0m
[1;93mExtract: [0m[1;92m[ [0m[0;91m99.38%[0m[1;92m ][0m
[1;93mExtract: [0m[1;92m[ [0m[0;91m99.41%[0m[1;92m ][0m
[1;93mExtract: [0m[1;92m[ [0m[0;91m99.43%[0m[1;92m ][0m
[1;93mExtract: [0m[1;92m[ [0m[0;91m99.46%[0m[1;92m ][0m
[1;93mExtract: [0m[1;92m[ [0m[0;91m99.49%[0m[1;92m ][0m
[1;93mExtract: [0m[1;92m[ [0m[0;91m99.51%[0m[1;92m ][0m
[1;93mExtract: [0m[1;92m[ [0m[0;91m99.54%[0m[1;92m ][0m
[1;93mExtract: [0m[1;92m[ [0m[0;91m99.57%[0m[1;92m ][0m
[1;93mExtract: [0m[1;92m[ [0m[0;91m99.59%[0m[1;92m ][0m
[1;93mExtract: [0m[1;92m[ [0m[0;91m99.62%[0m[1;92m ][0m
[1;93mExtract: [0m[1;92m[ [0m[0;91m99.65%[0m[1;92m ][0m
[1;93mExtract: [0m[1;92m[ [0m[0;91m99.68%[0m[1;92m ][0m
[1;93mExtract: [0m[1;92m[ [0m[0;91m99.70%[0m[1;92m ][0m
[1;93mExtract: [0m[1;92m[ [0m[0;91m99.73%[0m[1;92m ][0m
[1;93mExtract: [0m[1;92m[ [0m[0;91m99.76%[0m[1;92m ][0m
[1;93mExtract: [0m[1;92m[ [0m[0;91m99.78%[0m[1;92m ][0m
[1;93mExtract: [0m[1;92m[ [0m[0;91m99.81%[0m[1;92m ][0m
[1;93mExtract: [0m[1;92m[ [0m[0;91m99.84%[0m[1;92m ][0m
[1;93mExtract: [0m[1;92m[ [0m[0;91m99.86%[0m[1;92m ][0m
[1;93mExtract: [0m[1;92m[ [0m[0;91m99.89%[0m[1;92m ][0m
[1;93mExtract: [0m[1;92m[ [0m[0;91m99.92%[0m[1;92m ][0m
[1;93mExtract: [0m[1;92m[ [0m[0;91m99.95%[0m[1;92m ][0m
[1;93mExtract: [0m[1;92m[ [0m[0;91m99.97%[0m[1;92m ][0m
[1;93mExtract: [0m[1;92m[ [0m[0;91m100.00%[0m[1;92m ][0m
[1;93mExtract: [0m[1;92mThe operation took: [0m[0;91m56.374[0m[1;92m second(s).[0m
[1;93mExtract: [0m[1;92mStarting...[0m
[1;93mExtract: [0mSuccess change case sensitive.
[1;93mExtract: [0m[0;33mfs_config|file_contexts|fs_options[0m  [1;92msaving...[0m
[1;93mExtract: [0m[0;33mfs_config|file_contexts|fs_options[0m  [1;92mdone.[0m
[1;93mExtract: [0m[1;92mUsing [0m[0;91m16[0m[1;92m threads[0m
[1;93mExtract: [0m[1;92m[ [0m[0;91m0.16%[0m[1;92m ][0m
[1;93mExtract: [0m[1;92m[ [0m[0;91m0.19%[0m[1;92m ][0m
[1;93mExtract: [0m[1;92m[ [0m[0;91m0.22%[0m[1;92m ][0m
[1;93mExtract: [0m[1;92m[ [0m[0;91m0.24%[0m[1;92m ][0m
[1;93mExtract: [0m[1;92m[ [0m[0;91m0.27%[0m[1;92m ][0m
[1;93mExtract: [0m[1;92m[ [0m[0;91m0.30%[0m[1;92m ][0m
[1;93mExtract: [0m[1;92m[ [0m[0;91m0.33%[0m[1;92m ][0m
[1;93mExtract: [0m[1;92m[ [0m[0;91m0.35%[0m[1;92m ][0m
[1;93mExtract: [0m[1;92m[ [0m[0;91m0.38%[0m[1;92m ][0m
[1;93mExtract: [0m[1;92m[ [0m[0;91m0.41%[0m[1;92m ][0m
[1;93mExtract: [0m[1;92m[ [0m[0;91m0.43%[0m[1;92m ][0m
[1;93mExtract: [0m[1;92m[ [0m[0;91m0.46%[0m[1;92m ][0m
[1;93mExtract: [0m[1;92m[ [0m[0;91m0.49%[0m[1;92m ][0m
[1;93mExtract: [0m[1;92m[ [0m[0;91m0.52%[0m[1;92m ][0m
[1;93mExtract: [0m[1;92m[ [0m[0;91m0.54%[0m[1;92m ][0m
[1;93mExtract: [0m[1;92m[ [0m[0;91m0.57%[0m[1;92m ][0m
[1;93mExtract: [0m[1;92m[ [0m[0;91m0.60%[0m[1;92m ][0m
[1;93mExtract: [0m[1;92m[ [0m[0;91m0.62%[0m[1;92m ][0m
[1;93mExtract: [0m[1;92m[ [0m[0;91m0.65%[0m[1;92m ][0m
[1;93mExtract: [0m[1;92m[ [0m[0;91m0.68%[0m[1;92m ][0m
[1;93mExtract: [0m[1;92m[ [0m[0;91m0.70%[0m[1;92m ][0m
[1;93mExtract: [0m[1;92m[ [0m[0;91m0.73%[0m[1;92m ][0m
[1;93mExtract: [0m[1;92m[ [0m[0;91m0.76%[0m[1;92m ][0m
[1;93mExtract: [0m[1;92m[ [0m[0;91m0.79%[0m[1;92m ][0m
[1;93mExtract: [0m[1;92m[ [0m[0;91m0.81%[0m[1;92m ][0m
[1;93mExtract: [0m[1;92m[ [0m[0;91m0.84%[0m[1;92m ][0m
[1;93mExtract: [0m[1;92m[ [0m[0;91m0.87%[0m[1;92m ][0m
[1;93mExtract: [0m[1;92m[ [0m[0;91m0.89%[0m[1;92m ][0m
[1;93mExtract: [0m[1;92m[ [0m[0;91m0.92%[0m[1;92m ][0m
[1;93mExtract: [0m[1;92m[ [0m[0;91m0.95%[0m[1;92m ][0m
[1;93mExtract: [0m[1;92m[ [0m[0;91m0.98%[0m[1;92m ][0m
[1;93mExtract: [0m[1;92m[ [0m[0;91m1.00%[0m[1;92m ][0m
[1;93mExtract: [0m[1;92m[ [0m[0;91m1.03%[0m[1;92m ][0m
[1;93mExtract: [0m[1;92m[ [0m[0;91m1.06%[0m[1;92m ][0m
[1;93mExtract: [0m[1;92m[ [0m[0;91m1.08%[0m[1;92m ][0m
[1;93mExtract: [0m[1;92m[ [0m[0;91m1.11%[0m[1;92m ][0m
[1;93mExtract: [0m[1;92m[ [0m[0;91m1.14%[0m[1;92m ][0m
[1;93mExtract: [0m[1;92m[ [0m[0;91m1.17%[0m[1;92m ][0m
[1;93mExtract: [0m[1;92m[ [0m[0;91m1.19%[0m[1;92m ][0m
[1;93mExtract: [0m[1;92m[ [0m[0;91m1.22%[0m[1;92m ][0m
[1;93mExtract: [0m[1;92m[ [0m[0;91m1.25%[0m[1;92m ][0m
[1;93mExtract: [0m[1;92m[ [0m[0;91m1.27%[0m[1;92m ][0m
[1;93mExtract: [0m[1;92m[ [0m[0;91m1.30%[0m[1;92m ][0m
[1;93mExtract: [0m[1;92m[ [0m[0;91m1.33%[0m[1;92m ][0m
[1;93mExtract: [0m[1;92m[ [0m[0;91m1.36%[0m[1;92m ][0m
[1;93mExtract: [0m[1;92m[ [0m[0;91m1.38%[0m[1;92m ][0m
[1;93mExtract: [0m[1;92m[ [0m[0;91m1.41%[0m[1;92m ][0m
[1;93mExtract: [0m[1;92m[ [0m[0;91m1.44%[0m[1;92m ][0m
[1;93mExtract: [0m[1;92m[ [0m[0;91m1.46%[0m[1;92m ][0m
[1;93mExtract: [0m[1;92m[ [0m[0;91m1.49%[0m[1;92m ][0m
[1;93mExtract: [0m[1;92m[ [0m[0;91m1.52%[0m[1;92m ][0m
[1;93mExtract: [0m[1;92m[ [0m[0;91m1.55%[0m[1;92m ][0m
[1;93mExtract: [0m[1;92m[ [0m[0;91m1.57%[0m[1;92m ][0m
[1;93mExtract: [0m[1;92m[ [0m[0;91m1.60%[0m[1;92m ][0m
[1;93mExtract: [0m[1;92m[ [0m[0;91m1.63%[0m[1;92m ][0m
[1;93mExtract: [0m[1;92m[ [0m[0;91m1.65%[0m[1;92m ][0m
[1;93mExtract: [0m[1;92m[ [0m[0;91m1.68%[0m[1;92m ][0m
[1;93mExtract: [0m[1;92m[ [0m[0;91m1.71%[0m[1;92m ][0m
[1;93mExtract: [0m[1;92m[ [0m[0;91m1.73%[0m[1;92m ][0m
[1;93mExtract: [0m[1;92m[ [0m[0;91m1.76%[0m[1;92m ][0m
[1;93mExtract: [0m[1;92m[ [0m[0;91m1.79%[0m[1;92m ][0m
[1;93mExtract: [0m[1;92m[ [0m[0;91m1.82%[0m[1;92m ][0m
[1;93mExtract: [0m[1;92m[ [0m[0;91m1.84%[0m[1;92m ][0m
[1;93mExtract: [0m[1;92m[ [0m[0;91m1.87%[0m[1;92m ][0m
[1;93mExtract: [0m[1;92m[ [0m[0;91m1.90%[0m[1;92m ][0m
[1;93mExtract: [0m[1;92m[ [0m[0;91m1.92%[0m[1;92m ][0m
[1;93mExtract: [0m[1;92m[ [0m[0;91m1.95%[0m[1;92m ][0m
[1;93mExtract: [0m[1;92m[ [0m[0;91m1.98%[0m[1;92m ][0m
[1;93mExtract: [0m[1;92m[ [0m[0;91m2.01%[0m[1;92m ][0m
[1;93mExtract: [0m[1;92m[ [0m[0;91m2.03%[0m[1;92m ][0m
[1;93mExtract: [0m[1;92m[ [0m[0;91m2.09%[0m[1;92m ][0m
[1;93mExtract: [0m[1;92m[ [0m[0;91m2.11%[0m[1;92m ][0m
[1;93mExtract: [0m[1;92m[ [0m[0;91m2.14%[0m[1;92m ][0m
[1;93mExtract: [0m[1;92m[ [0m[0;91m2.17%[0m[1;92m ][0m
[1;93mExtract: [0m[1;92m[ [0m[0;91m2.20%[0m[1;92m ][0m
[1;93mExtract: [0m[1;92m[ [0m[0;91m2.22%[0m[1;92m ][0m
[1;93mExtract: [0m[1;92m[ [0m[0;91m2.25%[0m[1;92m ][0m
[1;93mExtract: [0m[1;92m[ [0m[0;91m2.28%[0m[1;92m ][0m
[1;93mExtract: [0m[1;92m[ [0m[0;91m2.30%[0m[1;92m ][0m
[1;93mExtract: [0m[1;92m[ [0m[0;91m2.33%[0m[1;92m ][0m
[1;93mExtract: [0m[1;92m[ [0m[0;91m2.36%[0m[1;92m ][0m
[1;93mExtract: [0m[1;92m[ [0m[0;91m2.39%[0m[1;92m ][0m
[1;93mExtract: [0m[1;92m[ [0m[0;91m2.41%[0m[1;92m ][0m
[1;93mExtract: [0m[1;92m[ [0m[0;91m2.47%[0m[1;92m ][0m
[1;93mExtract: [0m[1;92m[ [0m[0;91m2.49%[0m[1;92m ][0m
[1;93mExtract: [0m[1;92m[ [0m[0;91m2.52%[0m[1;92m ][0m
[1;93mExtract: [0m[1;92m[ [0m[0;91m2.55%[0m[1;92m ][0m
[1;93mExtract: [0m[1;92m[ [0m[0;91m2.58%[0m[1;92m ][0m
[1;93mExtract: [0m[1;92m[ [0m[0;91m2.60%[0m[1;92m ][0m
[1;93mExtract: [0m[1;92m[ [0m[0;91m2.63%[0m[1;92m ][0m
[1;93mExtract: [0m[1;92m[ [0m[0;91m2.66%[0m[1;92m ][0m
[1;93mExtract: [0m[1;92m[ [0m[0;91m2.68%[0m[1;92m ][0m
[1;93mExtract: [0m[1;92m[ [0m[0;91m2.71%[0m[1;92m ][0m
[1;93mExtract: [0m[1;92m[ [0m[0;91m2.74%[0m[1;92m ][0m
[1;93mExtract: [0m[1;92m[ [0m[0;91m2.76%[0m[1;92m ][0m
[1;93mExtract: [0m[1;92m[ [0m[0;91m2.79%[0m[1;92m ][0m
[1;93mExtract: [0m[1;92m[ [0m[0;91m2.82%[0m[1;92m ][0m
[1;93mExtract: [0m[1;92m[ [0m[0;91m2.85%[0m[1;92m ][0m
[1;93mExtract: [0m[1;92m[ [0m[0;91m2.87%[0m[1;92m ][0m
[1;93mExtract: [0m[1;92m[ [0m[0;91m2.90%[0m[1;92m ][0m
[1;93mExtract: [0m[1;92m[ [0m[0;91m2.93%[0m[1;92m ][0m
[1;93mExtract: [0m[1;92m[ [0m[0;91m2.95%[0m[1;92m ][0m
[1;93mExtract: [0m[1;92m[ [0m[0;91m2.98%[0m[1;92m ][0m
[1;93mExtract: [0m[1;92m[ [0m[0;91m3.06%[0m[1;92m ][0m
[1;93mExtract: [0m[1;92m[ [0m[0;91m3.09%[0m[1;92m ][0m
[1;93mExtract: [0m[1;92m[ [0m[0;91m3.12%[0m[1;92m ][0m
[1;93mExtract: [0m[1;92m[ [0m[0;91m3.14%[0m[1;92m ][0m
[1;93mExtract: [0m[1;92m[ [0m[0;91m3.20%[0m[1;92m ][0m
[1;93mExtract: [0m[1;92m[ [0m[0;91m3.23%[0m[1;92m ][0m
[1;93mExtract: [0m[1;92m[ [0m[0;91m3.25%[0m[1;92m ][0m
[1;93mExtract: [0m[1;92m[ [0m[0;91m3.28%[0m[1;92m ][0m
[1;93mExtract: [0m[1;92m[ [0m[0;91m3.31%[0m[1;92m ][0m
[1;93mExtract: [0m[1;92m[ [0m[0;91m3.33%[0m[1;92m ][0m
[1;93mExtract: [0m[1;92m[ [0m[0;91m3.36%[0m[1;92m ][0m
[1;93mExtract: [0m[1;92m[ [0m[0;91m3.39%[0m[1;92m ][0m
[1;93mExtract: [0m[1;92m[ [0m[0;91m3.42%[0m[1;92m ][0m
[1;93mExtract: [0m[1;92m[ [0m[0;91m3.44%[0m[1;92m ][0m
[1;93mExtract: [0m[1;92m[ [0m[0;91m3.47%[0m[1;92m ][0m
[1;93mExtract: [0m[1;92m[ [0m[0;91m3.50%[0m[1;92m ][0m
[1;93mExtract: [0m[1;92m[ [0m[0;91m3.52%[0m[1;92m ][0m
[1;93mExtract: [0m[1;92m[ [0m[0;91m3.55%[0m[1;92m ][0m
[1;93mExtract: [0m[1;92m[ [0m[0;91m3.58%[0m[1;92m ][0m
[1;93mExtract: [0m[1;92m[ [0m[0;91m3.61%[0m[1;92m ][0m
[1;93mExtract: [0m[1;92m[ [0m[0;91m3.63%[0m[1;92m ][0m
[1;93mExtract: [0m[1;92m[ [0m[0;91m3.66%[0m[1;92m ][0m
[1;93mExtract: [0m[1;92m[ [0m[0;91m3.69%[0m[1;92m ][0m
[1;93mExtract: [0m[1;92m[ [0m[0;91m3.71%[0m[1;92m ][0m
[1;93mExtract: [0m[1;92m[ [0m[0;91m3.74%[0m[1;92m ][0m
[1;93mExtract: [0m[1;92m[ [0m[0;91m3.77%[0m[1;92m ][0m
[1;93mExtract: [0m[1;92m[ [0m[0;91m3.80%[0m[1;92m ][0m
[1;93mExtract: [0m[1;92m[ [0m[0;91m3.82%[0m[1;92m ][0m
[1;93mExtract: [0m[1;92m[ [0m[0;91m3.85%[0m[1;92m ][0m
[1;93mExtract: [0m[1;92m[ [0m[0;91m3.88%[0m[1;92m ][0m
[1;93mExtract: [0m[1;92m[ [0m[0;91m3.90%[0m[1;92m ][0m
[1;93mExtract: [0m[1;92m[ [0m[0;91m3.93%[0m[1;92m ][0m
[1;93mExtract: [0m[1;92m[ [0m[0;91m3.96%[0m[1;92m ][0m
[1;93mExtract: [0m[1;92m[ [0m[0;91m3.98%[0m[1;92m ][0m
[1;93mExtract: [0m[1;92m[ [0m[0;91m4.01%[0m[1;92m ][0m
[1;93mExtract: [0m[1;92m[ [0m[0;91m4.04%[0m[1;92m ][0m
[1;93mExtract: [0m[1;92m[ [0m[0;91m4.07%[0m[1;92m ][0m
[1;93mExtract: [0m[1;92m[ [0m[0;91m4.09%[0m[1;92m ][0m
[1;93mExtract: [0m[1;92m[ [0m[0;91m4.12%[0m[1;92m ][0m
[1;93mExtract: [0m[1;92m[ [0m[0;91m4.15%[0m[1;92m ][0m
[1;93mExtract: [0m[1;92m[ [0m[0;91m4.17%[0m[1;92m ][0m
[1;93mExtract: [0m[1;92m[ [0m[0;91m4.20%[0m[1;92m ][0m
[1;93mExtract: [0m[1;92m[ [0m[0;91m4.23%[0m[1;92m ][0m
[1;93mExtract: [0m[1;92m[ [0m[0;91m4.31%[0m[1;92m ][0m
[1;93mExtract: [0m[1;92m[ [0m[0;91m4.34%[0m[1;92m ][0m
[1;93mExtract: [0m[1;92m[ [0m[0;91m4.36%[0m[1;92m ][0m
[1;93mExtract: [0m[1;92m[ [0m[0;91m4.39%[0m[1;92m ][0m
[1;93mExtract: [0m[1;92m[ [0m[0;91m4.42%[0m[1;92m ][0m
[1;93mExtract: [0m[1;92m[ [0m[0;91m4.45%[0m[1;92m ][0m
[1;93mExtract: [0m[1;92m[ [0m[0;91m4.47%[0m[1;92m ][0m
[1;93mExtract: [0m[1;92m[ [0m[0;91m4.50%[0m[1;92m ][0m
[1;93mExtract: [0m[1;92m[ [0m[0;91m4.53%[0m[1;92m ][0m
[1;93mExtract: [0m[1;92m[ [0m[0;91m4.55%[0m[1;92m ][0m
[1;93mExtract: [0m[1;92m[ [0m[0;91m4.58%[0m[1;92m ][0m
[1;93mExtract: [0m[1;92m[ [0m[0;91m4.61%[0m[1;92m ][0m
[1;93mExtract: [0m[1;92m[ [0m[0;91m4.64%[0m[1;92m ][0m
[1;93mExtract: [0m[1;92m[ [0m[0;91m4.66%[0m[1;92m ][0m
[1;93mExtract: [0m[1;92m[ [0m[0;91m4.69%[0m[1;92m ][0m
[1;93mExtract: [0m[1;92m[ [0m[0;91m4.72%[0m[1;92m ][0m
[1;93mExtract: [0m[1;92m[ [0m[0;91m4.74%[0m[1;92m ][0m
[1;93mExtract: [0m[1;92m[ [0m[0;91m4.77%[0m[1;92m ][0m
[1;93mExtract: [0m[1;92m[ [0m[0;91m4.80%[0m[1;92m ][0m
[1;93mExtract: [0m[1;92m[ [0m[0;91m4.83%[0m[1;92m ][0m
[1;93mExtract: [0m[1;92m[ [0m[0;91m4.85%[0m[1;92m ][0m
[1;93mExtract: [0m[1;92m[ [0m[0;91m4.88%[0m[1;92m ][0m
[1;93mExtract: [0m[1;92m[ [0m[0;91m4.91%[0m[1;92m ][0m
[1;93mExtract: [0m[1;92m[ [0m[0;91m4.93%[0m[1;92m ][0m
[1;93mExtract: [0m[1;92m[ [0m[0;91m4.96%[0m[1;92m ][0m
[1;93mExtract: [0m[1;92m[ [0m[0;91m4.99%[0m[1;92m ][0m
[1;93mExtract: [0m[1;92m[ [0m[0;91m5.01%[0m[1;92m ][0m
[1;93mExtract: [0m[1;92m[ [0m[0;91m5.04%[0m[1;92m ][0m
[1;93mExtract: [0m[1;92m[ [0m[0;91m5.07%[0m[1;92m ][0m
[1;93mExtract: [0m[1;92m[ [0m[0;91m5.10%[0m[1;92m ][0m
[1;93mExtract: [0m[1;92m[ [0m[0;91m5.12%[0m[1;92m ][0m
[1;93mExtract: [0m[1;92m[ [0m[0;91m5.15%[0m[1;92m ][0m
[1;93mExtract: [0m[1;92m[ [0m[0;91m5.18%[0m[1;92m ][0m
[1;93mExtract: [0m[1;92m[ [0m[0;91m5.20%[0m[1;92m ][0m
[1;93mExtract: [0m[1;92m[ [0m[0;91m5.23%[0m[1;92m ][0m
[1;93mExtract: [0m[1;92m[ [0m[0;91m5.26%[0m[1;92m ][0m
[1;93mExtract: [0m[1;92m[ [0m[0;91m5.29%[0m[1;92m ][0m
[1;93mExtract: [0m[1;92m[ [0m[0;91m5.31%[0m[1;92m ][0m
[1;93mExtract: [0m[1;92m[ [0m[0;91m5.34%[0m[1;92m ][0m
[1;93mExtract: [0m[1;92m[ [0m[0;91m5.37%[0m[1;92m ][0m
[1;93mExtract: [0m[1;92m[ [0m[0;91m5.39%[0m[1;92m ][0m
[1;93mExtract: [0m[1;92m[ [0m[0;91m5.42%[0m[1;92m ][0m
[1;93mExtract: [0m[1;92m[ [0m[0;91m5.45%[0m[1;92m ][0m
[1;93mExtract: [0m[1;92m[ [0m[0;91m5.48%[0m[1;92m ][0m
[1;93mExtract: [0m[1;92m[ [0m[0;91m5.50%[0m[1;92m ][0m
[1;93mExtract: [0m[1;92m[ [0m[0;91m5.53%[0m[1;92m ][0m
[1;93mExtract: [0m[1;92m[ [0m[0;91m5.56%[0m[1;92m ][0m
[1;93mExtract: [0m[1;92m[ [0m[0;91m5.58%[0m[1;92m ][0m
[1;93mExtract: [0m[1;92m[ [0m[0;91m5.61%[0m[1;92m ][0m
[1;93mExtract: [0m[1;92m[ [0m[0;91m5.64%[0m[1;92m ][0m
[1;93mExtract: [0m[1;92m[ [0m[0;91m5.67%[0m[1;92m ][0m
[1;93mExtract: [0m[1;92m[ [0m[0;91m5.69%[0m[1;92m ][0m
[1;93mExtract: [0m[1;92m[ [0m[0;91m5.72%[0m[1;92m ][0m
[1;93mExtract: [0m[1;92m[ [0m[0;91m5.77%[0m[1;92m ][0m
[1;93mExtract: [0m[1;92m[ [0m[0;91m5.80%[0m[1;92m ][0m
[1;93mExtract: [0m[1;92m[ [0m[0;91m5.83%[0m[1;92m ][0m
[1;93mExtract: [0m[1;92m[ [0m[0;91m5.86%[0m[1;92m ][0m
[1;93mExtract: [0m[1;92m[ [0m[0;91m5.88%[0m[1;92m ][0m
[1;93mExtract: [0m[1;92m[ [0m[0;91m5.91%[0m[1;92m ][0m
[1;93mExtract: [0m[1;92m[ [0m[0;91m5.94%[0m[1;92m ][0m
[1;93mExtract: [0m[1;92m[ [0m[0;91m5.96%[0m[1;92m ][0m
[1;93mExtract: [0m[1;92m[ [0m[0;91m5.99%[0m[1;92m ][0m
[1;93mExtract: [0m[1;92m[ [0m[0;91m6.02%[0m[1;92m ][0m
[1;93mExtract: [0m[1;92m[ [0m[0;91m6.04%[0m[1;92m ][0m
[1;93mExtract: [0m[1;92m[ [0m[0;91m6.07%[0m[1;92m ][0m
[1;93mExtract: [0m[1;92m[ [0m[0;91m6.10%[0m[1;92m ][0m
[1;93mExtract: [0m[1;92m[ [0m[0;91m6.13%[0m[1;92m ][0m
[1;93mExtract: [0m[1;92m[ [0m[0;91m6.15%[0m[1;92m ][0m
[1;93mExtract: [0m[1;92m[ [0m[0;91m6.18%[0m[1;92m ][0m
[1;93mExtract: [0m[1;92m[ [0m[0;91m6.21%[0m[1;92m ][0m
[1;93mExtract: [0m[1;92m[ [0m[0;91m6.23%[0m[1;92m ][0m
[1;93mExtract: [0m[1;92m[ [0m[0;91m6.26%[0m[1;92m ][0m
[1;93mExtract: [0m[1;92m[ [0m[0;91m6.29%[0m[1;92m ][0m
[1;93mExtract: [0m[1;92m[ [0m[0;91m6.32%[0m[1;92m ][0m
[1;93mExtract: [0m[1;92m[ [0m[0;91m6.34%[0m[1;92m ][0m
[1;93mExtract: [0m[1;92m[ [0m[0;91m6.37%[0m[1;92m ][0m
[1;93mExtract: [0m[1;92m[ [0m[0;91m6.40%[0m[1;92m ][0m
[1;93mExtract: [0m[1;92m[ [0m[0;91m6.42%[0m[1;92m ][0m
[1;93mExtract: [0m[1;92m[ [0m[0;91m6.45%[0m[1;92m ][0m
[1;93mExtract: [0m[1;92m[ [0m[0;91m6.48%[0m[1;92m ][0m
[1;93mExtract: [0m[1;92m[ [0m[0;91m6.51%[0m[1;92m ][0m
[1;93mExtract: [0m[1;92m[ [0m[0;91m6.53%[0m[1;92m ][0m
[1;93mExtract: [0m[1;92m[ [0m[0;91m6.56%[0m[1;92m ][0m
[1;93mExtract: [0m[1;92m[ [0m[0;91m6.59%[0m[1;92m ][0m
[1;93mExtract: [0m[1;92m[ [0m[0;91m6.61%[0m[1;92m ][0m
[1;93mExtract: [0m[1;92m[ [0m[0;91m6.64%[0m[1;92m ][0m
[1;93mExtract: [0m[1;92m[ [0m[0;91m6.67%[0m[1;92m ][0m
[1;93mExtract: [0m[1;92m[ [0m[0;91m6.70%[0m[1;92m ][0m
[1;93mExtract: [0m[1;92m[ [0m[0;91m6.72%[0m[1;92m ][0m
[1;93mExtract: [0m[1;92m[ [0m[0;91m6.75%[0m[1;92m ][0m
[1;93mExtract: [0m[1;92m[ [0m[0;91m6.78%[0m[1;92m ][0m
[1;93mExtract: [0m[1;92m[ [0m[0;91m6.80%[0m[1;92m ][0m
[1;93mExtract: [0m[1;92m[ [0m[0;91m6.86%[0m[1;92m ][0m
[1;93mExtract: [0m[1;92m[ [0m[0;91m6.89%[0m[1;92m ][0m
[1;93mExtract: [0m[1;92m[ [0m[0;91m6.91%[0m[1;92m ][0m
[1;93mExtract: [0m[1;92m[ [0m[0;91m6.94%[0m[1;92m ][0m
[1;93mExtract: [0m[1;92m[ [0m[0;91m6.97%[0m[1;92m ][0m
[1;93mExtract: [0m[1;92m[ [0m[0;91m6.99%[0m[1;92m ][0m
[1;93mExtract: [0m[1;92m[ [0m[0;91m7.02%[0m[1;92m ][0m
[1;93mExtract: [0m[1;92m[ [0m[0;91m7.05%[0m[1;92m ][0m
[1;93mExtract: [0m[1;92m[ [0m[0;91m7.08%[0m[1;92m ][0m
[1;93mExtract: [0m[1;92m[ [0m[0;91m7.10%[0m[1;92m ][0m
[1;93mExtract: [0m[1;92m[ [0m[0;91m7.13%[0m[1;92m ][0m
[1;93mExtract: [0m[1;92m[ [0m[0;91m7.16%[0m[1;92m ][0m
[1;93mExtract: [0m[1;92m[ [0m[0;91m7.18%[0m[1;92m ][0m
[1;93mExtract: [0m[1;92m[ [0m[0;91m7.21%[0m[1;92m ][0m
[1;93mExtract: [0m[1;92m[ [0m[0;91m7.24%[0m[1;92m ][0m
[1;93mExtract: [0m[1;92m[ [0m[0;91m7.26%[0m[1;92m ][0m
[1;93mExtract: [0m[1;92m[ [0m[0;91m7.29%[0m[1;92m ][0m
[1;93mExtract: [0m[1;92m[ [0m[0;91m7.32%[0m[1;92m ][0m
[1;93mExtract: [0m[1;92m[ [0m[0;91m7.35%[0m[1;92m ][0m
[1;93mExtract: [0m[1;92m[ [0m[0;91m7.37%[0m[1;92m ][0m
[1;93mExtract: [0m[1;92m[ [0m[0;91m7.40%[0m[1;92m ][0m
[1;93mExtract: [0m[1;92m[ [0m[0;91m7.43%[0m[1;92m ][0m
[1;93mExtract: [0m[1;92m[ [0m[0;91m7.45%[0m[1;92m ][0m
[1;93mExtract: [0m[1;92m[ [0m[0;91m7.48%[0m[1;92m ][0m
[1;93mExtract: [0m[1;92m[ [0m[0;91m7.51%[0m[1;92m ][0m
[1;93mExtract: [0m[1;92m[ [0m[0;91m7.54%[0m[1;92m ][0m
[1;93mExtract: [0m[1;92m[ [0m[0;91m7.56%[0m[1;92m ][0m
[1;93mExtract: [0m[1;92m[ [0m[0;91m7.59%[0m[1;92m ][0m
[1;93mExtract: [0m[1;92m[ [0m[0;91m7.62%[0m[1;92m ][0m
[1;93mExtract: [0m[1;92m[ [0m[0;91m7.64%[0m[1;92m ][0m
[1;93mExtract: [0m[1;92m[ [0m[0;91m7.67%[0m[1;92m ][0m
[1;93mExtract: [0m[1;92m[ [0m[0;91m7.70%[0m[1;92m ][0m
[1;93mExtract: [0m[1;92m[ [0m[0;91m7.73%[0m[1;92m ][0m
[1;93mExtract: [0m[1;92m[ [0m[0;91m7.75%[0m[1;92m ][0m
[1;93mExtract: [0m[1;92m[ [0m[0;91m7.78%[0m[1;92m ][0m
[1;93mExtract: [0m[1;92m[ [0m[0;91m7.81%[0m[1;92m ][0m
[1;93mExtract: [0m[1;92m[ [0m[0;91m7.83%[0m[1;92m ][0m
[1;93mExtract: [0m[1;92m[ [0m[0;91m7.86%[0m[1;92m ][0m
[1;93mExtract: [0m[1;92m[ [0m[0;91m7.89%[0m[1;92m ][0m
[1;93mExtract: [0m[1;92m[ [0m[0;91m7.92%[0m[1;92m ][0m
[1;93mExtract: [0m[1;92m[ [0m[0;91m7.94%[0m[1;92m ][0m
[1;93mExtract: [0m[1;92m[ [0m[0;91m7.97%[0m[1;92m ][0m
[1;93mExtract: [0m[1;92m[ [0m[0;91m8.00%[0m[1;92m ][0m
[1;93mExtract: [0m[1;92m[ [0m[0;91m8.02%[0m[1;92m ][0m
[1;93mExtract: [0m[1;92m[ [0m[0;91m8.05%[0m[1;92m ][0m
[1;93mExtract: [0m[1;92m[ [0m[0;91m8.08%[0m[1;92m ][0m
[1;93mExtract: [0m[1;92m[ [0m[0;91m8.11%[0m[1;92m ][0m
[1;93mExtract: [0m[1;92m[ [0m[0;91m8.13%[0m[1;92m ][0m
[1;93mExtract: [0m[1;92m[ [0m[0;91m8.16%[0m[1;92m ][0m
[1;93mExtract: [0m[1;92m[ [0m[0;91m8.19%[0m[1;92m ][0m
[1;93mExtract: [0m[1;92m[ [0m[0;91m8.21%[0m[1;92m ][0m
[1;93mExtract: [0m[1;92m[ [0m[0;91m8.24%[0m[1;92m ][0m
[1;93mExtract: [0m[1;92m[ [0m[0;91m8.27%[0m[1;92m ][0m
[1;93mExtract: [0m[1;92m[ [0m[0;91m8.29%[0m[1;92m ][0m
[1;93mExtract: [0m[1;92m[ [0m[0;91m8.32%[0m[1;92m ][0m
[1;93mExtract: [0m[1;92m[ [0m[0;91m8.35%[0m[1;92m ][0m
[1;93mExtract: [0m[1;92m[ [0m[0;91m8.40%[0m[1;92m ][0m
[1;93mExtract: [0m[1;92m[ [0m[0;91m8.43%[0m[1;92m ][0m
[1;93mExtract: [0m[1;92m[ [0m[0;91m8.46%[0m[1;92m ][0m
[1;93mExtract: [0m[1;92m[ [0m[0;91m8.48%[0m[1;92m ][0m
[1;93mExtract: [0m[1;92m[ [0m[0;91m8.51%[0m[1;92m ][0m
[1;93mExtract: [0m[1;92m[ [0m[0;91m8.54%[0m[1;92m ][0m
[1;93mExtract: [0m[1;92m[ [0m[0;91m8.57%[0m[1;92m ][0m
[1;93mExtract: [0m[1;92m[ [0m[0;91m8.59%[0m[1;92m ][0m
[1;93mExtract: [0m[1;92m[ [0m[0;91m8.62%[0m[1;92m ][0m
[1;93mExtract: [0m[1;92m[ [0m[0;91m8.65%[0m[1;92m ][0m
[1;93mExtract: [0m[1;92m[ [0m[0;91m8.67%[0m[1;92m ][0m
[1;93mExtract: [0m[1;92m[ [0m[0;91m8.70%[0m[1;92m ][0m
[1;93mExtract: [0m[1;92m[ [0m[0;91m8.73%[0m[1;92m ][0m
[1;93mExtract: [0m[1;92m[ [0m[0;91m8.76%[0m[1;92m ][0m
[1;93mExtract: [0m[1;92m[ [0m[0;91m8.78%[0m[1;92m ][0m
[1;93mExtract: [0m[1;92m[ [0m[0;91m8.81%[0m[1;92m ][0m
[1;93mExtract: [0m[1;92m[ [0m[0;91m8.84%[0m[1;92m ][0m
[1;93mExtract: [0m[1;92m[ [0m[0;91m8.86%[0m[1;92m ][0m
[1;93mExtract: [0m[1;92m[ [0m[0;91m8.89%[0m[1;92m ][0m
[1;93mExtract: [0m[1;92m[ [0m[0;91m8.92%[0m[1;92m ][0m
[1;93mExtract: [0m[1;92m[ [0m[0;91m8.95%[0m[1;92m ][0m
[1;93mExtract: [0m[1;92m[ [0m[0;91m8.97%[0m[1;92m ][0m
[1;93mExtract: [0m[1;92m[ [0m[0;91m9.00%[0m[1;92m ][0m
[1;93mExtract: [0m[1;92m[ [0m[0;91m9.03%[0m[1;92m ][0m
[1;93mExtract: [0m[1;92m[ [0m[0;91m9.05%[0m[1;92m ][0m
[1;93mExtract: [0m[1;92m[ [0m[0;91m9.08%[0m[1;92m ][0m
[1;93mExtract: [0m[1;92m[ [0m[0;91m9.11%[0m[1;92m ][0m
[1;93mExtract: [0m[1;92m[ [0m[0;91m9.14%[0m[1;92m ][0m
[1;93mExtract: [0m[1;92m[ [0m[0;91m9.16%[0m[1;92m ][0m
[1;93mExtract: [0m[1;92m[ [0m[0;91m9.19%[0m[1;92m ][0m
[1;93mExtract: [0m[1;92m[ [0m[0;91m9.22%[0m[1;92m ][0m
[1;93mExtract: [0m[1;92m[ [0m[0;91m9.24%[0m[1;92m ][0m
[1;93mExtract: [0m[1;92m[ [0m[0;91m9.27%[0m[1;92m ][0m
[1;93mExtract: [0m[1;92m[ [0m[0;91m9.30%[0m[1;92m ][0m
[1;93mExtract: [0m[1;92m[ [0m[0;91m9.33%[0m[1;92m ][0m
[1;93mExtract: [0m[1;92m[ [0m[0;91m9.35%[0m[1;92m ][0m
[1;93mExtract: [0m[1;92m[ [0m[0;91m9.38%[0m[1;92m ][0m
[1;93mExtract: [0m[1;92m[ [0m[0;91m9.41%[0m[1;92m ][0m
[1;93mExtract: [0m[1;92m[ [0m[0;91m9.43%[0m[1;92m ][0m
[1;93mExtract: [0m[1;92m[ [0m[0;91m9.46%[0m[1;92m ][0m
[1;93mExtract: [0m[1;92m[ [0m[0;91m9.49%[0m[1;92m ][0m
[1;93mExtract: [0m[1;92m[ [0m[0;91m9.51%[0m[1;92m ][0m
[1;93mExtract: [0m[1;92m[ [0m[0;91m9.54%[0m[1;92m ][0m
[1;93mExtract: [0m[1;92m[ [0m[0;91m9.57%[0m[1;92m ][0m
[1;93mExtract: [0m[1;92m[ [0m[0;91m9.60%[0m[1;92m ][0m
[1;93mExtract: [0m[1;92m[ [0m[0;91m9.62%[0m[1;92m ][0m
[1;93mExtract: [0m[1;92m[ [0m[0;91m9.65%[0m[1;92m ][0m
[1;93mExtract: [0m[1;92m[ [0m[0;91m9.68%[0m[1;92m ][0m
[1;93mExtract: [0m[1;92m[ [0m[0;91m9.73%[0m[1;92m ][0m
[1;93mExtract: [0m[1;92m[ [0m[0;91m9.76%[0m[1;92m ][0m
[1;93mExtract: [0m[1;92m[ [0m[0;91m9.79%[0m[1;92m ][0m
[1;93mExtract: [0m[1;92m[ [0m[0;91m9.81%[0m[1;92m ][0m
[1;93mExtract: [0m[1;92m[ [0m[0;91m9.84%[0m[1;92m ][0m
[1;93mExtract: [0m[1;92m[ [0m[0;91m9.87%[0m[1;92m ][0m
[1;93mExtract: [0m[1;92m[ [0m[0;91m9.92%[0m[1;92m ][0m
[1;93mExtract: [0m[1;92m[ [0m[0;91m9.95%[0m[1;92m ][0m
[1;93mExtract: [0m[1;92m[ [0m[0;91m9.98%[0m[1;92m ][0m
[1;93mExtract: [0m[1;92m[ [0m[0;91m10.00%[0m[1;92m ][0m
[1;93mExtract: [0m[1;92m[ [0m[0;91m10.03%[0m[1;92m ][0m
[1;93mExtract: [0m[1;92m[ [0m[0;91m10.06%[0m[1;92m ][0m
[1;93mExtract: [0m[1;92m[ [0m[0;91m10.08%[0m[1;92m ][0m
[1;93mExtract: [0m[1;92m[ [0m[0;91m10.11%[0m[1;92m ][0m
[1;93mExtract: [0m[1;92m[ [0m[0;91m10.14%[0m[1;92m ][0m
[1;93mExtract: [0m[1;92m[ [0m[0;91m10.17%[0m[1;92m ][0m
[1;93mExtract: [0m[1;92m[ [0m[0;91m10.19%[0m[1;92m ][0m
[1;93mExtract: [0m[1;92m[ [0m[0;91m10.22%[0m[1;92m ][0m
[1;93mExtract: [0m[1;92m[ [0m[0;91m10.25%[0m[1;92m ][0m
[1;93mExtract: [0m[1;92m[ [0m[0;91m10.27%[0m[1;92m ][0m
[1;93mExtract: [0m[1;92m[ [0m[0;91m10.30%[0m[1;92m ][0m
[1;93mExtract: [0m[1;92m[ [0m[0;91m10.33%[0m[1;92m ][0m
[1;93mExtract: [0m[1;92m[ [0m[0;91m10.36%[0m[1;92m ][0m
[1;93mExtract: [0m[1;92m[ [0m[0;91m10.38%[0m[1;92m ][0m
[1;93mExtract: [0m[1;92m[ [0m[0;91m10.41%[0m[1;92m ][0m
[1;93mExtract: [0m[1;92m[ [0m[0;91m10.44%[0m[1;92m ][0m
[1;93mExtract: [0m[1;92m[ [0m[0;91m10.46%[0m[1;92m ][0m
[1;93mExtract: [0m[1;92m[ [0m[0;91m10.49%[0m[1;92m ][0m
[1;93mExtract: [0m[1;92m[ [0m[0;91m10.54%[0m[1;92m ][0m
[1;93mExtract: [0m[1;92m[ [0m[0;91m10.57%[0m[1;92m ][0m
[1;93mExtract: [0m[1;92m[ [0m[0;91m10.60%[0m[1;92m ][0m
[1;93mExtract: [0m[1;92m[ [0m[0;91m10.63%[0m[1;92m ][0m
[1;93mExtract: [0m[1;92m[ [0m[0;91m10.65%[0m[1;92m ][0m
[1;93mExtract: [0m[1;92m[ [0m[0;91m10.68%[0m[1;92m ][0m
[1;93mExtract: [0m[1;92m[ [0m[0;91m10.71%[0m[1;92m ][0m
[1;93mExtract: [0m[1;92m[ [0m[0;91m10.73%[0m[1;92m ][0m
[1;93mExtract: [0m[1;92m[ [0m[0;91m10.76%[0m[1;92m ][0m
[1;93mExtract: [0m[1;92m[ [0m[0;91m10.79%[0m[1;92m ][0m
[1;93mExtract: [0m[1;92m[ [0m[0;91m10.82%[0m[1;92m ][0m
[1;93mExtract: [0m[1;92m[ [0m[0;91m10.84%[0m[1;92m ][0m
[1;93mExtract: [0m[1;92m[ [0m[0;91m10.87%[0m[1;92m ][0m
[1;93mExtract: [0m[1;92m[ [0m[0;91m10.90%[0m[1;92m ][0m
[1;93mExtract: [0m[1;92m[ [0m[0;91m10.92%[0m[1;92m ][0m
[1;93mExtract: [0m[1;92m[ [0m[0;91m10.95%[0m[1;92m ][0m
[1;93mExtract: [0m[1;92m[ [0m[0;91m10.98%[0m[1;92m ][0m
[1;93mExtract: [0m[1;92m[ [0m[0;91m11.01%[0m[1;92m ][0m
[1;93mExtract: [0m[1;92m[ [0m[0;91m11.03%[0m[1;92m ][0m
[1;93mExtract: [0m[1;92m[ [0m[0;91m11.06%[0m[1;92m ][0m
[1;93mExtract: [0m[1;92m[ [0m[0;91m11.09%[0m[1;92m ][0m
[1;93mExtract: [0m[1;92m[ [0m[0;91m11.11%[0m[1;92m ][0m
[1;93mExtract: [0m[1;92m[ [0m[0;91m11.17%[0m[1;92m ][0m
[1;93mExtract: [0m[1;92m[ [0m[0;91m11.20%[0m[1;92m ][0m
[1;93mExtract: [0m[1;92m[ [0m[0;91m11.22%[0m[1;92m ][0m
[1;93mExtract: [0m[1;92m[ [0m[0;91m11.25%[0m[1;92m ][0m
[1;93mExtract: [0m[1;92m[ [0m[0;91m11.28%[0m[1;92m ][0m
[1;93mExtract: [0m[1;92m[ [0m[0;91m11.30%[0m[1;92m ][0m
[1;93mExtract: [0m[1;92m[ [0m[0;91m11.33%[0m[1;92m ][0m
[1;93mExtract: [0m[1;92m[ [0m[0;91m11.36%[0m[1;92m ][0m
[1;93mExtract: [0m[1;92m[ [0m[0;91m11.39%[0m[1;92m ][0m
[1;93mExtract: [0m[1;92m[ [0m[0;91m11.41%[0m[1;92m ][0m
[1;93mExtract: [0m[1;92m[ [0m[0;91m11.44%[0m[1;92m ][0m
[1;93mExtract: [0m[1;92m[ [0m[0;91m11.47%[0m[1;92m ][0m
[1;93mExtract: [0m[1;92m[ [0m[0;91m11.49%[0m[1;92m ][0m
[1;93mExtract: [0m[1;92m[ [0m[0;91m11.52%[0m[1;92m ][0m
[1;93mExtract: [0m[1;92m[ [0m[0;91m11.55%[0m[1;92m ][0m
[1;93mExtract: [0m[1;92m[ [0m[0;91m11.57%[0m[1;92m ][0m
[1;93mExtract: [0m[1;92m[ [0m[0;91m11.60%[0m[1;92m ][0m
[1;93mExtract: [0m[1;92m[ [0m[0;91m11.63%[0m[1;92m ][0m
[1;93mExtract: [0m[1;92m[ [0m[0;91m11.66%[0m[1;92m ][0m
[1;93mExtract: [0m[1;92m[ [0m[0;91m11.68%[0m[1;92m ][0m
[1;93mExtract: [0m[1;92m[ [0m[0;91m11.71%[0m[1;92m ][0m
[1;93mExtract: [0m[1;92m[ [0m[0;91m11.74%[0m[1;92m ][0m
[1;93mExtract: [0m[1;92m[ [0m[0;91m11.76%[0m[1;92m ][0m
[1;93mExtract: [0m[1;92m[ [0m[0;91m11.79%[0m[1;92m ][0m
[1;93mExtract: [0m[1;92m[ [0m[0;91m11.82%[0m[1;92m ][0m
[1;93mExtract: [0m[1;92m[ [0m[0;91m11.85%[0m[1;92m ][0m
[1;93mExtract: [0m[1;92m[ [0m[0;91m11.87%[0m[1;92m ][0m
[1;93mExtract: [0m[1;92m[ [0m[0;91m11.90%[0m[1;92m ][0m
[1;93mExtract: [0m[1;92m[ [0m[0;91m11.93%[0m[1;92m ][0m
[1;93mExtract: [0m[1;92m[ [0m[0;91m11.95%[0m[1;92m ][0m
[1;93mExtract: [0m[1;92m[ [0m[0;91m11.98%[0m[1;92m ][0m
[1;93mExtract: [0m[1;92m[ [0m[0;91m12.01%[0m[1;92m ][0m
[1;93mExtract: [0m[1;92m[ [0m[0;91m12.06%[0m[1;92m ][0m
[1;93mExtract: [0m[1;92m[ [0m[0;91m12.09%[0m[1;92m ][0m
[1;93mExtract: [0m[1;92m[ [0m[0;91m12.12%[0m[1;92m ][0m
[1;93mExtract: [0m[1;92m[ [0m[0;91m12.14%[0m[1;92m ][0m
[1;93mExtract: [0m[1;92m[ [0m[0;91m12.17%[0m[1;92m ][0m
[1;93mExtract: [0m[1;92m[ [0m[0;91m12.20%[0m[1;92m ][0m
[1;93mExtract: [0m[1;92m[ [0m[0;91m12.23%[0m[1;92m ][0m
[1;93mExtract: [0m[1;92m[ [0m[0;91m12.25%[0m[1;92m ][0m
[1;93mExtract: [0m[1;92m[ [0m[0;91m12.28%[0m[1;92m ][0m
[1;93mExtract: [0m[1;92m[ [0m[0;91m12.31%[0m[1;92m ][0m
[1;93mExtract: [0m[1;92m[ [0m[0;91m12.33%[0m[1;92m ][0m
[1;93mExtract: [0m[1;92m[ [0m[0;91m12.36%[0m[1;92m ][0m
[1;93mExtract: [0m[1;92m[ [0m[0;91m12.39%[0m[1;92m ][0m
[1;93mExtract: [0m[1;92m[ [0m[0;91m12.42%[0m[1;92m ][0m
[1;93mExtract: [0m[1;92m[ [0m[0;91m12.44%[0m[1;92m ][0m
[1;93mExtract: [0m[1;92m[ [0m[0;91m12.47%[0m[1;92m ][0m
[1;93mExtract: [0m[1;92m[ [0m[0;91m12.50%[0m[1;92m ][0m
[1;93mExtract: [0m[1;92m[ [0m[0;91m12.52%[0m[1;92m ][0m
[1;93mExtract: [0m[1;92m[ [0m[0;91m12.55%[0m[1;92m ][0m
[1;93mExtract: [0m[1;92m[ [0m[0;91m12.58%[0m[1;92m ][0m
[1;93mExtract: [0m[1;92m[ [0m[0;91m12.61%[0m[1;92m ][0m
[1;93mExtract: [0m[1;92m[ [0m[0;91m12.63%[0m[1;92m ][0m
[1;93mExtract: [0m[1;92m[ [0m[0;91m12.66%[0m[1;92m ][0m
[1;93mExtract: [0m[1;92m[ [0m[0;91m12.69%[0m[1;92m ][0m
[1;93mExtract: [0m[1;92m[ [0m[0;91m12.71%[0m[1;92m ][0m
[1;93mExtract: [0m[1;92m[ [0m[0;91m12.74%[0m[1;92m ][0m
[1;93mExtract: [0m[1;92m[ [0m[0;91m12.77%[0m[1;92m ][0m
[1;93mExtract: [0m[1;92m[ [0m[0;91m12.79%[0m[1;92m ][0m
[1;93mExtract: [0m[1;92m[ [0m[0;91m12.82%[0m[1;92m ][0m
[1;93mExtract: [0m[1;92m[ [0m[0;91m12.85%[0m[1;92m ][0m
[1;93mExtract: [0m[1;92m[ [0m[0;91m12.88%[0m[1;92m ][0m
[1;93mExtract: [0m[1;92m[ [0m[0;91m12.90%[0m[1;92m ][0m
[1;93mExtract: [0m[1;92m[ [0m[0;91m12.93%[0m[1;92m ][0m
[1;93mExtract: [0m[1;92m[ [0m[0;91m12.96%[0m[1;92m ][0m
[1;93mExtract: [0m[1;92m[ [0m[0;91m12.98%[0m[1;92m ][0m
[1;93mExtract: [0m[1;92m[ [0m[0;91m13.01%[0m[1;92m ][0m
[1;93mExtract: [0m[1;92m[ [0m[0;91m13.04%[0m[1;92m ][0m
[1;93mExtract: [0m[1;92m[ [0m[0;91m13.07%[0m[1;92m ][0m
[1;93mExtract: [0m[1;92m[ [0m[0;91m13.09%[0m[1;92m ][0m
[1;93mExtract: [0m[1;92m[ [0m[0;91m13.12%[0m[1;92m ][0m
[1;93mExtract: [0m[1;92m[ [0m[0;91m13.15%[0m[1;92m ][0m
[1;93mExtract: [0m[1;92m[ [0m[0;91m13.17%[0m[1;92m ][0m
[1;93mExtract: [0m[1;92m[ [0m[0;91m13.20%[0m[1;92m ][0m
[1;93mExtract: [0m[1;92m[ [0m[0;91m13.23%[0m[1;92m ][0m
[1;93mExtract: [0m[1;92m[ [0m[0;91m13.26%[0m[1;92m ][0m
[1;93mExtract: [0m[1;92m[ [0m[0;91m13.28%[0m[1;92m ][0m
[1;93mExtract: [0m[1;92m[ [0m[0;91m13.31%[0m[1;92m ][0m
[1;93mExtract: [0m[1;92m[ [0m[0;91m13.34%[0m[1;92m ][0m
[1;93mExtract: [0m[1;92m[ [0m[0;91m13.36%[0m[1;92m ][0m
[1;93mExtract: [0m[1;92m[ [0m[0;91m13.39%[0m[1;92m ][0m
[1;93mExtract: [0m[1;92m[ [0m[0;91m13.42%[0m[1;92m ][0m
[1;93mExtract: [0m[1;92m[ [0m[0;91m13.45%[0m[1;92m ][0m
[1;93mExtract: [0m[1;92m[ [0m[0;91m13.47%[0m[1;92m ][0m
[1;93mExtract: [0m[1;92m[ [0m[0;91m13.50%[0m[1;92m ][0m
[1;93mExtract: [0m[1;92m[ [0m[0;91m13.53%[0m[1;92m ][0m
[1;93mExtract: [0m[1;92m[ [0m[0;91m13.55%[0m[1;92m ][0m
[1;93mExtract: [0m[1;92m[ [0m[0;91m13.58%[0m[1;92m ][0m
[1;93mExtract: [0m[1;92m[ [0m[0;91m13.61%[0m[1;92m ][0m
[1;93mExtract: [0m[1;92m[ [0m[0;91m13.64%[0m[1;92m ][0m
[1;93mExtract: [0m[1;92m[ [0m[0;91m13.66%[0m[1;92m ][0m
[1;93mExtract: [0m[1;92m[ [0m[0;91m13.69%[0m[1;92m ][0m
[1;93mExtract: [0m[1;92m[ [0m[0;91m13.72%[0m[1;92m ][0m
[1;93mExtract: [0m[1;92m[ [0m[0;91m13.74%[0m[1;92m ][0m
[1;93mExtract: [0m[1;92m[ [0m[0;91m13.77%[0m[1;92m ][0m
[1;93mExtract: [0m[1;92m[ [0m[0;91m13.80%[0m[1;92m ][0m
[1;93mExtract: [0m[1;92m[ [0m[0;91m13.82%[0m[1;92m ][0m
[1;93mExtract: [0m[1;92m[ [0m[0;91m13.85%[0m[1;92m ][0m
[1;93mExtract: [0m[1;92m[ [0m[0;91m13.88%[0m[1;92m ][0m
[1;93mExtract: [0m[1;92m[ [0m[0;91m13.91%[0m[1;92m ][0m
[1;93mExtract: [0m[1;92m[ [0m[0;91m13.93%[0m[1;92m ][0m
[1;93mExtract: [0m[1;92m[ [0m[0;91m13.96%[0m[1;92m ][0m
[1;93mExtract: [0m[1;92m[ [0m[0;91m13.99%[0m[1;92m ][0m
[1;93mExtract: [0m[1;92m[ [0m[0;91m14.01%[0m[1;92m ][0m
[1;93mExtract: [0m[1;92m[ [0m[0;91m14.04%[0m[1;92m ][0m
[1;93mExtract: [0m[1;92m[ [0m[0;91m14.07%[0m[1;92m ][0m
[1;93mExtract: [0m[1;92m[ [0m[0;91m14.10%[0m[1;92m ][0m
[1;93mExtract: [0m[1;92m[ [0m[0;91m14.12%[0m[1;92m ][0m
[1;93mExtract: [0m[1;92m[ [0m[0;91m14.15%[0m[1;92m ][0m
[1;93mExtract: [0m[1;92m[ [0m[0;91m14.18%[0m[1;92m ][0m
[1;93mExtract: [0m[1;92m[ [0m[0;91m14.20%[0m[1;92m ][0m
[1;93mExtract: [0m[1;92m[ [0m[0;91m14.23%[0m[1;92m ][0m
[1;93mExtract: [0m[1;92m[ [0m[0;91m14.26%[0m[1;92m ][0m
[1;93mExtract: [0m[1;92m[ [0m[0;91m14.29%[0m[1;92m ][0m
[1;93mExtract: [0m[1;92m[ [0m[0;91m14.31%[0m[1;92m ][0m
[1;93mExtract: [0m[1;92m[ [0m[0;91m14.34%[0m[1;92m ][0m
[1;93mExtract: [0m[1;92m[ [0m[0;91m14.37%[0m[1;92m ][0m
[1;93mExtract: [0m[1;92m[ [0m[0;91m14.39%[0m[1;92m ][0m
[1;93mExtract: [0m[1;92m[ [0m[0;91m14.42%[0m[1;92m ][0m
[1;93mExtract: [0m[1;92m[ [0m[0;91m14.45%[0m[1;92m ][0m
[1;93mExtract: [0m[1;92m[ [0m[0;91m14.48%[0m[1;92m ][0m
[1;93mExtract: [0m[1;92m[ [0m[0;91m14.50%[0m[1;92m ][0m
[1;93mExtract: [0m[1;92m[ [0m[0;91m14.53%[0m[1;92m ][0m
[1;93mExtract: [0m[1;92m[ [0m[0;91m14.56%[0m[1;92m ][0m
[1;93mExtract: [0m[1;92m[ [0m[0;91m14.58%[0m[1;92m ][0m
[1;93mExtract: [0m[1;92m[ [0m[0;91m14.61%[0m[1;92m ][0m
[1;93mExtract: [0m[1;92m[ [0m[0;91m14.64%[0m[1;92m ][0m
[1;93mExtract: [0m[1;92m[ [0m[0;91m14.67%[0m[1;92m ][0m
[1;93mExtract: [0m[1;92m[ [0m[0;91m14.69%[0m[1;92m ][0m
[1;93mExtract: [0m[1;92m[ [0m[0;91m14.72%[0m[1;92m ][0m
[1;93mExtract: [0m[1;92m[ [0m[0;91m14.75%[0m[1;92m ][0m
[1;93mExtract: [0m[1;92m[ [0m[0;91m14.77%[0m[1;92m ][0m
[1;93mExtract: [0m[1;92m[ [0m[0;91m14.80%[0m[1;92m ][0m
[1;93mExtract: [0m[1;92m[ [0m[0;91m14.83%[0m[1;92m ][0m
[1;93mExtract: [0m[1;92m[ [0m[0;91m14.85%[0m[1;92m ][0m
[1;93mExtract: [0m[1;92m[ [0m[0;91m14.88%[0m[1;92m ][0m
[1;93mExtract: [0m[1;92m[ [0m[0;91m14.91%[0m[1;92m ][0m
[1;93mExtract: [0m[1;92m[ [0m[0;91m14.94%[0m[1;92m ][0m
[1;93mExtract: [0m[1;92m[ [0m[0;91m14.96%[0m[1;92m ][0m
[1;93mExtract: [0m[1;92m[ [0m[0;91m14.99%[0m[1;92m ][0m
[1;93mExtract: [0m[1;92m[ [0m[0;91m15.02%[0m[1;92m ][0m
[1;93mExtract: [0m[1;92m[ [0m[0;91m15.04%[0m[1;92m ][0m
[1;93mExtract: [0m[1;92m[ [0m[0;91m15.07%[0m[1;92m ][0m
[1;93mExtract: [0m[1;92m[ [0m[0;91m15.10%[0m[1;92m ][0m
[1;93mExtract: [0m[1;92m[ [0m[0;91m15.13%[0m[1;92m ][0m
[1;93mExtract: [0m[1;92m[ [0m[0;91m15.15%[0m[1;92m ][0m
[1;93mExtract: [0m[1;92m[ [0m[0;91m15.18%[0m[1;92m ][0m
[1;93mExtract: [0m[1;92m[ [0m[0;91m15.21%[0m[1;92m ][0m
[1;93mExtract: [0m[1;92m[ [0m[0;91m15.23%[0m[1;92m ][0m
[1;93mExtract: [0m[1;92m[ [0m[0;91m15.26%[0m[1;92m ][0m
[1;93mExtract: [0m[1;92m[ [0m[0;91m15.29%[0m[1;92m ][0m
[1;93mExtract: [0m[1;92m[ [0m[0;91m15.32%[0m[1;92m ][0m
[1;93mExtract: [0m[1;92m[ [0m[0;91m15.34%[0m[1;92m ][0m
[1;93mExtract: [0m[1;92m[ [0m[0;91m15.37%[0m[1;92m ][0m
[1;93mExtract: [0m[1;92m[ [0m[0;91m15.40%[0m[1;92m ][0m
[1;93mExtract: [0m[1;92m[ [0m[0;91m15.42%[0m[1;92m ][0m
[1;93mExtract: [0m[1;92m[ [0m[0;91m15.45%[0m[1;92m ][0m
[1;93mExtract: [0m[1;92m[ [0m[0;91m15.48%[0m[1;92m ][0m
[1;93mExtract: [0m[1;92m[ [0m[0;91m15.51%[0m[1;92m ][0m
[1;93mExtract: [0m[1;92m[ [0m[0;91m15.53%[0m[1;92m ][0m
[1;93mExtract: [0m[1;92m[ [0m[0;91m15.56%[0m[1;92m ][0m
[1;93mExtract: [0m[1;92m[ [0m[0;91m15.59%[0m[1;92m ][0m
[1;93mExtract: [0m[1;92m[ [0m[0;91m15.61%[0m[1;92m ][0m
[1;93mExtract: [0m[1;92m[ [0m[0;91m15.64%[0m[1;92m ][0m
[1;93mExtract: [0m[1;92m[ [0m[0;91m15.67%[0m[1;92m ][0m
[1;93mExtract: [0m[1;92m[ [0m[0;91m15.70%[0m[1;92m ][0m
[1;93mExtract: [0m[1;92m[ [0m[0;91m15.72%[0m[1;92m ][0m
[1;93mExtract: [0m[1;92m[ [0m[0;91m15.75%[0m[1;92m ][0m
[1;93mExtract: [0m[1;92m[ [0m[0;91m15.78%[0m[1;92m ][0m
[1;93mExtract: [0m[1;92m[ [0m[0;91m15.80%[0m[1;92m ][0m
[1;93mExtract: [0m[1;92m[ [0m[0;91m15.83%[0m[1;92m ][0m
[1;93mExtract: [0m[1;92m[ [0m[0;91m15.86%[0m[1;92m ][0m
[1;93mExtract: [0m[1;92m[ [0m[0;91m15.89%[0m[1;92m ][0m
[1;93mExtract: [0m[1;92m[ [0m[0;91m15.91%[0m[1;92m ][0m
[1;93mExtract: [0m[1;92m[ [0m[0;91m15.94%[0m[1;92m ][0m
[1;93mExtract: [0m[1;92m[ [0m[0;91m15.97%[0m[1;92m ][0m
[1;93mExtract: [0m[1;92m[ [0m[0;91m15.99%[0m[1;92m ][0m
[1;93mExtract: [0m[1;92m[ [0m[0;91m16.02%[0m[1;92m ][0m
[1;93mExtract: [0m[1;92m[ [0m[0;91m16.05%[0m[1;92m ][0m
[1;93mExtract: [0m[1;92m[ [0m[0;91m16.07%[0m[1;92m ][0m
[1;93mExtract: [0m[1;92m[ [0m[0;91m16.10%[0m[1;92m ][0m
[1;93mExtract: [0m[1;92m[ [0m[0;91m16.13%[0m[1;92m ][0m
[1;93mExtract: [0m[1;92m[ [0m[0;91m16.16%[0m[1;92m ][0m
[1;93mExtract: [0m[1;92m[ [0m[0;91m16.18%[0m[1;92m ][0m
[1;93mExtract: [0m[1;92m[ [0m[0;91m16.21%[0m[1;92m ][0m
[1;93mExtract: [0m[1;92m[ [0m[0;91m16.24%[0m[1;92m ][0m
[1;93mExtract: [0m[1;92m[ [0m[0;91m16.26%[0m[1;92m ][0m
[1;93mExtract: [0m[1;92m[ [0m[0;91m16.29%[0m[1;92m ][0m
[1;93mExtract: [0m[1;92m[ [0m[0;91m16.32%[0m[1;92m ][0m
[1;93mExtract: [0m[1;92m[ [0m[0;91m16.35%[0m[1;92m ][0m
[1;93mExtract: [0m[1;92m[ [0m[0;91m16.37%[0m[1;92m ][0m
[1;93mExtract: [0m[1;92m[ [0m[0;91m16.40%[0m[1;92m ][0m
[1;93mExtract: [0m[1;92m[ [0m[0;91m16.43%[0m[1;92m ][0m
[1;93mExtract: [0m[1;92m[ [0m[0;91m16.45%[0m[1;92m ][0m
[1;93mExtract: [0m[1;92m[ [0m[0;91m16.48%[0m[1;92m ][0m
[1;93mExtract: [0m[1;92m[ [0m[0;91m16.51%[0m[1;92m ][0m
[1;93mExtract: [0m[1;92m[ [0m[0;91m16.54%[0m[1;92m ][0m
[1;93mExtract: [0m[1;92m[ [0m[0;91m16.56%[0m[1;92m ][0m
[1;93mExtract: [0m[1;92m[ [0m[0;91m16.59%[0m[1;92m ][0m
[1;93mExtract: [0m[1;92m[ [0m[0;91m16.62%[0m[1;92m ][0m
[1;93mExtract: [0m[1;92m[ [0m[0;91m16.64%[0m[1;92m ][0m
[1;93mExtract: [0m[1;92m[ [0m[0;91m16.67%[0m[1;92m ][0m
[1;93mExtract: [0m[1;92m[ [0m[0;91m16.70%[0m[1;92m ][0m
[1;93mExtract: [0m[1;92m[ [0m[0;91m16.73%[0m[1;92m ][0m
[1;93mExtract: [0m[1;92m[ [0m[0;91m16.75%[0m[1;92m ][0m
[1;93mExtract: [0m[1;92m[ [0m[0;91m16.78%[0m[1;92m ][0m
[1;93mExtract: [0m[1;92m[ [0m[0;91m16.81%[0m[1;92m ][0m
[1;93mExtract: [0m[1;92m[ [0m[0;91m16.83%[0m[1;92m ][0m
[1;93mExtract: [0m[1;92m[ [0m[0;91m16.86%[0m[1;92m ][0m
[1;93mExtract: [0m[1;92m[ [0m[0;91m16.89%[0m[1;92m ][0m
[1;93mExtract: [0m[1;92m[ [0m[0;91m16.92%[0m[1;92m ][0m
[1;93mExtract: [0m[1;92m[ [0m[0;91m16.94%[0m[1;92m ][0m
[1;93mExtract: [0m[1;92m[ [0m[0;91m16.97%[0m[1;92m ][0m
[1;93mExtract: [0m[1;92m[ [0m[0;91m17.00%[0m[1;92m ][0m
[1;93mExtract: [0m[1;92m[ [0m[0;91m17.02%[0m[1;92m ][0m
[1;93mExtract: [0m[1;92m[ [0m[0;91m17.05%[0m[1;92m ][0m
[1;93mExtract: [0m[1;92m[ [0m[0;91m17.08%[0m[1;92m ][0m
[1;93mExtract: [0m[1;92m[ [0m[0;91m17.10%[0m[1;92m ][0m
[1;93mExtract: [0m[1;92m[ [0m[0;91m17.13%[0m[1;92m ][0m
[1;93mExtract: [0m[1;92m[ [0m[0;91m17.16%[0m[1;92m ][0m
[1;93mExtract: [0m[1;92m[ [0m[0;91m17.19%[0m[1;92m ][0m
[1;93mExtract: [0m[1;92m[ [0m[0;91m17.21%[0m[1;92m ][0m
[1;93mExtract: [0m[1;92m[ [0m[0;91m17.24%[0m[1;92m ][0m
[1;93mExtract: [0m[1;92m[ [0m[0;91m17.27%[0m[1;92m ][0m
[1;93mExtract: [0m[1;92m[ [0m[0;91m17.29%[0m[1;92m ][0m
[1;93mExtract: [0m[1;92m[ [0m[0;91m17.32%[0m[1;92m ][0m
[1;93mExtract: [0m[1;92m[ [0m[0;91m17.35%[0m[1;92m ][0m
[1;93mExtract: [0m[1;92m[ [0m[0;91m17.38%[0m[1;92m ][0m
[1;93mExtract: [0m[1;92m[ [0m[0;91m17.40%[0m[1;92m ][0m
[1;93mExtract: [0m[1;92m[ [0m[0;91m17.43%[0m[1;92m ][0m
[1;93mExtract: [0m[1;92m[ [0m[0;91m17.46%[0m[1;92m ][0m
[1;93mExtract: [0m[1;92m[ [0m[0;91m17.48%[0m[1;92m ][0m
[1;93mExtract: [0m[1;92m[ [0m[0;91m17.51%[0m[1;92m ][0m
[1;93mExtract: [0m[1;92m[ [0m[0;91m17.54%[0m[1;92m ][0m
[1;93mExtract: [0m[1;92m[ [0m[0;91m17.57%[0m[1;92m ][0m
[1;93mExtract: [0m[1;92m[ [0m[0;91m17.59%[0m[1;92m ][0m
[1;93mExtract: [0m[1;92m[ [0m[0;91m17.62%[0m[1;92m ][0m
[1;93mExtract: [0m[1;92m[ [0m[0;91m17.65%[0m[1;92m ][0m
[1;93mExtract: [0m[1;92m[ [0m[0;91m17.67%[0m[1;92m ][0m
[1;93mExtract: [0m[1;92m[ [0m[0;91m17.70%[0m[1;92m ][0m
[1;93mExtract: [0m[1;92m[ [0m[0;91m17.73%[0m[1;92m ][0m
[1;93mExtract: [0m[1;92m[ [0m[0;91m17.76%[0m[1;92m ][0m
[1;93mExtract: [0m[1;92m[ [0m[0;91m17.78%[0m[1;92m ][0m
[1;93mExtract: [0m[1;92m[ [0m[0;91m17.81%[0m[1;92m ][0m
[1;93mExtract: [0m[1;92m[ [0m[0;91m17.84%[0m[1;92m ][0m
[1;93mExtract: [0m[1;92m[ [0m[0;91m17.86%[0m[1;92m ][0m
[1;93mExtract: [0m[1;92m[ [0m[0;91m17.89%[0m[1;92m ][0m
[1;93mExtract: [0m[1;92m[ [0m[0;91m17.92%[0m[1;92m ][0m
[1;93mExtract: [0m[1;92m[ [0m[0;91m17.95%[0m[1;92m ][0m
[1;93mExtract: [0m[1;92m[ [0m[0;91m17.97%[0m[1;92m ][0m
[1;93mExtract: [0m[1;92m[ [0m[0;91m18.00%[0m[1;92m ][0m
[1;93mExtract: [0m[1;92m[ [0m[0;91m18.03%[0m[1;92m ][0m
[1;93mExtract: [0m[1;92m[ [0m[0;91m18.05%[0m[1;92m ][0m
[1;93mExtract: [0m[1;92m[ [0m[0;91m18.08%[0m[1;92m ][0m
[1;93mExtract: [0m[1;92m[ [0m[0;91m18.11%[0m[1;92m ][0m
[1;93mExtract: [0m[1;92m[ [0m[0;91m18.13%[0m[1;92m ][0m
[1;93mExtract: [0m[1;92m[ [0m[0;91m18.16%[0m[1;92m ][0m
[1;93mExtract: [0m[1;92m[ [0m[0;91m18.19%[0m[1;92m ][0m
[1;93mExtract: [0m[1;92m[ [0m[0;91m18.22%[0m[1;92m ][0m
[1;93mExtract: [0m[1;92m[ [0m[0;91m18.24%[0m[1;92m ][0m
[1;93mExtract: [0m[1;92m[ [0m[0;91m18.27%[0m[1;92m ][0m
[1;93mExtract: [0m[1;92m[ [0m[0;91m18.30%[0m[1;92m ][0m
[1;93mExtract: [0m[1;92m[ [0m[0;91m18.32%[0m[1;92m ][0m
[1;93mExtract: [0m[1;92m[ [0m[0;91m18.35%[0m[1;92m ][0m
[1;93mExtract: [0m[1;92m[ [0m[0;91m18.38%[0m[1;92m ][0m
[1;93mExtract: [0m[1;92m[ [0m[0;91m18.41%[0m[1;92m ][0m
[1;93mExtract: [0m[1;92m[ [0m[0;91m18.43%[0m[1;92m ][0m
[1;93mExtract: [0m[1;92m[ [0m[0;91m18.46%[0m[1;92m ][0m
[1;93mExtract: [0m[1;92m[ [0m[0;91m18.49%[0m[1;92m ][0m
[1;93mExtract: [0m[1;92m[ [0m[0;91m18.51%[0m[1;92m ][0m
[1;93mExtract: [0m[1;92m[ [0m[0;91m18.54%[0m[1;92m ][0m
[1;93mExtract: [0m[1;92m[ [0m[0;91m18.57%[0m[1;92m ][0m
[1;93mExtract: [0m[1;92m[ [0m[0;91m18.60%[0m[1;92m ][0m
[1;93mExtract: [0m[1;92m[ [0m[0;91m18.62%[0m[1;92m ][0m
[1;93mExtract: [0m[1;92m[ [0m[0;91m18.65%[0m[1;92m ][0m
[1;93mExtract: [0m[1;92m[ [0m[0;91m18.68%[0m[1;92m ][0m
[1;93mExtract: [0m[1;92m[ [0m[0;91m18.70%[0m[1;92m ][0m
[1;93mExtract: [0m[1;92m[ [0m[0;91m18.73%[0m[1;92m ][0m
[1;93mExtract: [0m[1;92m[ [0m[0;91m18.76%[0m[1;92m ][0m
[1;93mExtract: [0m[1;92m[ [0m[0;91m18.79%[0m[1;92m ][0m
[1;93mExtract: [0m[1;92m[ [0m[0;91m18.81%[0m[1;92m ][0m
[1;93mExtract: [0m[1;92m[ [0m[0;91m18.84%[0m[1;92m ][0m
[1;93mExtract: [0m[1;92m[ [0m[0;91m18.87%[0m[1;92m ][0m
[1;93mExtract: [0m[1;92m[ [0m[0;91m18.89%[0m[1;92m ][0m
[1;93mExtract: [0m[1;92m[ [0m[0;91m18.92%[0m[1;92m ][0m
[1;93mExtract: [0m[1;92m[ [0m[0;91m18.95%[0m[1;92m ][0m
[1;93mExtract: [0m[1;92m[ [0m[0;91m18.98%[0m[1;92m ][0m
[1;93mExtract: [0m[1;92m[ [0m[0;91m19.00%[0m[1;92m ][0m
[1;93mExtract: [0m[1;92m[ [0m[0;91m19.03%[0m[1;92m ][0m
[1;93mExtract: [0m[1;92m[ [0m[0;91m19.06%[0m[1;92m ][0m
[1;93mExtract: [0m[1;92m[ [0m[0;91m19.08%[0m[1;92m ][0m
[1;93mExtract: [0m[1;92m[ [0m[0;91m19.11%[0m[1;92m ][0m
[1;93mExtract: [0m[1;92m[ [0m[0;91m19.14%[0m[1;92m ][0m
[1;93mExtract: [0m[1;92m[ [0m[0;91m19.17%[0m[1;92m ][0m
[1;93mExtract: [0m[1;92m[ [0m[0;91m19.19%[0m[1;92m ][0m
[1;93mExtract: [0m[1;92m[ [0m[0;91m19.22%[0m[1;92m ][0m
[1;93mExtract: [0m[1;92m[ [0m[0;91m19.25%[0m[1;92m ][0m
[1;93mExtract: [0m[1;92m[ [0m[0;91m19.27%[0m[1;92m ][0m
[1;93mExtract: [0m[1;92m[ [0m[0;91m19.30%[0m[1;92m ][0m
[1;93mExtract: [0m[1;92m[ [0m[0;91m19.33%[0m[1;92m ][0m
[1;93mExtract: [0m[1;92m[ [0m[0;91m19.35%[0m[1;92m ][0m
[1;93mExtract: [0m[1;92m[ [0m[0;91m19.38%[0m[1;92m ][0m
[1;93mExtract: [0m[1;92m[ [0m[0;91m19.41%[0m[1;92m ][0m
[1;93mExtract: [0m[1;92m[ [0m[0;91m19.44%[0m[1;92m ][0m
[1;93mExtract: [0m[1;92m[ [0m[0;91m19.46%[0m[1;92m ][0m
[1;93mExtract: [0m[1;92m[ [0m[0;91m19.49%[0m[1;92m ][0m
[1;93mExtract: [0m[1;92m[ [0m[0;91m19.52%[0m[1;92m ][0m
[1;93mExtract: [0m[1;92m[ [0m[0;91m19.54%[0m[1;92m ][0m
[1;93mExtract: [0m[1;92m[ [0m[0;91m19.57%[0m[1;92m ][0m
[1;93mExtract: [0m[1;92m[ [0m[0;91m19.60%[0m[1;92m ][0m
[1;93mExtract: [0m[1;92m[ [0m[0;91m19.63%[0m[1;92m ][0m
[1;93mExtract: [0m[1;92m[ [0m[0;91m19.65%[0m[1;92m ][0m
[1;93mExtract: [0m[1;92m[ [0m[0;91m19.68%[0m[1;92m ][0m
[1;93mExtract: [0m[1;92m[ [0m[0;91m19.71%[0m[1;92m ][0m
[1;93mExtract: [0m[1;92m[ [0m[0;91m19.73%[0m[1;92m ][0m
[1;93mExtract: [0m[1;92m[ [0m[0;91m19.76%[0m[1;92m ][0m
[1;93mExtract: [0m[1;92m[ [0m[0;91m19.79%[0m[1;92m ][0m
[1;93mExtract: [0m[1;92m[ [0m[0;91m19.82%[0m[1;92m ][0m
[1;93mExtract: [0m[1;92m[ [0m[0;91m19.84%[0m[1;92m ][0m
[1;93mExtract: [0m[1;92m[ [0m[0;91m19.87%[0m[1;92m ][0m
[1;93mExtract: [0m[1;92m[ [0m[0;91m19.90%[0m[1;92m ][0m
[1;93mExtract: [0m[1;92m[ [0m[0;91m19.92%[0m[1;92m ][0m
[1;93mExtract: [0m[1;92m[ [0m[0;91m19.95%[0m[1;92m ][0m
[1;93mExtract: [0m[1;92m[ [0m[0;91m19.98%[0m[1;92m ][0m
[1;93mExtract: [0m[1;92m[ [0m[0;91m20.01%[0m[1;92m ][0m
[1;93mExtract: [0m[1;92m[ [0m[0;91m20.03%[0m[1;92m ][0m
[1;93mExtract: [0m[1;92m[ [0m[0;91m20.09%[0m[1;92m ][0m
[1;93mExtract: [0m[1;92m[ [0m[0;91m20.11%[0m[1;92m ][0m
[1;93mExtract: [0m[1;92m[ [0m[0;91m20.14%[0m[1;92m ][0m
[1;93mExtract: [0m[1;92m[ [0m[0;91m20.17%[0m[1;92m ][0m
[1;93mExtract: [0m[1;92m[ [0m[0;91m20.20%[0m[1;92m ][0m
[1;93mExtract: [0m[1;92m[ [0m[0;91m20.22%[0m[1;92m ][0m
[1;93mExtract: [0m[1;92m[ [0m[0;91m20.25%[0m[1;92m ][0m
[1;93mExtract: [0m[1;92m[ [0m[0;91m20.28%[0m[1;92m ][0m
[1;93mExtract: [0m[1;92m[ [0m[0;91m20.30%[0m[1;92m ][0m
[1;93mExtract: [0m[1;92m[ [0m[0;91m20.33%[0m[1;92m ][0m
[1;93mExtract: [0m[1;92m[ [0m[0;91m20.36%[0m[1;92m ][0m
[1;93mExtract: [0m[1;92m[ [0m[0;91m20.38%[0m[1;92m ][0m
[1;93mExtract: [0m[1;92m[ [0m[0;91m20.41%[0m[1;92m ][0m
[1;93mExtract: [0m[1;92m[ [0m[0;91m20.44%[0m[1;92m ][0m
[1;93mExtract: [0m[1;92m[ [0m[0;91m20.47%[0m[1;92m ][0m
[1;93mExtract: [0m[1;92m[ [0m[0;91m20.49%[0m[1;92m ][0m
[1;93mExtract: [0m[1;92m[ [0m[0;91m20.52%[0m[1;92m ][0m
[1;93mExtract: [0m[1;92m[ [0m[0;91m20.55%[0m[1;92m ][0m
[1;93mExtract: [0m[1;92m[ [0m[0;91m20.57%[0m[1;92m ][0m
[1;93mExtract: [0m[1;92m[ [0m[0;91m20.60%[0m[1;92m ][0m
[1;93mExtract: [0m[1;92m[ [0m[0;91m20.63%[0m[1;92m ][0m
[1;93mExtract: [0m[1;92m[ [0m[0;91m20.66%[0m[1;92m ][0m
[1;93mExtract: [0m[1;92m[ [0m[0;91m20.68%[0m[1;92m ][0m
[1;93mExtract: [0m[1;92m[ [0m[0;91m20.71%[0m[1;92m ][0m
[1;93mExtract: [0m[1;92m[ [0m[0;91m20.74%[0m[1;92m ][0m
[1;93mExtract: [0m[1;92m[ [0m[0;91m20.76%[0m[1;92m ][0m
[1;93mExtract: [0m[1;92m[ [0m[0;91m20.79%[0m[1;92m ][0m
[1;93mExtract: [0m[1;92m[ [0m[0;91m20.82%[0m[1;92m ][0m
[1;93mExtract: [0m[1;92m[ [0m[0;91m20.85%[0m[1;92m ][0m
[1;93mExtract: [0m[1;92m[ [0m[0;91m20.87%[0m[1;92m ][0m
[1;93mExtract: [0m[1;92m[ [0m[0;91m20.90%[0m[1;92m ][0m
[1;93mExtract: [0m[1;92m[ [0m[0;91m20.93%[0m[1;92m ][0m
[1;93mExtract: [0m[1;92m[ [0m[0;91m20.98%[0m[1;92m ][0m
[1;93mExtract: [0m[1;92m[ [0m[0;91m21.01%[0m[1;92m ][0m
[1;93mExtract: [0m[1;92m[ [0m[0;91m21.04%[0m[1;92m ][0m
[1;93mExtract: [0m[1;92m[ [0m[0;91m21.06%[0m[1;92m ][0m
[1;93mExtract: [0m[1;92m[ [0m[0;91m21.09%[0m[1;92m ][0m
[1;93mExtract: [0m[1;92m[ [0m[0;91m21.12%[0m[1;92m ][0m
[1;93mExtract: [0m[1;92m[ [0m[0;91m21.14%[0m[1;92m ][0m
[1;93mExtract: [0m[1;92m[ [0m[0;91m21.17%[0m[1;92m ][0m
[1;93mExtract: [0m[1;92m[ [0m[0;91m21.20%[0m[1;92m ][0m
[1;93mExtract: [0m[1;92m[ [0m[0;91m21.23%[0m[1;92m ][0m
[1;93mExtract: [0m[1;92m[ [0m[0;91m21.25%[0m[1;92m ][0m
[1;93mExtract: [0m[1;92m[ [0m[0;91m21.28%[0m[1;92m ][0m
[1;93mExtract: [0m[1;92m[ [0m[0;91m21.31%[0m[1;92m ][0m
[1;93mExtract: [0m[1;92m[ [0m[0;91m21.33%[0m[1;92m ][0m
[1;93mExtract: [0m[1;92m[ [0m[0;91m21.36%[0m[1;92m ][0m
[1;93mExtract: [0m[1;92m[ [0m[0;91m21.39%[0m[1;92m ][0m
[1;93mExtract: [0m[1;92m[ [0m[0;91m21.42%[0m[1;92m ][0m
[1;93mExtract: [0m[1;92m[ [0m[0;91m21.44%[0m[1;92m ][0m
[1;93mExtract: [0m[1;92m[ [0m[0;91m21.47%[0m[1;92m ][0m
[1;93mExtract: [0m[1;92m[ [0m[0;91m21.52%[0m[1;92m ][0m
[1;93mExtract: [0m[1;92m[ [0m[0;91m21.55%[0m[1;92m ][0m
[1;93mExtract: [0m[1;92m[ [0m[0;91m21.58%[0m[1;92m ][0m
[1;93mExtract: [0m[1;92m[ [0m[0;91m21.60%[0m[1;92m ][0m
[1;93mExtract: [0m[1;92m[ [0m[0;91m21.63%[0m[1;92m ][0m
[1;93mExtract: [0m[1;92m[ [0m[0;91m21.66%[0m[1;92m ][0m
[1;93mExtract: [0m[1;92m[ [0m[0;91m21.69%[0m[1;92m ][0m
[1;93mExtract: [0m[1;92m[ [0m[0;91m21.71%[0m[1;92m ][0m
[1;93mExtract: [0m[1;92m[ [0m[0;91m21.74%[0m[1;92m ][0m
[1;93mExtract: [0m[1;92m[ [0m[0;91m21.77%[0m[1;92m ][0m
[1;93mExtract: [0m[1;92m[ [0m[0;91m21.79%[0m[1;92m ][0m
[1;93mExtract: [0m[1;92m[ [0m[0;91m21.82%[0m[1;92m ][0m
[1;93mExtract: [0m[1;92m[ [0m[0;91m21.85%[0m[1;92m ][0m
[1;93mExtract: [0m[1;92m[ [0m[0;91m21.88%[0m[1;92m ][0m
[1;93mExtract: [0m[1;92m[ [0m[0;91m21.90%[0m[1;92m ][0m
[1;93mExtract: [0m[1;92m[ [0m[0;91m21.93%[0m[1;92m ][0m
[1;93mExtract: [0m[1;92m[ [0m[0;91m21.96%[0m[1;92m ][0m
[1;93mExtract: [0m[1;92m[ [0m[0;91m21.98%[0m[1;92m ][0m
[1;93mExtract: [0m[1;92m[ [0m[0;91m22.01%[0m[1;92m ][0m
[1;93mExtract: [0m[1;92m[ [0m[0;91m22.04%[0m[1;92m ][0m
[1;93mExtract: [0m[1;92m[ [0m[0;91m22.07%[0m[1;92m ][0m
[1;93mExtract: [0m[1;92m[ [0m[0;91m22.09%[0m[1;92m ][0m
[1;93mExtract: [0m[1;92m[ [0m[0;91m22.12%[0m[1;92m ][0m
[1;93mExtract: [0m[1;92m[ [0m[0;91m22.15%[0m[1;92m ][0m
[1;93mExtract: [0m[1;92m[ [0m[0;91m22.17%[0m[1;92m ][0m
[1;93mExtract: [0m[1;92m[ [0m[0;91m22.20%[0m[1;92m ][0m
[1;93mExtract: [0m[1;92m[ [0m[0;91m22.23%[0m[1;92m ][0m
[1;93mExtract: [0m[1;92m[ [0m[0;91m22.26%[0m[1;92m ][0m
[1;93mExtract: [0m[1;92m[ [0m[0;91m22.28%[0m[1;92m ][0m
[1;93mExtract: [0m[1;92m[ [0m[0;91m22.31%[0m[1;92m ][0m
[1;93mExtract: [0m[1;92m[ [0m[0;91m22.34%[0m[1;92m ][0m
[1;93mExtract: [0m[1;92m[ [0m[0;91m22.36%[0m[1;92m ][0m
[1;93mExtract: [0m[1;92m[ [0m[0;91m22.39%[0m[1;92m ][0m
[1;93mExtract: [0m[1;92m[ [0m[0;91m22.42%[0m[1;92m ][0m
[1;93mExtract: [0m[1;92m[ [0m[0;91m22.45%[0m[1;92m ][0m
[1;93mExtract: [0m[1;92m[ [0m[0;91m22.47%[0m[1;92m ][0m
[1;93mExtract: [0m[1;92m[ [0m[0;91m22.50%[0m[1;92m ][0m
[1;93mExtract: [0m[1;92m[ [0m[0;91m22.53%[0m[1;92m ][0m
[1;93mExtract: [0m[1;92m[ [0m[0;91m22.55%[0m[1;92m ][0m
[1;93mExtract: [0m[1;92m[ [0m[0;91m22.58%[0m[1;92m ][0m
[1;93mExtract: [0m[1;92m[ [0m[0;91m22.61%[0m[1;92m ][0m
[1;93mExtract: [0m[1;92m[ [0m[0;91m22.63%[0m[1;92m ][0m
[1;93mExtract: [0m[1;92m[ [0m[0;91m22.66%[0m[1;92m ][0m
[1;93mExtract: [0m[1;92m[ [0m[0;91m22.69%[0m[1;92m ][0m
[1;93mExtract: [0m[1;92m[ [0m[0;91m22.72%[0m[1;92m ][0m
[1;93mExtract: [0m[1;92m[ [0m[0;91m22.74%[0m[1;92m ][0m
[1;93mExtract: [0m[1;92m[ [0m[0;91m22.77%[0m[1;92m ][0m
[1;93mExtract: [0m[1;92m[ [0m[0;91m22.80%[0m[1;92m ][0m
[1;93mExtract: [0m[1;92m[ [0m[0;91m22.82%[0m[1;92m ][0m
[1;93mExtract: [0m[1;92m[ [0m[0;91m22.85%[0m[1;92m ][0m
[1;93mExtract: [0m[1;92m[ [0m[0;91m22.88%[0m[1;92m ][0m
[1;93mExtract: [0m[1;92m[ [0m[0;91m22.91%[0m[1;92m ][0m
[1;93mExtract: [0m[1;92m[ [0m[0;91m22.93%[0m[1;92m ][0m
[1;93mExtract: [0m[1;92m[ [0m[0;91m22.96%[0m[1;92m ][0m
[1;93mExtract: [0m[1;92m[ [0m[0;91m22.99%[0m[1;92m ][0m
[1;93mExtract: [0m[1;92m[ [0m[0;91m23.01%[0m[1;92m ][0m
[1;93mExtract: [0m[1;92m[ [0m[0;91m23.04%[0m[1;92m ][0m
[1;93mExtract: [0m[1;92m[ [0m[0;91m23.07%[0m[1;92m ][0m
[1;93mExtract: [0m[1;92m[ [0m[0;91m23.10%[0m[1;92m ][0m
[1;93mExtract: [0m[1;92m[ [0m[0;91m23.12%[0m[1;92m ][0m
[1;93mExtract: [0m[1;92m[ [0m[0;91m23.15%[0m[1;92m ][0m
[1;93mExtract: [0m[1;92m[ [0m[0;91m23.18%[0m[1;92m ][0m
[1;93mExtract: [0m[1;92m[ [0m[0;91m23.20%[0m[1;92m ][0m
[1;93mExtract: [0m[1;92m[ [0m[0;91m23.23%[0m[1;92m ][0m
[1;93mExtract: [0m[1;92m[ [0m[0;91m23.26%[0m[1;92m ][0m
[1;93mExtract: [0m[1;92m[ [0m[0;91m23.29%[0m[1;92m ][0m
[1;93mExtract: [0m[1;92m[ [0m[0;91m23.31%[0m[1;92m ][0m
[1;93mExtract: [0m[1;92m[ [0m[0;91m23.34%[0m[1;92m ][0m
[1;93mExtract: [0m[1;92m[ [0m[0;91m23.37%[0m[1;92m ][0m
[1;93mExtract: [0m[1;92m[ [0m[0;91m23.39%[0m[1;92m ][0m
[1;93mExtract: [0m[1;92m[ [0m[0;91m23.42%[0m[1;92m ][0m
[1;93mExtract: [0m[1;92m[ [0m[0;91m23.45%[0m[1;92m ][0m
[1;93mExtract: [0m[1;92m[ [0m[0;91m23.48%[0m[1;92m ][0m
[1;93mExtract: [0m[1;92m[ [0m[0;91m23.50%[0m[1;92m ][0m
[1;93mExtract: [0m[1;92m[ [0m[0;91m23.53%[0m[1;92m ][0m
[1;93mExtract: [0m[1;92m[ [0m[0;91m23.56%[0m[1;92m ][0m
[1;93mExtract: [0m[1;92m[ [0m[0;91m23.58%[0m[1;92m ][0m
[1;93mExtract: [0m[1;92m[ [0m[0;91m23.61%[0m[1;92m ][0m
[1;93mExtract: [0m[1;92m[ [0m[0;91m23.64%[0m[1;92m ][0m
[1;93mExtract: [0m[1;92m[ [0m[0;91m23.66%[0m[1;92m ][0m
[1;93mExtract: [0m[1;92m[ [0m[0;91m23.69%[0m[1;92m ][0m
[1;93mExtract: [0m[1;92m[ [0m[0;91m23.72%[0m[1;92m ][0m
[1;93mExtract: [0m[1;92m[ [0m[0;91m23.75%[0m[1;92m ][0m
[1;93mExtract: [0m[1;92m[ [0m[0;91m23.77%[0m[1;92m ][0m
[1;93mExtract: [0m[1;92m[ [0m[0;91m23.80%[0m[1;92m ][0m
[1;93mExtract: [0m[1;92m[ [0m[0;91m23.83%[0m[1;92m ][0m
[1;93mExtract: [0m[1;92m[ [0m[0;91m23.85%[0m[1;92m ][0m
[1;93mExtract: [0m[1;92m[ [0m[0;91m23.88%[0m[1;92m ][0m
[1;93mExtract: [0m[1;92m[ [0m[0;91m23.91%[0m[1;92m ][0m
[1;93mExtract: [0m[1;92m[ [0m[0;91m23.94%[0m[1;92m ][0m
[1;93mExtract: [0m[1;92m[ [0m[0;91m23.96%[0m[1;92m ][0m
[1;93mExtract: [0m[1;92m[ [0m[0;91m23.99%[0m[1;92m ][0m
[1;93mExtract: [0m[1;92m[ [0m[0;91m24.02%[0m[1;92m ][0m
[1;93mExtract: [0m[1;92m[ [0m[0;91m24.04%[0m[1;92m ][0m
[1;93mExtract: [0m[1;92m[ [0m[0;91m24.07%[0m[1;92m ][0m
[1;93mExtract: [0m[1;92m[ [0m[0;91m24.10%[0m[1;92m ][0m
[1;93mExtract: [0m[1;92m[ [0m[0;91m24.13%[0m[1;92m ][0m
[1;93mExtract: [0m[1;92m[ [0m[0;91m24.15%[0m[1;92m ][0m
[1;93mExtract: [0m[1;92m[ [0m[0;91m24.18%[0m[1;92m ][0m
[1;93mExtract: [0m[1;92m[ [0m[0;91m24.21%[0m[1;92m ][0m
[1;93mExtract: [0m[1;92m[ [0m[0;91m24.23%[0m[1;92m ][0m
[1;93mExtract: [0m[1;92m[ [0m[0;91m24.26%[0m[1;92m ][0m
[1;93mExtract: [0m[1;92m[ [0m[0;91m24.29%[0m[1;92m ][0m
[1;93mExtract: [0m[1;92m[ [0m[0;91m24.32%[0m[1;92m ][0m
[1;93mExtract: [0m[1;92m[ [0m[0;91m24.34%[0m[1;92m ][0m
[1;93mExtract: [0m[1;92m[ [0m[0;91m24.37%[0m[1;92m ][0m
[1;93mExtract: [0m[1;92m[ [0m[0;91m24.40%[0m[1;92m ][0m
[1;93mExtract: [0m[1;92m[ [0m[0;91m24.42%[0m[1;92m ][0m
[1;93mExtract: [0m[1;92m[ [0m[0;91m24.45%[0m[1;92m ][0m
[1;93mExtract: [0m[1;92m[ [0m[0;91m24.48%[0m[1;92m ][0m
[1;93mExtract: [0m[1;92m[ [0m[0;91m24.51%[0m[1;92m ][0m
[1;93mExtract: [0m[1;92m[ [0m[0;91m24.53%[0m[1;92m ][0m
[1;93mExtract: [0m[1;92m[ [0m[0;91m24.56%[0m[1;92m ][0m
[1;93mExtract: [0m[1;92m[ [0m[0;91m24.59%[0m[1;92m ][0m
[1;93mExtract: [0m[1;92m[ [0m[0;91m24.61%[0m[1;92m ][0m
[1;93mExtract: [0m[1;92m[ [0m[0;91m24.64%[0m[1;92m ][0m
[1;93mExtract: [0m[1;92m[ [0m[0;91m24.67%[0m[1;92m ][0m
[1;93mExtract: [0m[1;92m[ [0m[0;91m24.70%[0m[1;92m ][0m
[1;93mExtract: [0m[1;92m[ [0m[0;91m24.72%[0m[1;92m ][0m
[1;93mExtract: [0m[1;92m[ [0m[0;91m24.75%[0m[1;92m ][0m
[1;93mExtract: [0m[1;92m[ [0m[0;91m24.78%[0m[1;92m ][0m
[1;93mExtract: [0m[1;92m[ [0m[0;91m24.80%[0m[1;92m ][0m
[1;93mExtract: [0m[1;92m[ [0m[0;91m24.83%[0m[1;92m ][0m
[1;93mExtract: [0m[1;92m[ [0m[0;91m24.86%[0m[1;92m ][0m
[1;93mExtract: [0m[1;92m[ [0m[0;91m24.88%[0m[1;92m ][0m
[1;93mExtract: [0m[1;92m[ [0m[0;91m24.91%[0m[1;92m ][0m
[1;93mExtract: [0m[1;92m[ [0m[0;91m24.94%[0m[1;92m ][0m
[1;93mExtract: [0m[1;92m[ [0m[0;91m24.97%[0m[1;92m ][0m
[1;93mExtract: [0m[1;92m[ [0m[0;91m24.99%[0m[1;92m ][0m
[1;93mExtract: [0m[1;92m[ [0m[0;91m25.02%[0m[1;92m ][0m
[1;93mExtract: [0m[1;92m[ [0m[0;91m25.05%[0m[1;92m ][0m
[1;93mExtract: [0m[1;92m[ [0m[0;91m25.07%[0m[1;92m ][0m
[1;93mExtract: [0m[1;92m[ [0m[0;91m25.10%[0m[1;92m ][0m
[1;93mExtract: [0m[1;92m[ [0m[0;91m25.13%[0m[1;92m ][0m
[1;93mExtract: [0m[1;92m[ [0m[0;91m25.16%[0m[1;92m ][0m
[1;93mExtract: [0m[1;92m[ [0m[0;91m25.18%[0m[1;92m ][0m
[1;93mExtract: [0m[1;92m[ [0m[0;91m25.21%[0m[1;92m ][0m
[1;93mExtract: [0m[1;92m[ [0m[0;91m25.24%[0m[1;92m ][0m
[1;93mExtract: [0m[1;92m[ [0m[0;91m25.26%[0m[1;92m ][0m
[1;93mExtract: [0m[1;92m[ [0m[0;91m25.29%[0m[1;92m ][0m
[1;93mExtract: [0m[1;92m[ [0m[0;91m25.32%[0m[1;92m ][0m
[1;93mExtract: [0m[1;92m[ [0m[0;91m25.35%[0m[1;92m ][0m
[1;93mExtract: [0m[1;92m[ [0m[0;91m25.37%[0m[1;92m ][0m
[1;93mExtract: [0m[1;92m[ [0m[0;91m25.40%[0m[1;92m ][0m
[1;93mExtract: [0m[1;92m[ [0m[0;91m25.43%[0m[1;92m ][0m
[1;93mExtract: [0m[1;92m[ [0m[0;91m25.45%[0m[1;92m ][0m
[1;93mExtract: [0m[1;92m[ [0m[0;91m25.48%[0m[1;92m ][0m
[1;93mExtract: [0m[1;92m[ [0m[0;91m25.51%[0m[1;92m ][0m
[1;93mExtract: [0m[1;92m[ [0m[0;91m25.54%[0m[1;92m ][0m
[1;93mExtract: [0m[1;92m[ [0m[0;91m25.56%[0m[1;92m ][0m
[1;93mExtract: [0m[1;92m[ [0m[0;91m25.59%[0m[1;92m ][0m
[1;93mExtract: [0m[1;92m[ [0m[0;91m25.62%[0m[1;92m ][0m
[1;93mExtract: [0m[1;92m[ [0m[0;91m25.64%[0m[1;92m ][0m
[1;93mExtract: [0m[1;92m[ [0m[0;91m25.67%[0m[1;92m ][0m
[1;93mExtract: [0m[1;92m[ [0m[0;91m25.70%[0m[1;92m ][0m
[1;93mExtract: [0m[1;92m[ [0m[0;91m25.73%[0m[1;92m ][0m
[1;93mExtract: [0m[1;92m[ [0m[0;91m25.75%[0m[1;92m ][0m
[1;93mExtract: [0m[1;92m[ [0m[0;91m25.78%[0m[1;92m ][0m
[1;93mExtract: [0m[1;92m[ [0m[0;91m25.81%[0m[1;92m ][0m
[1;93mExtract: [0m[1;92m[ [0m[0;91m25.83%[0m[1;92m ][0m
[1;93mExtract: [0m[1;92m[ [0m[0;91m25.86%[0m[1;92m ][0m
[1;93mExtract: [0m[1;92m[ [0m[0;91m25.89%[0m[1;92m ][0m
[1;93mExtract: [0m[1;92m[ [0m[0;91m25.91%[0m[1;92m ][0m
[1;93mExtract: [0m[1;92m[ [0m[0;91m25.94%[0m[1;92m ][0m
[1;93mExtract: [0m[1;92m[ [0m[0;91m25.97%[0m[1;92m ][0m
[1;93mExtract: [0m[1;92m[ [0m[0;91m26.00%[0m[1;92m ][0m
[1;93mExtract: [0m[1;92m[ [0m[0;91m26.02%[0m[1;92m ][0m
[1;93mExtract: [0m[1;92m[ [0m[0;91m26.05%[0m[1;92m ][0m
[1;93mExtract: [0m[1;92m[ [0m[0;91m26.08%[0m[1;92m ][0m
[1;93mExtract: [0m[1;92m[ [0m[0;91m26.10%[0m[1;92m ][0m
[1;93mExtract: [0m[1;92m[ [0m[0;91m26.13%[0m[1;92m ][0m
[1;93mExtract: [0m[1;92m[ [0m[0;91m26.16%[0m[1;92m ][0m
[1;93mExtract: [0m[1;92m[ [0m[0;91m26.19%[0m[1;92m ][0m
[1;93mExtract: [0m[1;92m[ [0m[0;91m26.21%[0m[1;92m ][0m
[1;93mExtract: [0m[1;92m[ [0m[0;91m26.24%[0m[1;92m ][0m
[1;93mExtract: [0m[1;92m[ [0m[0;91m26.27%[0m[1;92m ][0m
[1;93mExtract: [0m[1;92m[ [0m[0;91m26.29%[0m[1;92m ][0m
[1;93mExtract: [0m[1;92m[ [0m[0;91m26.32%[0m[1;92m ][0m
[1;93mExtract: [0m[1;92m[ [0m[0;91m26.35%[0m[1;92m ][0m
[1;93mExtract: [0m[1;92m[ [0m[0;91m26.38%[0m[1;92m ][0m
[1;93mExtract: [0m[1;92m[ [0m[0;91m26.40%[0m[1;92m ][0m
[1;93mExtract: [0m[1;92m[ [0m[0;91m26.43%[0m[1;92m ][0m
[1;93mExtract: [0m[1;92m[ [0m[0;91m26.46%[0m[1;92m ][0m
[1;93mExtract: [0m[1;92m[ [0m[0;91m26.48%[0m[1;92m ][0m
[1;93mExtract: [0m[1;92m[ [0m[0;91m26.51%[0m[1;92m ][0m
[1;93mExtract: [0m[1;92m[ [0m[0;91m26.54%[0m[1;92m ][0m
[1;93mExtract: [0m[1;92m[ [0m[0;91m26.57%[0m[1;92m ][0m
[1;93mExtract: [0m[1;92m[ [0m[0;91m26.59%[0m[1;92m ][0m
[1;93mExtract: [0m[1;92m[ [0m[0;91m26.62%[0m[1;92m ][0m
[1;93mExtract: [0m[1;92m[ [0m[0;91m26.65%[0m[1;92m ][0m
[1;93mExtract: [0m[1;92m[ [0m[0;91m26.67%[0m[1;92m ][0m
[1;93mExtract: [0m[1;92m[ [0m[0;91m26.70%[0m[1;92m ][0m
[1;93mExtract: [0m[1;92m[ [0m[0;91m26.73%[0m[1;92m ][0m
[1;93mExtract: [0m[1;92m[ [0m[0;91m26.76%[0m[1;92m ][0m
[1;93mExtract: [0m[1;92m[ [0m[0;91m26.78%[0m[1;92m ][0m
[1;93mExtract: [0m[1;92m[ [0m[0;91m26.81%[0m[1;92m ][0m
[1;93mExtract: [0m[1;92m[ [0m[0;91m26.84%[0m[1;92m ][0m
[1;93mExtract: [0m[1;92m[ [0m[0;91m26.86%[0m[1;92m ][0m
[1;93mExtract: [0m[1;92m[ [0m[0;91m26.89%[0m[1;92m ][0m
[1;93mExtract: [0m[1;92m[ [0m[0;91m26.92%[0m[1;92m ][0m
[1;93mExtract: [0m[1;92m[ [0m[0;91m26.94%[0m[1;92m ][0m
[1;93mExtract: [0m[1;92m[ [0m[0;91m26.97%[0m[1;92m ][0m
[1;93mExtract: [0m[1;92m[ [0m[0;91m27.00%[0m[1;92m ][0m
[1;93mExtract: [0m[1;92m[ [0m[0;91m27.03%[0m[1;92m ][0m
[1;93mExtract: [0m[1;92m[ [0m[0;91m27.05%[0m[1;92m ][0m
[1;93mExtract: [0m[1;92m[ [0m[0;91m27.08%[0m[1;92m ][0m
[1;93mExtract: [0m[1;92m[ [0m[0;91m27.11%[0m[1;92m ][0m
[1;93mExtract: [0m[1;92m[ [0m[0;91m27.13%[0m[1;92m ][0m
[1;93mExtract: [0m[1;92m[ [0m[0;91m27.16%[0m[1;92m ][0m
[1;93mExtract: [0m[1;92m[ [0m[0;91m27.19%[0m[1;92m ][0m
[1;93mExtract: [0m[1;92m[ [0m[0;91m27.22%[0m[1;92m ][0m
[1;93mExtract: [0m[1;92m[ [0m[0;91m27.24%[0m[1;92m ][0m
[1;93mExtract: [0m[1;92m[ [0m[0;91m27.27%[0m[1;92m ][0m
[1;93mExtract: [0m[1;92m[ [0m[0;91m27.30%[0m[1;92m ][0m
[1;93mExtract: [0m[1;92m[ [0m[0;91m27.32%[0m[1;92m ][0m
[1;93mExtract: [0m[1;92m[ [0m[0;91m27.35%[0m[1;92m ][0m
[1;93mExtract: [0m[1;92m[ [0m[0;91m27.38%[0m[1;92m ][0m
[1;93mExtract: [0m[1;92m[ [0m[0;91m27.41%[0m[1;92m ][0m
[1;93mExtract: [0m[1;92m[ [0m[0;91m27.43%[0m[1;92m ][0m
[1;93mExtract: [0m[1;92m[ [0m[0;91m27.46%[0m[1;92m ][0m
[1;93mExtract: [0m[1;92m[ [0m[0;91m27.49%[0m[1;92m ][0m
[1;93mExtract: [0m[1;92m[ [0m[0;91m27.51%[0m[1;92m ][0m
[1;93mExtract: [0m[1;92m[ [0m[0;91m27.54%[0m[1;92m ][0m
[1;93mExtract: [0m[1;92m[ [0m[0;91m27.57%[0m[1;92m ][0m
[1;93mExtract: [0m[1;92m[ [0m[0;91m27.62%[0m[1;92m ][0m
[1;93mExtract: [0m[1;92m[ [0m[0;91m27.65%[0m[1;92m ][0m
[1;93mExtract: [0m[1;92m[ [0m[0;91m27.68%[0m[1;92m ][0m
[1;93mExtract: [0m[1;92m[ [0m[0;91m27.70%[0m[1;92m ][0m
[1;93mExtract: [0m[1;92m[ [0m[0;91m27.73%[0m[1;92m ][0m
[1;93mExtract: [0m[1;92m[ [0m[0;91m27.76%[0m[1;92m ][0m
[1;93mExtract: [0m[1;92m[ [0m[0;91m27.79%[0m[1;92m ][0m
[1;93mExtract: [0m[1;92m[ [0m[0;91m27.81%[0m[1;92m ][0m
[1;93mExtract: [0m[1;92m[ [0m[0;91m27.84%[0m[1;92m ][0m
[1;93mExtract: [0m[1;92m[ [0m[0;91m27.87%[0m[1;92m ][0m
[1;93mExtract: [0m[1;92m[ [0m[0;91m27.89%[0m[1;92m ][0m
[1;93mExtract: [0m[1;92m[ [0m[0;91m27.92%[0m[1;92m ][0m
[1;93mExtract: [0m[1;92m[ [0m[0;91m27.95%[0m[1;92m ][0m
[1;93mExtract: [0m[1;92m[ [0m[0;91m27.98%[0m[1;92m ][0m
[1;93mExtract: [0m[1;92m[ [0m[0;91m28.00%[0m[1;92m ][0m
[1;93mExtract: [0m[1;92m[ [0m[0;91m28.03%[0m[1;92m ][0m
[1;93mExtract: [0m[1;92m[ [0m[0;91m28.06%[0m[1;92m ][0m
[1;93mExtract: [0m[1;92m[ [0m[0;91m28.08%[0m[1;92m ][0m
[1;93mExtract: [0m[1;92m[ [0m[0;91m28.11%[0m[1;92m ][0m
[1;93mExtract: [0m[1;92m[ [0m[0;91m28.14%[0m[1;92m ][0m
[1;93mExtract: [0m[1;92m[ [0m[0;91m28.16%[0m[1;92m ][0m
[1;93mExtract: [0m[1;92m[ [0m[0;91m28.19%[0m[1;92m ][0m
[1;93mExtract: [0m[1;92m[ [0m[0;91m28.22%[0m[1;92m ][0m
[1;93mExtract: [0m[1;92m[ [0m[0;91m28.25%[0m[1;92m ][0m
[1;93mExtract: [0m[1;92m[ [0m[0;91m28.27%[0m[1;92m ][0m
[1;93mExtract: [0m[1;92m[ [0m[0;91m28.30%[0m[1;92m ][0m
[1;93mExtract: [0m[1;92m[ [0m[0;91m28.33%[0m[1;92m ][0m
[1;93mExtract: [0m[1;92m[ [0m[0;91m28.35%[0m[1;92m ][0m
[1;93mExtract: [0m[1;92m[ [0m[0;91m28.38%[0m[1;92m ][0m
[1;93mExtract: [0m[1;92m[ [0m[0;91m28.41%[0m[1;92m ][0m
[1;93mExtract: [0m[1;92m[ [0m[0;91m28.44%[0m[1;92m ][0m
[1;93mExtract: [0m[1;92m[ [0m[0;91m28.46%[0m[1;92m ][0m
[1;93mExtract: [0m[1;92m[ [0m[0;91m28.49%[0m[1;92m ][0m
[1;93mExtract: [0m[1;92m[ [0m[0;91m28.52%[0m[1;92m ][0m
[1;93mExtract: [0m[1;92m[ [0m[0;91m28.54%[0m[1;92m ][0m
[1;93mExtract: [0m[1;92m[ [0m[0;91m28.57%[0m[1;92m ][0m
[1;93mExtract: [0m[1;92m[ [0m[0;91m28.60%[0m[1;92m ][0m
[1;93mExtract: [0m[1;92m[ [0m[0;91m28.63%[0m[1;92m ][0m
[1;93mExtract: [0m[1;92m[ [0m[0;91m28.65%[0m[1;92m ][0m
[1;93mExtract: [0m[1;92m[ [0m[0;91m28.68%[0m[1;92m ][0m
[1;93mExtract: [0m[1;92m[ [0m[0;91m28.71%[0m[1;92m ][0m
[1;93mExtract: [0m[1;92m[ [0m[0;91m28.73%[0m[1;92m ][0m
[1;93mExtract: [0m[1;92m[ [0m[0;91m28.76%[0m[1;92m ][0m
[1;93mExtract: [0m[1;92m[ [0m[0;91m28.79%[0m[1;92m ][0m
[1;93mExtract: [0m[1;92m[ [0m[0;91m28.82%[0m[1;92m ][0m
[1;93mExtract: [0m[1;92m[ [0m[0;91m28.84%[0m[1;92m ][0m
[1;93mExtract: [0m[1;92m[ [0m[0;91m28.87%[0m[1;92m ][0m
[1;93mExtract: [0m[1;92m[ [0m[0;91m28.90%[0m[1;92m ][0m
[1;93mExtract: [0m[1;92m[ [0m[0;91m28.92%[0m[1;92m ][0m
[1;93mExtract: [0m[1;92m[ [0m[0;91m28.95%[0m[1;92m ][0m
[1;93mExtract: [0m[1;92m[ [0m[0;91m28.98%[0m[1;92m ][0m
[1;93mExtract: [0m[1;92m[ [0m[0;91m29.01%[0m[1;92m ][0m
[1;93mExtract: [0m[1;92m[ [0m[0;91m29.03%[0m[1;92m ][0m
[1;93mExtract: [0m[1;92m[ [0m[0;91m29.06%[0m[1;92m ][0m
[1;93mExtract: [0m[1;92m[ [0m[0;91m29.09%[0m[1;92m ][0m
[1;93mExtract: [0m[1;92m[ [0m[0;91m29.11%[0m[1;92m ][0m
[1;93mExtract: [0m[1;92m[ [0m[0;91m29.14%[0m[1;92m ][0m
[1;93mExtract: [0m[1;92m[ [0m[0;91m29.17%[0m[1;92m ][0m
[1;93mExtract: [0m[1;92m[ [0m[0;91m29.19%[0m[1;92m ][0m
[1;93mExtract: [0m[1;92m[ [0m[0;91m29.22%[0m[1;92m ][0m
[1;93mExtract: [0m[1;92m[ [0m[0;91m29.28%[0m[1;92m ][0m
[1;93mExtract: [0m[1;92m[ [0m[0;91m29.30%[0m[1;92m ][0m
[1;93mExtract: [0m[1;92m[ [0m[0;91m29.33%[0m[1;92m ][0m
[1;93mExtract: [0m[1;92m[ [0m[0;91m29.36%[0m[1;92m ][0m
[1;93mExtract: [0m[1;92m[ [0m[0;91m29.38%[0m[1;92m ][0m
[1;93mExtract: [0m[1;92m[ [0m[0;91m29.41%[0m[1;92m ][0m
[1;93mExtract: [0m[1;92m[ [0m[0;91m29.44%[0m[1;92m ][0m
[1;93mExtract: [0m[1;92m[ [0m[0;91m29.47%[0m[1;92m ][0m
[1;93mExtract: [0m[1;92m[ [0m[0;91m29.49%[0m[1;92m ][0m
[1;93mExtract: [0m[1;92m[ [0m[0;91m29.52%[0m[1;92m ][0m
[1;93mExtract: [0m[1;92m[ [0m[0;91m29.55%[0m[1;92m ][0m
[1;93mExtract: [0m[1;92m[ [0m[0;91m29.57%[0m[1;92m ][0m
[1;93mExtract: [0m[1;92m[ [0m[0;91m29.60%[0m[1;92m ][0m
[1;93mExtract: [0m[1;92m[ [0m[0;91m29.63%[0m[1;92m ][0m
[1;93mExtract: [0m[1;92m[ [0m[0;91m29.66%[0m[1;92m ][0m
[1;93mExtract: [0m[1;92m[ [0m[0;91m29.68%[0m[1;92m ][0m
[1;93mExtract: [0m[1;92m[ [0m[0;91m29.71%[0m[1;92m ][0m
[1;93mExtract: [0m[1;92m[ [0m[0;91m29.74%[0m[1;92m ][0m
[1;93mExtract: [0m[1;92m[ [0m[0;91m29.76%[0m[1;92m ][0m
[1;93mExtract: [0m[1;92m[ [0m[0;91m29.79%[0m[1;92m ][0m
[1;93mExtract: [0m[1;92m[ [0m[0;91m29.82%[0m[1;92m ][0m
[1;93mExtract: [0m[1;92m[ [0m[0;91m29.85%[0m[1;92m ][0m
[1;93mExtract: [0m[1;92m[ [0m[0;91m29.87%[0m[1;92m ][0m
[1;93mExtract: [0m[1;92m[ [0m[0;91m29.90%[0m[1;92m ][0m
[1;93mExtract: [0m[1;92m[ [0m[0;91m29.93%[0m[1;92m ][0m
[1;93mExtract: [0m[1;92m[ [0m[0;91m29.95%[0m[1;92m ][0m
[1;93mExtract: [0m[1;92m[ [0m[0;91m29.98%[0m[1;92m ][0m
[1;93mExtract: [0m[1;92m[ [0m[0;91m30.01%[0m[1;92m ][0m
[1;93mExtract: [0m[1;92m[ [0m[0;91m30.04%[0m[1;92m ][0m
[1;93mExtract: [0m[1;92m[ [0m[0;91m30.06%[0m[1;92m ][0m
[1;93mExtract: [0m[1;92m[ [0m[0;91m30.09%[0m[1;92m ][0m
[1;93mExtract: [0m[1;92m[ [0m[0;91m30.12%[0m[1;92m ][0m
[1;93mExtract: [0m[1;92m[ [0m[0;91m30.14%[0m[1;92m ][0m
[1;93mExtract: [0m[1;92m[ [0m[0;91m30.17%[0m[1;92m ][0m
[1;93mExtract: [0m[1;92m[ [0m[0;91m30.20%[0m[1;92m ][0m
[1;93mExtract: [0m[1;92m[ [0m[0;91m30.22%[0m[1;92m ][0m
[1;93mExtract: [0m[1;92m[ [0m[0;91m30.25%[0m[1;92m ][0m
[1;93mExtract: [0m[1;92m[ [0m[0;91m30.28%[0m[1;92m ][0m
[1;93mExtract: [0m[1;92m[ [0m[0;91m30.31%[0m[1;92m ][0m
[1;93mExtract: [0m[1;92m[ [0m[0;91m30.33%[0m[1;92m ][0m
[1;93mExtract: [0m[1;92m[ [0m[0;91m30.36%[0m[1;92m ][0m
[1;93mExtract: [0m[1;92m[ [0m[0;91m30.39%[0m[1;92m ][0m
[1;93mExtract: [0m[1;92m[ [0m[0;91m30.41%[0m[1;92m ][0m
[1;93mExtract: [0m[1;92m[ [0m[0;91m30.44%[0m[1;92m ][0m
[1;93mExtract: [0m[1;92m[ [0m[0;91m30.47%[0m[1;92m ][0m
[1;93mExtract: [0m[1;92m[ [0m[0;91m30.50%[0m[1;92m ][0m
[1;93mExtract: [0m[1;92m[ [0m[0;91m30.52%[0m[1;92m ][0m
[1;93mExtract: [0m[1;92m[ [0m[0;91m30.55%[0m[1;92m ][0m
[1;93mExtract: [0m[1;92m[ [0m[0;91m30.58%[0m[1;92m ][0m
[1;93mExtract: [0m[1;92m[ [0m[0;91m30.60%[0m[1;92m ][0m
[1;93mExtract: [0m[1;92m[ [0m[0;91m30.63%[0m[1;92m ][0m
[1;93mExtract: [0m[1;92m[ [0m[0;91m30.66%[0m[1;92m ][0m
[1;93mExtract: [0m[1;92m[ [0m[0;91m30.69%[0m[1;92m ][0m
[1;93mExtract: [0m[1;92m[ [0m[0;91m30.71%[0m[1;92m ][0m
[1;93mExtract: [0m[1;92m[ [0m[0;91m30.74%[0m[1;92m ][0m
[1;93mExtract: [0m[1;92m[ [0m[0;91m30.77%[0m[1;92m ][0m
[1;93mExtract: [0m[1;92m[ [0m[0;91m30.79%[0m[1;92m ][0m
[1;93mExtract: [0m[1;92m[ [0m[0;91m30.82%[0m[1;92m ][0m
[1;93mExtract: [0m[1;92m[ [0m[0;91m30.85%[0m[1;92m ][0m
[1;93mExtract: [0m[1;92m[ [0m[0;91m30.88%[0m[1;92m ][0m
[1;93mExtract: [0m[1;92m[ [0m[0;91m30.90%[0m[1;92m ][0m
[1;93mExtract: [0m[1;92m[ [0m[0;91m30.93%[0m[1;92m ][0m
[1;93mExtract: [0m[1;92m[ [0m[0;91m30.96%[0m[1;92m ][0m
[1;93mExtract: [0m[1;92m[ [0m[0;91m30.98%[0m[1;92m ][0m
[1;93mExtract: [0m[1;92m[ [0m[0;91m31.01%[0m[1;92m ][0m
[1;93mExtract: [0m[1;92m[ [0m[0;91m31.04%[0m[1;92m ][0m
[1;93mExtract: [0m[1;92m[ [0m[0;91m31.07%[0m[1;92m ][0m
[1;93mExtract: [0m[1;92m[ [0m[0;91m31.09%[0m[1;92m ][0m
[1;93mExtract: [0m[1;92m[ [0m[0;91m31.12%[0m[1;92m ][0m
[1;93mExtract: [0m[1;92m[ [0m[0;91m31.15%[0m[1;92m ][0m
[1;93mExtract: [0m[1;92m[ [0m[0;91m31.17%[0m[1;92m ][0m
[1;93mExtract: [0m[1;92m[ [0m[0;91m31.20%[0m[1;92m ][0m
[1;93mExtract: [0m[1;92m[ [0m[0;91m31.23%[0m[1;92m ][0m
[1;93mExtract: [0m[1;92m[ [0m[0;91m31.26%[0m[1;92m ][0m
[1;93mExtract: [0m[1;92m[ [0m[0;91m31.28%[0m[1;92m ][0m
[1;93mExtract: [0m[1;92m[ [0m[0;91m31.31%[0m[1;92m ][0m
[1;93mExtract: [0m[1;92m[ [0m[0;91m31.34%[0m[1;92m ][0m
[1;93mExtract: [0m[1;92m[ [0m[0;91m31.36%[0m[1;92m ][0m
[1;93mExtract: [0m[1;92m[ [0m[0;91m31.39%[0m[1;92m ][0m
[1;93mExtract: [0m[1;92m[ [0m[0;91m31.42%[0m[1;92m ][0m
[1;93mExtract: [0m[1;92m[ [0m[0;91m31.44%[0m[1;92m ][0m
[1;93mExtract: [0m[1;92m[ [0m[0;91m31.47%[0m[1;92m ][0m
[1;93mExtract: [0m[1;92m[ [0m[0;91m31.50%[0m[1;92m ][0m
[1;93mExtract: [0m[1;92m[ [0m[0;91m31.53%[0m[1;92m ][0m
[1;93mExtract: [0m[1;92m[ [0m[0;91m31.55%[0m[1;92m ][0m
[1;93mExtract: [0m[1;92m[ [0m[0;91m31.58%[0m[1;92m ][0m
[1;93mExtract: [0m[1;92m[ [0m[0;91m31.61%[0m[1;92m ][0m
[1;93mExtract: [0m[1;92m[ [0m[0;91m31.63%[0m[1;92m ][0m
[1;93mExtract: [0m[1;92m[ [0m[0;91m31.66%[0m[1;92m ][0m
[1;93mExtract: [0m[1;92m[ [0m[0;91m31.69%[0m[1;92m ][0m
[1;93mExtract: [0m[1;92m[ [0m[0;91m31.72%[0m[1;92m ][0m
[1;93mExtract: [0m[1;92m[ [0m[0;91m31.74%[0m[1;92m ][0m
[1;93mExtract: [0m[1;92m[ [0m[0;91m31.77%[0m[1;92m ][0m
[1;93mExtract: [0m[1;92m[ [0m[0;91m31.80%[0m[1;92m ][0m
[1;93mExtract: [0m[1;92m[ [0m[0;91m31.82%[0m[1;92m ][0m
[1;93mExtract: [0m[1;92m[ [0m[0;91m31.85%[0m[1;92m ][0m
[1;93mExtract: [0m[1;92m[ [0m[0;91m31.88%[0m[1;92m ][0m
[1;93mExtract: [0m[1;92m[ [0m[0;91m31.91%[0m[1;92m ][0m
[1;93mExtract: [0m[1;92m[ [0m[0;91m31.93%[0m[1;92m ][0m
[1;93mExtract: [0m[1;92m[ [0m[0;91m31.96%[0m[1;92m ][0m
[1;93mExtract: [0m[1;92m[ [0m[0;91m31.99%[0m[1;92m ][0m
[1;93mExtract: [0m[1;92m[ [0m[0;91m32.01%[0m[1;92m ][0m
[1;93mExtract: [0m[1;92m[ [0m[0;91m32.04%[0m[1;92m ][0m
[1;93mExtract: [0m[1;92m[ [0m[0;91m32.07%[0m[1;92m ][0m
[1;93mExtract: [0m[1;92m[ [0m[0;91m32.10%[0m[1;92m ][0m
[1;93mExtract: [0m[1;92m[ [0m[0;91m32.12%[0m[1;92m ][0m
[1;93mExtract: [0m[1;92m[ [0m[0;91m32.15%[0m[1;92m ][0m
[1;93mExtract: [0m[1;92m[ [0m[0;91m32.18%[0m[1;92m ][0m
[1;93mExtract: [0m[1;92m[ [0m[0;91m32.20%[0m[1;92m ][0m
[1;93mExtract: [0m[1;92m[ [0m[0;91m32.23%[0m[1;92m ][0m
[1;93mExtract: [0m[1;92m[ [0m[0;91m32.26%[0m[1;92m ][0m
[1;93mExtract: [0m[1;92m[ [0m[0;91m32.29%[0m[1;92m ][0m
[1;93mExtract: [0m[1;92m[ [0m[0;91m32.31%[0m[1;92m ][0m
[1;93mExtract: [0m[1;92m[ [0m[0;91m32.34%[0m[1;92m ][0m
[1;93mExtract: [0m[1;92m[ [0m[0;91m32.37%[0m[1;92m ][0m
[1;93mExtract: [0m[1;92m[ [0m[0;91m32.39%[0m[1;92m ][0m
[1;93mExtract: [0m[1;92m[ [0m[0;91m32.42%[0m[1;92m ][0m
[1;93mExtract: [0m[1;92m[ [0m[0;91m32.45%[0m[1;92m ][0m
[1;93mExtract: [0m[1;92m[ [0m[0;91m32.47%[0m[1;92m ][0m
[1;93mExtract: [0m[1;92m[ [0m[0;91m32.50%[0m[1;92m ][0m
[1;93mExtract: [0m[1;92m[ [0m[0;91m32.53%[0m[1;92m ][0m
[1;93mExtract: [0m[1;92m[ [0m[0;91m32.56%[0m[1;92m ][0m
[1;93mExtract: [0m[1;92m[ [0m[0;91m32.58%[0m[1;92m ][0m
[1;93mExtract: [0m[1;92m[ [0m[0;91m32.61%[0m[1;92m ][0m
[1;93mExtract: [0m[1;92m[ [0m[0;91m32.64%[0m[1;92m ][0m
[1;93mExtract: [0m[1;92m[ [0m[0;91m32.66%[0m[1;92m ][0m
[1;93mExtract: [0m[1;92m[ [0m[0;91m32.69%[0m[1;92m ][0m
[1;93mExtract: [0m[1;92m[ [0m[0;91m32.72%[0m[1;92m ][0m
[1;93mExtract: [0m[1;92m[ [0m[0;91m32.75%[0m[1;92m ][0m
[1;93mExtract: [0m[1;92m[ [0m[0;91m32.77%[0m[1;92m ][0m
[1;93mExtract: [0m[1;92m[ [0m[0;91m32.80%[0m[1;92m ][0m
[1;93mExtract: [0m[1;92m[ [0m[0;91m32.83%[0m[1;92m ][0m
[1;93mExtract: [0m[1;92m[ [0m[0;91m32.85%[0m[1;92m ][0m
[1;93mExtract: [0m[1;92m[ [0m[0;91m32.88%[0m[1;92m ][0m
[1;93mExtract: [0m[1;92m[ [0m[0;91m32.91%[0m[1;92m ][0m
[1;93mExtract: [0m[1;92m[ [0m[0;91m32.94%[0m[1;92m ][0m
[1;93mExtract: [0m[1;92m[ [0m[0;91m32.96%[0m[1;92m ][0m
[1;93mExtract: [0m[1;92m[ [0m[0;91m32.99%[0m[1;92m ][0m
[1;93mExtract: [0m[1;92m[ [0m[0;91m33.02%[0m[1;92m ][0m
[1;93mExtract: [0m[1;92m[ [0m[0;91m33.04%[0m[1;92m ][0m
[1;93mExtract: [0m[1;92m[ [0m[0;91m33.07%[0m[1;92m ][0m
[1;93mExtract: [0m[1;92m[ [0m[0;91m33.10%[0m[1;92m ][0m
[1;93mExtract: [0m[1;92m[ [0m[0;91m33.13%[0m[1;92m ][0m
[1;93mExtract: [0m[1;92m[ [0m[0;91m33.15%[0m[1;92m ][0m
[1;93mExtract: [0m[1;92m[ [0m[0;91m33.18%[0m[1;92m ][0m
[1;93mExtract: [0m[1;92m[ [0m[0;91m33.21%[0m[1;92m ][0m
[1;93mExtract: [0m[1;92m[ [0m[0;91m33.23%[0m[1;92m ][0m
[1;93mExtract: [0m[1;92m[ [0m[0;91m33.26%[0m[1;92m ][0m
[1;93mExtract: [0m[1;92m[ [0m[0;91m33.29%[0m[1;92m ][0m
[1;93mExtract: [0m[1;92m[ [0m[0;91m33.32%[0m[1;92m ][0m
[1;93mExtract: [0m[1;92m[ [0m[0;91m33.34%[0m[1;92m ][0m
[1;93mExtract: [0m[1;92m[ [0m[0;91m33.37%[0m[1;92m ][0m
[1;93mExtract: [0m[1;92m[ [0m[0;91m33.40%[0m[1;92m ][0m
[1;93mExtract: [0m[1;92m[ [0m[0;91m33.42%[0m[1;92m ][0m
[1;93mExtract: [0m[1;92m[ [0m[0;91m33.45%[0m[1;92m ][0m
[1;93mExtract: [0m[1;92m[ [0m[0;91m33.48%[0m[1;92m ][0m
[1;93mExtract: [0m[1;92m[ [0m[0;91m33.51%[0m[1;92m ][0m
[1;93mExtract: [0m[1;92m[ [0m[0;91m33.53%[0m[1;92m ][0m
[1;93mExtract: [0m[1;92m[ [0m[0;91m33.56%[0m[1;92m ][0m
[1;93mExtract: [0m[1;92m[ [0m[0;91m33.59%[0m[1;92m ][0m
[1;93mExtract: [0m[1;92m[ [0m[0;91m33.61%[0m[1;92m ][0m
[1;93mExtract: [0m[1;92m[ [0m[0;91m33.64%[0m[1;92m ][0m
[1;93mExtract: [0m[1;92m[ [0m[0;91m33.67%[0m[1;92m ][0m
[1;93mExtract: [0m[1;92m[ [0m[0;91m33.69%[0m[1;92m ][0m
[1;93mExtract: [0m[1;92m[ [0m[0;91m33.72%[0m[1;92m ][0m
[1;93mExtract: [0m[1;92m[ [0m[0;91m33.75%[0m[1;92m ][0m
[1;93mExtract: [0m[1;92m[ [0m[0;91m33.78%[0m[1;92m ][0m
[1;93mExtract: [0m[1;92m[ [0m[0;91m33.80%[0m[1;92m ][0m
[1;93mExtract: [0m[1;92m[ [0m[0;91m33.83%[0m[1;92m ][0m
[1;93mExtract: [0m[1;92m[ [0m[0;91m33.86%[0m[1;92m ][0m
[1;93mExtract: [0m[1;92m[ [0m[0;91m33.88%[0m[1;92m ][0m
[1;93mExtract: [0m[1;92m[ [0m[0;91m33.91%[0m[1;92m ][0m
[1;93mExtract: [0m[1;92m[ [0m[0;91m33.94%[0m[1;92m ][0m
[1;93mExtract: [0m[1;92m[ [0m[0;91m33.97%[0m[1;92m ][0m
[1;93mExtract: [0m[1;92m[ [0m[0;91m33.99%[0m[1;92m ][0m
[1;93mExtract: [0m[1;92m[ [0m[0;91m34.02%[0m[1;92m ][0m
[1;93mExtract: [0m[1;92m[ [0m[0;91m34.05%[0m[1;92m ][0m
[1;93mExtract: [0m[1;92m[ [0m[0;91m34.07%[0m[1;92m ][0m
[1;93mExtract: [0m[1;92m[ [0m[0;91m34.10%[0m[1;92m ][0m
[1;93mExtract: [0m[1;92m[ [0m[0;91m34.13%[0m[1;92m ][0m
[1;93mExtract: [0m[1;92m[ [0m[0;91m34.16%[0m[1;92m ][0m
[1;93mExtract: [0m[1;92m[ [0m[0;91m34.18%[0m[1;92m ][0m
[1;93mExtract: [0m[1;92m[ [0m[0;91m34.21%[0m[1;92m ][0m
[1;93mExtract: [0m[1;92m[ [0m[0;91m34.24%[0m[1;92m ][0m
[1;93mExtract: [0m[1;92m[ [0m[0;91m34.26%[0m[1;92m ][0m
[1;93mExtract: [0m[1;92m[ [0m[0;91m34.29%[0m[1;92m ][0m
[1;93mExtract: [0m[1;92m[ [0m[0;91m34.32%[0m[1;92m ][0m
[1;93mExtract: [0m[1;92m[ [0m[0;91m34.35%[0m[1;92m ][0m
[1;93mExtract: [0m[1;92m[ [0m[0;91m34.37%[0m[1;92m ][0m
[1;93mExtract: [0m[1;92m[ [0m[0;91m34.40%[0m[1;92m ][0m
[1;93mExtract: [0m[1;92m[ [0m[0;91m34.43%[0m[1;92m ][0m
[1;93mExtract: [0m[1;92m[ [0m[0;91m34.45%[0m[1;92m ][0m
[1;93mExtract: [0m[1;92m[ [0m[0;91m34.48%[0m[1;92m ][0m
[1;93mExtract: [0m[1;92m[ [0m[0;91m34.51%[0m[1;92m ][0m
[1;93mExtract: [0m[1;92m[ [0m[0;91m34.54%[0m[1;92m ][0m
[1;93mExtract: [0m[1;92m[ [0m[0;91m34.56%[0m[1;92m ][0m
[1;93mExtract: [0m[1;92m[ [0m[0;91m34.62%[0m[1;92m ][0m
[1;93mExtract: [0m[1;92m[ [0m[0;91m34.64%[0m[1;92m ][0m
[1;93mExtract: [0m[1;92m[ [0m[0;91m34.67%[0m[1;92m ][0m
[1;93mExtract: [0m[1;92m[ [0m[0;91m34.70%[0m[1;92m ][0m
[1;93mExtract: [0m[1;92m[ [0m[0;91m34.72%[0m[1;92m ][0m
[1;93mExtract: [0m[1;92m[ [0m[0;91m34.75%[0m[1;92m ][0m
[1;93mExtract: [0m[1;92m[ [0m[0;91m34.78%[0m[1;92m ][0m
[1;93mExtract: [0m[1;92m[ [0m[0;91m34.81%[0m[1;92m ][0m
[1;93mExtract: [0m[1;92m[ [0m[0;91m34.83%[0m[1;92m ][0m
[1;93mExtract: [0m[1;92m[ [0m[0;91m34.86%[0m[1;92m ][0m
[1;93mExtract: [0m[1;92m[ [0m[0;91m34.89%[0m[1;92m ][0m
[1;93mExtract: [0m[1;92m[ [0m[0;91m34.91%[0m[1;92m ][0m
[1;93mExtract: [0m[1;92m[ [0m[0;91m34.94%[0m[1;92m ][0m
[1;93mExtract: [0m[1;92m[ [0m[0;91m34.97%[0m[1;92m ][0m
[1;93mExtract: [0m[1;92m[ [0m[0;91m35.00%[0m[1;92m ][0m
[1;93mExtract: [0m[1;92m[ [0m[0;91m35.02%[0m[1;92m ][0m
[1;93mExtract: [0m[1;92m[ [0m[0;91m35.05%[0m[1;92m ][0m
[1;93mExtract: [0m[1;92m[ [0m[0;91m35.08%[0m[1;92m ][0m
[1;93mExtract: [0m[1;92m[ [0m[0;91m35.10%[0m[1;92m ][0m
[1;93mExtract: [0m[1;92m[ [0m[0;91m35.13%[0m[1;92m ][0m
[1;93mExtract: [0m[1;92m[ [0m[0;91m35.16%[0m[1;92m ][0m
[1;93mExtract: [0m[1;92m[ [0m[0;91m35.19%[0m[1;92m ][0m
[1;93mExtract: [0m[1;92m[ [0m[0;91m35.21%[0m[1;92m ][0m
[1;93mExtract: [0m[1;92m[ [0m[0;91m35.24%[0m[1;92m ][0m
[1;93mExtract: [0m[1;92m[ [0m[0;91m35.27%[0m[1;92m ][0m
[1;93mExtract: [0m[1;92m[ [0m[0;91m35.29%[0m[1;92m ][0m
[1;93mExtract: [0m[1;92m[ [0m[0;91m35.32%[0m[1;92m ][0m
[1;93mExtract: [0m[1;92m[ [0m[0;91m35.35%[0m[1;92m ][0m
[1;93mExtract: [0m[1;92m[ [0m[0;91m35.38%[0m[1;92m ][0m
[1;93mExtract: [0m[1;92m[ [0m[0;91m35.40%[0m[1;92m ][0m
[1;93mExtract: [0m[1;92m[ [0m[0;91m35.43%[0m[1;92m ][0m
[1;93mExtract: [0m[1;92m[ [0m[0;91m35.46%[0m[1;92m ][0m
[1;93mExtract: [0m[1;92m[ [0m[0;91m35.48%[0m[1;92m ][0m
[1;93mExtract: [0m[1;92m[ [0m[0;91m35.51%[0m[1;92m ][0m
[1;93mExtract: [0m[1;92m[ [0m[0;91m35.54%[0m[1;92m ][0m
[1;93mExtract: [0m[1;92m[ [0m[0;91m35.57%[0m[1;92m ][0m
[1;93mExtract: [0m[1;92m[ [0m[0;91m35.59%[0m[1;92m ][0m
[1;93mExtract: [0m[1;92m[ [0m[0;91m35.62%[0m[1;92m ][0m
[1;93mExtract: [0m[1;92m[ [0m[0;91m35.65%[0m[1;92m ][0m
[1;93mExtract: [0m[1;92m[ [0m[0;91m35.67%[0m[1;92m ][0m
[1;93mExtract: [0m[1;92m[ [0m[0;91m35.70%[0m[1;92m ][0m
[1;93mExtract: [0m[1;92m[ [0m[0;91m35.73%[0m[1;92m ][0m
[1;93mExtract: [0m[1;92m[ [0m[0;91m35.75%[0m[1;92m ][0m
[1;93mExtract: [0m[1;92m[ [0m[0;91m35.78%[0m[1;92m ][0m
[1;93mExtract: [0m[1;92m[ [0m[0;91m35.81%[0m[1;92m ][0m
[1;93mExtract: [0m[1;92m[ [0m[0;91m35.84%[0m[1;92m ][0m
[1;93mExtract: [0m[1;92m[ [0m[0;91m35.86%[0m[1;92m ][0m
[1;93mExtract: [0m[1;92m[ [0m[0;91m35.89%[0m[1;92m ][0m
[1;93mExtract: [0m[1;92m[ [0m[0;91m35.92%[0m[1;92m ][0m
[1;93mExtract: [0m[1;92m[ [0m[0;91m35.94%[0m[1;92m ][0m
[1;93mExtract: [0m[1;92m[ [0m[0;91m35.97%[0m[1;92m ][0m
[1;93mExtract: [0m[1;92m[ [0m[0;91m36.00%[0m[1;92m ][0m
[1;93mExtract: [0m[1;92m[ [0m[0;91m36.03%[0m[1;92m ][0m
[1;93mExtract: [0m[1;92m[ [0m[0;91m36.05%[0m[1;92m ][0m
[1;93mExtract: [0m[1;92m[ [0m[0;91m36.08%[0m[1;92m ][0m
[1;93mExtract: [0m[1;92m[ [0m[0;91m36.11%[0m[1;92m ][0m
[1;93mExtract: [0m[1;92m[ [0m[0;91m36.13%[0m[1;92m ][0m
[1;93mExtract: [0m[1;92m[ [0m[0;91m36.16%[0m[1;92m ][0m
[1;93mExtract: [0m[1;92m[ [0m[0;91m36.19%[0m[1;92m ][0m
[1;93mExtract: [0m[1;92m[ [0m[0;91m36.22%[0m[1;92m ][0m
[1;93mExtract: [0m[1;92m[ [0m[0;91m36.24%[0m[1;92m ][0m
[1;93mExtract: [0m[1;92m[ [0m[0;91m36.27%[0m[1;92m ][0m
[1;93mExtract: [0m[1;92m[ [0m[0;91m36.30%[0m[1;92m ][0m
[1;93mExtract: [0m[1;92m[ [0m[0;91m36.32%[0m[1;92m ][0m
[1;93mExtract: [0m[1;92m[ [0m[0;91m36.35%[0m[1;92m ][0m
[1;93mExtract: [0m[1;92m[ [0m[0;91m36.38%[0m[1;92m ][0m
[1;93mExtract: [0m[1;92m[ [0m[0;91m36.41%[0m[1;92m ][0m
[1;93mExtract: [0m[1;92m[ [0m[0;91m36.43%[0m[1;92m ][0m
[1;93mExtract: [0m[1;92m[ [0m[0;91m36.46%[0m[1;92m ][0m
[1;93mExtract: [0m[1;92m[ [0m[0;91m36.49%[0m[1;92m ][0m
[1;93mExtract: [0m[1;92m[ [0m[0;91m36.51%[0m[1;92m ][0m
[1;93mExtract: [0m[1;92m[ [0m[0;91m36.54%[0m[1;92m ][0m
[1;93mExtract: [0m[1;92m[ [0m[0;91m36.57%[0m[1;92m ][0m
[1;93mExtract: [0m[1;92m[ [0m[0;91m36.60%[0m[1;92m ][0m
[1;93mExtract: [0m[1;92m[ [0m[0;91m36.62%[0m[1;92m ][0m
[1;93mExtract: [0m[1;92m[ [0m[0;91m36.65%[0m[1;92m ][0m
[1;93mExtract: [0m[1;92m[ [0m[0;91m36.70%[0m[1;92m ][0m
[1;93mExtract: [0m[1;92m[ [0m[0;91m36.73%[0m[1;92m ][0m
[1;93mExtract: [0m[1;92m[ [0m[0;91m36.76%[0m[1;92m ][0m
[1;93mExtract: [0m[1;92m[ [0m[0;91m36.79%[0m[1;92m ][0m
[1;93mExtract: [0m[1;92m[ [0m[0;91m36.81%[0m[1;92m ][0m
[1;93mExtract: [0m[1;92m[ [0m[0;91m36.84%[0m[1;92m ][0m
[1;93mExtract: [0m[1;92m[ [0m[0;91m36.87%[0m[1;92m ][0m
[1;93mExtract: [0m[1;92m[ [0m[0;91m36.89%[0m[1;92m ][0m
[1;93mExtract: [0m[1;92m[ [0m[0;91m36.92%[0m[1;92m ][0m
[1;93mExtract: [0m[1;92m[ [0m[0;91m36.95%[0m[1;92m ][0m
[1;93mExtract: [0m[1;92m[ [0m[0;91m36.97%[0m[1;92m ][0m
[1;93mExtract: [0m[1;92m[ [0m[0;91m37.00%[0m[1;92m ][0m
[1;93mExtract: [0m[1;92m[ [0m[0;91m37.03%[0m[1;92m ][0m
[1;93mExtract: [0m[1;92m[ [0m[0;91m37.06%[0m[1;92m ][0m
[1;93mExtract: [0m[1;92m[ [0m[0;91m37.08%[0m[1;92m ][0m
[1;93mExtract: [0m[1;92m[ [0m[0;91m37.11%[0m[1;92m ][0m
[1;93mExtract: [0m[1;92m[ [0m[0;91m37.14%[0m[1;92m ][0m
[1;93mExtract: [0m[1;92m[ [0m[0;91m37.16%[0m[1;92m ][0m
[1;93mExtract: [0m[1;92m[ [0m[0;91m37.19%[0m[1;92m ][0m
[1;93mExtract: [0m[1;92m[ [0m[0;91m37.22%[0m[1;92m ][0m
[1;93mExtract: [0m[1;92m[ [0m[0;91m37.25%[0m[1;92m ][0m
[1;93mExtract: [0m[1;92m[ [0m[0;91m37.27%[0m[1;92m ][0m
[1;93mExtract: [0m[1;92m[ [0m[0;91m37.30%[0m[1;92m ][0m
[1;93mExtract: [0m[1;92m[ [0m[0;91m37.33%[0m[1;92m ][0m
[1;93mExtract: [0m[1;92m[ [0m[0;91m37.35%[0m[1;92m ][0m
[1;93mExtract: [0m[1;92m[ [0m[0;91m37.38%[0m[1;92m ][0m
[1;93mExtract: [0m[1;92m[ [0m[0;91m37.41%[0m[1;92m ][0m
[1;93mExtract: [0m[1;92m[ [0m[0;91m37.44%[0m[1;92m ][0m
[1;93mExtract: [0m[1;92m[ [0m[0;91m37.46%[0m[1;92m ][0m
[1;93mExtract: [0m[1;92m[ [0m[0;91m37.49%[0m[1;92m ][0m
[1;93mExtract: [0m[1;92m[ [0m[0;91m37.52%[0m[1;92m ][0m
[1;93mExtract: [0m[1;92m[ [0m[0;91m37.54%[0m[1;92m ][0m
[1;93mExtract: [0m[1;92m[ [0m[0;91m37.57%[0m[1;92m ][0m
[1;93mExtract: [0m[1;92m[ [0m[0;91m37.60%[0m[1;92m ][0m
[1;93mExtract: [0m[1;92m[ [0m[0;91m37.63%[0m[1;92m ][0m
[1;93mExtract: [0m[1;92m[ [0m[0;91m37.65%[0m[1;92m ][0m
[1;93mExtract: [0m[1;92m[ [0m[0;91m37.68%[0m[1;92m ][0m
[1;93mExtract: [0m[1;92m[ [0m[0;91m37.71%[0m[1;92m ][0m
[1;93mExtract: [0m[1;92m[ [0m[0;91m37.73%[0m[1;92m ][0m
[1;93mExtract: [0m[1;92m[ [0m[0;91m37.76%[0m[1;92m ][0m
[1;93mExtract: [0m[1;92m[ [0m[0;91m37.79%[0m[1;92m ][0m
[1;93mExtract: [0m[1;92m[ [0m[0;91m37.82%[0m[1;92m ][0m
[1;93mExtract: [0m[1;92m[ [0m[0;91m37.84%[0m[1;92m ][0m
[1;93mExtract: [0m[1;92m[ [0m[0;91m37.87%[0m[1;92m ][0m
[1;93mExtract: [0m[1;92m[ [0m[0;91m37.90%[0m[1;92m ][0m
[1;93mExtract: [0m[1;92m[ [0m[0;91m37.92%[0m[1;92m ][0m
[1;93mExtract: [0m[1;92m[ [0m[0;91m37.95%[0m[1;92m ][0m
[1;93mExtract: [0m[1;92m[ [0m[0;91m37.98%[0m[1;92m ][0m
[1;93mExtract: [0m[1;92m[ [0m[0;91m38.00%[0m[1;92m ][0m
[1;93mExtract: [0m[1;92m[ [0m[0;91m38.03%[0m[1;92m ][0m
[1;93mExtract: [0m[1;92m[ [0m[0;91m38.06%[0m[1;92m ][0m
[1;93mExtract: [0m[1;92m[ [0m[0;91m38.09%[0m[1;92m ][0m
[1;93mExtract: [0m[1;92m[ [0m[0;91m38.11%[0m[1;92m ][0m
[1;93mExtract: [0m[1;92m[ [0m[0;91m38.14%[0m[1;92m ][0m
[1;93mExtract: [0m[1;92m[ [0m[0;91m38.17%[0m[1;92m ][0m
[1;93mExtract: [0m[1;92m[ [0m[0;91m38.19%[0m[1;92m ][0m
[1;93mExtract: [0m[1;92m[ [0m[0;91m38.22%[0m[1;92m ][0m
[1;93mExtract: [0m[1;92m[ [0m[0;91m38.25%[0m[1;92m ][0m
[1;93mExtract: [0m[1;92m[ [0m[0;91m38.28%[0m[1;92m ][0m
[1;93mExtract: [0m[1;92m[ [0m[0;91m38.30%[0m[1;92m ][0m
[1;93mExtract: [0m[1;92m[ [0m[0;91m38.33%[0m[1;92m ][0m
[1;93mExtract: [0m[1;92m[ [0m[0;91m38.36%[0m[1;92m ][0m
[1;93mExtract: [0m[1;92m[ [0m[0;91m38.38%[0m[1;92m ][0m
[1;93mExtract: [0m[1;92m[ [0m[0;91m38.41%[0m[1;92m ][0m
[1;93mExtract: [0m[1;92m[ [0m[0;91m38.44%[0m[1;92m ][0m
[1;93mExtract: [0m[1;92m[ [0m[0;91m38.47%[0m[1;92m ][0m
[1;93mExtract: [0m[1;92m[ [0m[0;91m38.49%[0m[1;92m ][0m
[1;93mExtract: [0m[1;92m[ [0m[0;91m38.52%[0m[1;92m ][0m
[1;93mExtract: [0m[1;92m[ [0m[0;91m38.55%[0m[1;92m ][0m
[1;93mExtract: [0m[1;92m[ [0m[0;91m38.57%[0m[1;92m ][0m
[1;93mExtract: [0m[1;92m[ [0m[0;91m38.60%[0m[1;92m ][0m
[1;93mExtract: [0m[1;92m[ [0m[0;91m38.63%[0m[1;92m ][0m
[1;93mExtract: [0m[1;92m[ [0m[0;91m38.66%[0m[1;92m ][0m
[1;93mExtract: [0m[1;92m[ [0m[0;91m38.68%[0m[1;92m ][0m
[1;93mExtract: [0m[1;92m[ [0m[0;91m38.71%[0m[1;92m ][0m
[1;93mExtract: [0m[1;92m[ [0m[0;91m38.74%[0m[1;92m ][0m
[1;93mExtract: [0m[1;92m[ [0m[0;91m38.76%[0m[1;92m ][0m
[1;93mExtract: [0m[1;92m[ [0m[0;91m38.79%[0m[1;92m ][0m
[1;93mExtract: [0m[1;92m[ [0m[0;91m38.82%[0m[1;92m ][0m
[1;93mExtract: [0m[1;92m[ [0m[0;91m38.85%[0m[1;92m ][0m
[1;93mExtract: [0m[1;92m[ [0m[0;91m38.87%[0m[1;92m ][0m
[1;93mExtract: [0m[1;92m[ [0m[0;91m38.90%[0m[1;92m ][0m
[1;93mExtract: [0m[1;92m[ [0m[0;91m38.93%[0m[1;92m ][0m
[1;93mExtract: [0m[1;92m[ [0m[0;91m38.95%[0m[1;92m ][0m
[1;93mExtract: [0m[1;92m[ [0m[0;91m38.98%[0m[1;92m ][0m
[1;93mExtract: [0m[1;92m[ [0m[0;91m39.01%[0m[1;92m ][0m
[1;93mExtract: [0m[1;92m[ [0m[0;91m39.03%[0m[1;92m ][0m
[1;93mExtract: [0m[1;92m[ [0m[0;91m39.06%[0m[1;92m ][0m
[1;93mExtract: [0m[1;92m[ [0m[0;91m39.09%[0m[1;92m ][0m
[1;93mExtract: [0m[1;92m[ [0m[0;91m39.12%[0m[1;92m ][0m
[1;93mExtract: [0m[1;92m[ [0m[0;91m39.14%[0m[1;92m ][0m
[1;93mExtract: [0m[1;92m[ [0m[0;91m39.17%[0m[1;92m ][0m
[1;93mExtract: [0m[1;92m[ [0m[0;91m39.20%[0m[1;92m ][0m
[1;93mExtract: [0m[1;92m[ [0m[0;91m39.22%[0m[1;92m ][0m
[1;93mExtract: [0m[1;92m[ [0m[0;91m39.25%[0m[1;92m ][0m
[1;93mExtract: [0m[1;92m[ [0m[0;91m39.28%[0m[1;92m ][0m
[1;93mExtract: [0m[1;92m[ [0m[0;91m39.31%[0m[1;92m ][0m
[1;93mExtract: [0m[1;92m[ [0m[0;91m39.33%[0m[1;92m ][0m
[1;93mExtract: [0m[1;92m[ [0m[0;91m39.36%[0m[1;92m ][0m
[1;93mExtract: [0m[1;92m[ [0m[0;91m39.39%[0m[1;92m ][0m
[1;93mExtract: [0m[1;92m[ [0m[0;91m39.41%[0m[1;92m ][0m
[1;93mExtract: [0m[1;92m[ [0m[0;91m39.44%[0m[1;92m ][0m
[1;93mExtract: [0m[1;92m[ [0m[0;91m39.47%[0m[1;92m ][0m
[1;93mExtract: [0m[1;92m[ [0m[0;91m39.50%[0m[1;92m ][0m
[1;93mExtract: [0m[1;92m[ [0m[0;91m39.52%[0m[1;92m ][0m
[1;93mExtract: [0m[1;92m[ [0m[0;91m39.55%[0m[1;92m ][0m
[1;93mExtract: [0m[1;92m[ [0m[0;91m39.58%[0m[1;92m ][0m
[1;93mExtract: [0m[1;92m[ [0m[0;91m39.60%[0m[1;92m ][0m
[1;93mExtract: [0m[1;92m[ [0m[0;91m39.63%[0m[1;92m ][0m
[1;93mExtract: [0m[1;92m[ [0m[0;91m39.66%[0m[1;92m ][0m
[1;93mExtract: [0m[1;92m[ [0m[0;91m39.69%[0m[1;92m ][0m
[1;93mExtract: [0m[1;92m[ [0m[0;91m39.71%[0m[1;92m ][0m
[1;93mExtract: [0m[1;92m[ [0m[0;91m39.74%[0m[1;92m ][0m
[1;93mExtract: [0m[1;92m[ [0m[0;91m39.77%[0m[1;92m ][0m
[1;93mExtract: [0m[1;92m[ [0m[0;91m39.79%[0m[1;92m ][0m
[1;93mExtract: [0m[1;92m[ [0m[0;91m39.82%[0m[1;92m ][0m
[1;93mExtract: [0m[1;92m[ [0m[0;91m39.85%[0m[1;92m ][0m
[1;93mExtract: [0m[1;92m[ [0m[0;91m39.88%[0m[1;92m ][0m
[1;93mExtract: [0m[1;92m[ [0m[0;91m39.90%[0m[1;92m ][0m
[1;93mExtract: [0m[1;92m[ [0m[0;91m39.93%[0m[1;92m ][0m
[1;93mExtract: [0m[1;92m[ [0m[0;91m39.96%[0m[1;92m ][0m
[1;93mExtract: [0m[1;92m[ [0m[0;91m39.98%[0m[1;92m ][0m
[1;93mExtract: [0m[1;92m[ [0m[0;91m40.01%[0m[1;92m ][0m
[1;93mExtract: [0m[1;92m[ [0m[0;91m40.04%[0m[1;92m ][0m
[1;93mExtract: [0m[1;92m[ [0m[0;91m40.07%[0m[1;92m ][0m
[1;93mExtract: [0m[1;92m[ [0m[0;91m40.09%[0m[1;92m ][0m
[1;93mExtract: [0m[1;92m[ [0m[0;91m40.12%[0m[1;92m ][0m
[1;93mExtract: [0m[1;92m[ [0m[0;91m40.15%[0m[1;92m ][0m
[1;93mExtract: [0m[1;92m[ [0m[0;91m40.17%[0m[1;92m ][0m
[1;93mExtract: [0m[1;92m[ [0m[0;91m40.20%[0m[1;92m ][0m
[1;93mExtract: [0m[1;92m[ [0m[0;91m40.23%[0m[1;92m ][0m
[1;93mExtract: [0m[1;92m[ [0m[0;91m40.25%[0m[1;92m ][0m
[1;93mExtract: [0m[1;92m[ [0m[0;91m40.28%[0m[1;92m ][0m
[1;93mExtract: [0m[1;92m[ [0m[0;91m40.31%[0m[1;92m ][0m
[1;93mExtract: [0m[1;92m[ [0m[0;91m40.34%[0m[1;92m ][0m
[1;93mExtract: [0m[1;92m[ [0m[0;91m40.36%[0m[1;92m ][0m
[1;93mExtract: [0m[1;92m[ [0m[0;91m40.39%[0m[1;92m ][0m
[1;93mExtract: [0m[1;92m[ [0m[0;91m40.42%[0m[1;92m ][0m
[1;93mExtract: [0m[1;92m[ [0m[0;91m40.44%[0m[1;92m ][0m
[1;93mExtract: [0m[1;92m[ [0m[0;91m40.47%[0m[1;92m ][0m
[1;93mExtract: [0m[1;92m[ [0m[0;91m40.50%[0m[1;92m ][0m
[1;93mExtract: [0m[1;92m[ [0m[0;91m40.53%[0m[1;92m ][0m
[1;93mExtract: [0m[1;92m[ [0m[0;91m40.55%[0m[1;92m ][0m
[1;93mExtract: [0m[1;92m[ [0m[0;91m40.58%[0m[1;92m ][0m
[1;93mExtract: [0m[1;92m[ [0m[0;91m40.61%[0m[1;92m ][0m
[1;93mExtract: [0m[1;92m[ [0m[0;91m40.63%[0m[1;92m ][0m
[1;93mExtract: [0m[1;92m[ [0m[0;91m40.66%[0m[1;92m ][0m
[1;93mExtract: [0m[1;92m[ [0m[0;91m40.69%[0m[1;92m ][0m
[1;93mExtract: [0m[1;92m[ [0m[0;91m40.72%[0m[1;92m ][0m
[1;93mExtract: [0m[1;92m[ [0m[0;91m40.74%[0m[1;92m ][0m
[1;93mExtract: [0m[1;92m[ [0m[0;91m40.77%[0m[1;92m ][0m
[1;93mExtract: [0m[1;92m[ [0m[0;91m40.80%[0m[1;92m ][0m
[1;93mExtract: [0m[1;92m[ [0m[0;91m40.82%[0m[1;92m ][0m
[1;93mExtract: [0m[1;92m[ [0m[0;91m40.85%[0m[1;92m ][0m
[1;93mExtract: [0m[1;92m[ [0m[0;91m40.88%[0m[1;92m ][0m
[1;93mExtract: [0m[1;92m[ [0m[0;91m40.91%[0m[1;92m ][0m
[1;93mExtract: [0m[1;92m[ [0m[0;91m40.96%[0m[1;92m ][0m
[1;93mExtract: [0m[1;92m[ [0m[0;91m40.99%[0m[1;92m ][0m
[1;93mExtract: [0m[1;92m[ [0m[0;91m41.01%[0m[1;92m ][0m
[1;93mExtract: [0m[1;92m[ [0m[0;91m41.04%[0m[1;92m ][0m
[1;93mExtract: [0m[1;92m[ [0m[0;91m41.07%[0m[1;92m ][0m
[1;93mExtract: [0m[1;92m[ [0m[0;91m41.10%[0m[1;92m ][0m
[1;93mExtract: [0m[1;92m[ [0m[0;91m41.12%[0m[1;92m ][0m
[1;93mExtract: [0m[1;92m[ [0m[0;91m41.15%[0m[1;92m ][0m
[1;93mExtract: [0m[1;92m[ [0m[0;91m41.18%[0m[1;92m ][0m
[1;93mExtract: [0m[1;92m[ [0m[0;91m41.20%[0m[1;92m ][0m
[1;93mExtract: [0m[1;92m[ [0m[0;91m41.23%[0m[1;92m ][0m
[1;93mExtract: [0m[1;92m[ [0m[0;91m41.26%[0m[1;92m ][0m
[1;93mExtract: [0m[1;92m[ [0m[0;91m41.28%[0m[1;92m ][0m
[1;93mExtract: [0m[1;92m[ [0m[0;91m41.31%[0m[1;92m ][0m
[1;93mExtract: [0m[1;92m[ [0m[0;91m41.34%[0m[1;92m ][0m
[1;93mExtract: [0m[1;92m[ [0m[0;91m41.37%[0m[1;92m ][0m
[1;93mExtract: [0m[1;92m[ [0m[0;91m41.39%[0m[1;92m ][0m
[1;93mExtract: [0m[1;92m[ [0m[0;91m41.42%[0m[1;92m ][0m
[1;93mExtract: [0m[1;92m[ [0m[0;91m41.45%[0m[1;92m ][0m
[1;93mExtract: [0m[1;92m[ [0m[0;91m41.47%[0m[1;92m ][0m
[1;93mExtract: [0m[1;92m[ [0m[0;91m41.50%[0m[1;92m ][0m
[1;93mExtract: [0m[1;92m[ [0m[0;91m41.53%[0m[1;92m ][0m
[1;93mExtract: [0m[1;92m[ [0m[0;91m41.56%[0m[1;92m ][0m
[1;93mExtract: [0m[1;92m[ [0m[0;91m41.58%[0m[1;92m ][0m
[1;93mExtract: [0m[1;92m[ [0m[0;91m41.61%[0m[1;92m ][0m
[1;93mExtract: [0m[1;92m[ [0m[0;91m41.64%[0m[1;92m ][0m
[1;93mExtract: [0m[1;92m[ [0m[0;91m41.66%[0m[1;92m ][0m
[1;93mExtract: [0m[1;92m[ [0m[0;91m41.69%[0m[1;92m ][0m
[1;93mExtract: [0m[1;92m[ [0m[0;91m41.72%[0m[1;92m ][0m
[1;93mExtract: [0m[1;92m[ [0m[0;91m41.75%[0m[1;92m ][0m
[1;93mExtract: [0m[1;92m[ [0m[0;91m41.77%[0m[1;92m ][0m
[1;93mExtract: [0m[1;92m[ [0m[0;91m41.80%[0m[1;92m ][0m
[1;93mExtract: [0m[1;92m[ [0m[0;91m41.83%[0m[1;92m ][0m
[1;93mExtract: [0m[1;92m[ [0m[0;91m41.85%[0m[1;92m ][0m
[1;93mExtract: [0m[1;92m[ [0m[0;91m41.88%[0m[1;92m ][0m
[1;93mExtract: [0m[1;92m[ [0m[0;91m41.91%[0m[1;92m ][0m
[1;93mExtract: [0m[1;92m[ [0m[0;91m41.94%[0m[1;92m ][0m
[1;93mExtract: [0m[1;92m[ [0m[0;91m41.96%[0m[1;92m ][0m
[1;93mExtract: [0m[1;92m[ [0m[0;91m41.99%[0m[1;92m ][0m
[1;93mExtract: [0m[1;92m[ [0m[0;91m42.02%[0m[1;92m ][0m
[1;93mExtract: [0m[1;92m[ [0m[0;91m42.04%[0m[1;92m ][0m
[1;93mExtract: [0m[1;92m[ [0m[0;91m42.07%[0m[1;92m ][0m
[1;93mExtract: [0m[1;92m[ [0m[0;91m42.10%[0m[1;92m ][0m
[1;93mExtract: [0m[1;92m[ [0m[0;91m42.13%[0m[1;92m ][0m
[1;93mExtract: [0m[1;92m[ [0m[0;91m42.15%[0m[1;92m ][0m
[1;93mExtract: [0m[1;92m[ [0m[0;91m42.18%[0m[1;92m ][0m
[1;93mExtract: [0m[1;92m[ [0m[0;91m42.21%[0m[1;92m ][0m
[1;93mExtract: [0m[1;92m[ [0m[0;91m42.23%[0m[1;92m ][0m
[1;93mExtract: [0m[1;92m[ [0m[0;91m42.26%[0m[1;92m ][0m
[1;93mExtract: [0m[1;92m[ [0m[0;91m42.29%[0m[1;92m ][0m
[1;93mExtract: [0m[1;92m[ [0m[0;91m42.31%[0m[1;92m ][0m
[1;93mExtract: [0m[1;92m[ [0m[0;91m42.34%[0m[1;92m ][0m
[1;93mExtract: [0m[1;92m[ [0m[0;91m42.37%[0m[1;92m ][0m
[1;93mExtract: [0m[1;92m[ [0m[0;91m42.40%[0m[1;92m ][0m
[1;93mExtract: [0m[1;92m[ [0m[0;91m42.42%[0m[1;92m ][0m
[1;93mExtract: [0m[1;92m[ [0m[0;91m42.45%[0m[1;92m ][0m
[1;93mExtract: [0m[1;92m[ [0m[0;91m42.48%[0m[1;92m ][0m
[1;93mExtract: [0m[1;92m[ [0m[0;91m42.50%[0m[1;92m ][0m
[1;93mExtract: [0m[1;92m[ [0m[0;91m42.53%[0m[1;92m ][0m
[1;93mExtract: [0m[1;92m[ [0m[0;91m42.56%[0m[1;92m ][0m
[1;93mExtract: [0m[1;92m[ [0m[0;91m42.59%[0m[1;92m ][0m
[1;93mExtract: [0m[1;92m[ [0m[0;91m42.61%[0m[1;92m ][0m
[1;93mExtract: [0m[1;92m[ [0m[0;91m42.64%[0m[1;92m ][0m
[1;93mExtract: [0m[1;92m[ [0m[0;91m42.67%[0m[1;92m ][0m
[1;93mExtract: [0m[1;92m[ [0m[0;91m42.69%[0m[1;92m ][0m
[1;93mExtract: [0m[1;92m[ [0m[0;91m42.72%[0m[1;92m ][0m
[1;93mExtract: [0m[1;92m[ [0m[0;91m42.75%[0m[1;92m ][0m
[1;93mExtract: [0m[1;92m[ [0m[0;91m42.78%[0m[1;92m ][0m
[1;93mExtract: [0m[1;92m[ [0m[0;91m42.80%[0m[1;92m ][0m
[1;93mExtract: [0m[1;92m[ [0m[0;91m42.83%[0m[1;92m ][0m
[1;93mExtract: [0m[1;92m[ [0m[0;91m42.86%[0m[1;92m ][0m
[1;93mExtract: [0m[1;92m[ [0m[0;91m42.88%[0m[1;92m ][0m
[1;93mExtract: [0m[1;92m[ [0m[0;91m42.91%[0m[1;92m ][0m
[1;93mExtract: [0m[1;92m[ [0m[0;91m42.94%[0m[1;92m ][0m
[1;93mExtract: [0m[1;92m[ [0m[0;91m42.97%[0m[1;92m ][0m
[1;93mExtract: [0m[1;92m[ [0m[0;91m42.99%[0m[1;92m ][0m
[1;93mExtract: [0m[1;92m[ [0m[0;91m43.02%[0m[1;92m ][0m
[1;93mExtract: [0m[1;92m[ [0m[0;91m43.05%[0m[1;92m ][0m
[1;93mExtract: [0m[1;92m[ [0m[0;91m43.07%[0m[1;92m ][0m
[1;93mExtract: [0m[1;92m[ [0m[0;91m43.10%[0m[1;92m ][0m
[1;93mExtract: [0m[1;92m[ [0m[0;91m43.13%[0m[1;92m ][0m
[1;93mExtract: [0m[1;92m[ [0m[0;91m43.16%[0m[1;92m ][0m
[1;93mExtract: [0m[1;92m[ [0m[0;91m43.18%[0m[1;92m ][0m
[1;93mExtract: [0m[1;92m[ [0m[0;91m43.21%[0m[1;92m ][0m
[1;93mExtract: [0m[1;92m[ [0m[0;91m43.24%[0m[1;92m ][0m
[1;93mExtract: [0m[1;92m[ [0m[0;91m43.26%[0m[1;92m ][0m
[1;93mExtract: [0m[1;92m[ [0m[0;91m43.29%[0m[1;92m ][0m
[1;93mExtract: [0m[1;92m[ [0m[0;91m43.32%[0m[1;92m ][0m
[1;93mExtract: [0m[1;92m[ [0m[0;91m43.35%[0m[1;92m ][0m
[1;93mExtract: [0m[1;92m[ [0m[0;91m43.37%[0m[1;92m ][0m
[1;93mExtract: [0m[1;92m[ [0m[0;91m43.40%[0m[1;92m ][0m
[1;93mExtract: [0m[1;92m[ [0m[0;91m43.43%[0m[1;92m ][0m
[1;93mExtract: [0m[1;92m[ [0m[0;91m43.45%[0m[1;92m ][0m
[1;93mExtract: [0m[1;92m[ [0m[0;91m43.48%[0m[1;92m ][0m
[1;93mExtract: [0m[1;92m[ [0m[0;91m43.51%[0m[1;92m ][0m
[1;93mExtract: [0m[1;92m[ [0m[0;91m43.53%[0m[1;92m ][0m
[1;93mExtract: [0m[1;92m[ [0m[0;91m43.56%[0m[1;92m ][0m
[1;93mExtract: [0m[1;92m[ [0m[0;91m43.59%[0m[1;92m ][0m
[1;93mExtract: [0m[1;92m[ [0m[0;91m43.62%[0m[1;92m ][0m
[1;93mExtract: [0m[1;92m[ [0m[0;91m43.64%[0m[1;92m ][0m
[1;93mExtract: [0m[1;92m[ [0m[0;91m43.67%[0m[1;92m ][0m
[1;93mExtract: [0m[1;92m[ [0m[0;91m43.70%[0m[1;92m ][0m
[1;93mExtract: [0m[1;92m[ [0m[0;91m43.72%[0m[1;92m ][0m
[1;93mExtract: [0m[1;92m[ [0m[0;91m43.75%[0m[1;92m ][0m
[1;93mExtract: [0m[1;92m[ [0m[0;91m43.78%[0m[1;92m ][0m
[1;93mExtract: [0m[1;92m[ [0m[0;91m43.81%[0m[1;92m ][0m
[1;93mExtract: [0m[1;92m[ [0m[0;91m43.83%[0m[1;92m ][0m
[1;93mExtract: [0m[1;92m[ [0m[0;91m43.86%[0m[1;92m ][0m
[1;93mExtract: [0m[1;92m[ [0m[0;91m43.89%[0m[1;92m ][0m
[1;93mExtract: [0m[1;92m[ [0m[0;91m43.91%[0m[1;92m ][0m
[1;93mExtract: [0m[1;92m[ [0m[0;91m43.94%[0m[1;92m ][0m
[1;93mExtract: [0m[1;92m[ [0m[0;91m43.97%[0m[1;92m ][0m
[1;93mExtract: [0m[1;92m[ [0m[0;91m44.00%[0m[1;92m ][0m
[1;93mExtract: [0m[1;92m[ [0m[0;91m44.02%[0m[1;92m ][0m
[1;93mExtract: [0m[1;92m[ [0m[0;91m44.05%[0m[1;92m ][0m
[1;93mExtract: [0m[1;92m[ [0m[0;91m44.08%[0m[1;92m ][0m
[1;93mExtract: [0m[1;92m[ [0m[0;91m44.10%[0m[1;92m ][0m
[1;93mExtract: [0m[1;92m[ [0m[0;91m44.13%[0m[1;92m ][0m
[1;93mExtract: [0m[1;92m[ [0m[0;91m44.16%[0m[1;92m ][0m
[1;93mExtract: [0m[1;92m[ [0m[0;91m44.19%[0m[1;92m ][0m
[1;93mExtract: [0m[1;92m[ [0m[0;91m44.21%[0m[1;92m ][0m
[1;93mExtract: [0m[1;92m[ [0m[0;91m44.24%[0m[1;92m ][0m
[1;93mExtract: [0m[1;92m[ [0m[0;91m44.27%[0m[1;92m ][0m
[1;93mExtract: [0m[1;92m[ [0m[0;91m44.29%[0m[1;92m ][0m
[1;93mExtract: [0m[1;92m[ [0m[0;91m44.32%[0m[1;92m ][0m
[1;93mExtract: [0m[1;92m[ [0m[0;91m44.35%[0m[1;92m ][0m
[1;93mExtract: [0m[1;92m[ [0m[0;91m44.38%[0m[1;92m ][0m
[1;93mExtract: [0m[1;92m[ [0m[0;91m44.40%[0m[1;92m ][0m
[1;93mExtract: [0m[1;92m[ [0m[0;91m44.43%[0m[1;92m ][0m
[1;93mExtract: [0m[1;92m[ [0m[0;91m44.46%[0m[1;92m ][0m
[1;93mExtract: [0m[1;92m[ [0m[0;91m44.48%[0m[1;92m ][0m
[1;93mExtract: [0m[1;92m[ [0m[0;91m44.51%[0m[1;92m ][0m
[1;93mExtract: [0m[1;92m[ [0m[0;91m44.54%[0m[1;92m ][0m
[1;93mExtract: [0m[1;92m[ [0m[0;91m44.56%[0m[1;92m ][0m
[1;93mExtract: [0m[1;92m[ [0m[0;91m44.59%[0m[1;92m ][0m
[1;93mExtract: [0m[1;92m[ [0m[0;91m44.62%[0m[1;92m ][0m
[1;93mExtract: [0m[1;92m[ [0m[0;91m44.65%[0m[1;92m ][0m
[1;93mExtract: [0m[1;92m[ [0m[0;91m44.67%[0m[1;92m ][0m
[1;93mExtract: [0m[1;92m[ [0m[0;91m44.70%[0m[1;92m ][0m
[1;93mExtract: [0m[1;92m[ [0m[0;91m44.73%[0m[1;92m ][0m
[1;93mExtract: [0m[1;92m[ [0m[0;91m44.75%[0m[1;92m ][0m
[1;93mExtract: [0m[1;92m[ [0m[0;91m44.78%[0m[1;92m ][0m
[1;93mExtract: [0m[1;92m[ [0m[0;91m44.81%[0m[1;92m ][0m
[1;93mExtract: [0m[1;92m[ [0m[0;91m44.84%[0m[1;92m ][0m
[1;93mExtract: [0m[1;92m[ [0m[0;91m44.86%[0m[1;92m ][0m
[1;93mExtract: [0m[1;92m[ [0m[0;91m44.89%[0m[1;92m ][0m
[1;93mExtract: [0m[1;92m[ [0m[0;91m44.92%[0m[1;92m ][0m
[1;93mExtract: [0m[1;92m[ [0m[0;91m44.94%[0m[1;92m ][0m
[1;93mExtract: [0m[1;92m[ [0m[0;91m44.97%[0m[1;92m ][0m
[1;93mExtract: [0m[1;92m[ [0m[0;91m45.00%[0m[1;92m ][0m
[1;93mExtract: [0m[1;92m[ [0m[0;91m45.03%[0m[1;92m ][0m
[1;93mExtract: [0m[1;92m[ [0m[0;91m45.05%[0m[1;92m ][0m
[1;93mExtract: [0m[1;92m[ [0m[0;91m45.08%[0m[1;92m ][0m
[1;93mExtract: [0m[1;92m[ [0m[0;91m45.11%[0m[1;92m ][0m
[1;93mExtract: [0m[1;92m[ [0m[0;91m45.13%[0m[1;92m ][0m
[1;93mExtract: [0m[1;92m[ [0m[0;91m45.16%[0m[1;92m ][0m
[1;93mExtract: [0m[1;92m[ [0m[0;91m45.19%[0m[1;92m ][0m
[1;93mExtract: [0m[1;92m[ [0m[0;91m45.22%[0m[1;92m ][0m
[1;93mExtract: [0m[1;92m[ [0m[0;91m45.24%[0m[1;92m ][0m
[1;93mExtract: [0m[1;92m[ [0m[0;91m45.27%[0m[1;92m ][0m
[1;93mExtract: [0m[1;92m[ [0m[0;91m45.30%[0m[1;92m ][0m
[1;93mExtract: [0m[1;92m[ [0m[0;91m45.32%[0m[1;92m ][0m
[1;93mExtract: [0m[1;92m[ [0m[0;91m45.35%[0m[1;92m ][0m
[1;93mExtract: [0m[1;92m[ [0m[0;91m45.38%[0m[1;92m ][0m
[1;93mExtract: [0m[1;92m[ [0m[0;91m45.41%[0m[1;92m ][0m
[1;93mExtract: [0m[1;92m[ [0m[0;91m45.43%[0m[1;92m ][0m
[1;93mExtract: [0m[1;92m[ [0m[0;91m45.46%[0m[1;92m ][0m
[1;93mExtract: [0m[1;92m[ [0m[0;91m45.49%[0m[1;92m ][0m
[1;93mExtract: [0m[1;92m[ [0m[0;91m45.51%[0m[1;92m ][0m
[1;93mExtract: [0m[1;92m[ [0m[0;91m45.54%[0m[1;92m ][0m
[1;93mExtract: [0m[1;92m[ [0m[0;91m45.57%[0m[1;92m ][0m
[1;93mExtract: [0m[1;92m[ [0m[0;91m45.60%[0m[1;92m ][0m
[1;93mExtract: [0m[1;92m[ [0m[0;91m45.62%[0m[1;92m ][0m
[1;93mExtract: [0m[1;92m[ [0m[0;91m45.65%[0m[1;92m ][0m
[1;93mExtract: [0m[1;92m[ [0m[0;91m45.68%[0m[1;92m ][0m
[1;93mExtract: [0m[1;92m[ [0m[0;91m45.70%[0m[1;92m ][0m
[1;93mExtract: [0m[1;92m[ [0m[0;91m45.73%[0m[1;92m ][0m
[1;93mExtract: [0m[1;92m[ [0m[0;91m45.76%[0m[1;92m ][0m
[1;93mExtract: [0m[1;92m[ [0m[0;91m45.78%[0m[1;92m ][0m
[1;93mExtract: [0m[1;92m[ [0m[0;91m45.81%[0m[1;92m ][0m
[1;93mExtract: [0m[1;92m[ [0m[0;91m45.84%[0m[1;92m ][0m
[1;93mExtract: [0m[1;92m[ [0m[0;91m45.87%[0m[1;92m ][0m
[1;93mExtract: [0m[1;92m[ [0m[0;91m45.89%[0m[1;92m ][0m
[1;93mExtract: [0m[1;92m[ [0m[0;91m45.92%[0m[1;92m ][0m
[1;93mExtract: [0m[1;92m[ [0m[0;91m45.95%[0m[1;92m ][0m
[1;93mExtract: [0m[1;92m[ [0m[0;91m45.97%[0m[1;92m ][0m
[1;93mExtract: [0m[1;92m[ [0m[0;91m46.00%[0m[1;92m ][0m
[1;93mExtract: [0m[1;92m[ [0m[0;91m46.03%[0m[1;92m ][0m
[1;93mExtract: [0m[1;92m[ [0m[0;91m46.06%[0m[1;92m ][0m
[1;93mExtract: [0m[1;92m[ [0m[0;91m46.08%[0m[1;92m ][0m
[1;93mExtract: [0m[1;92m[ [0m[0;91m46.11%[0m[1;92m ][0m
[1;93mExtract: [0m[1;92m[ [0m[0;91m46.14%[0m[1;92m ][0m
[1;93mExtract: [0m[1;92m[ [0m[0;91m46.16%[0m[1;92m ][0m
[1;93mExtract: [0m[1;92m[ [0m[0;91m46.19%[0m[1;92m ][0m
[1;93mExtract: [0m[1;92m[ [0m[0;91m46.22%[0m[1;92m ][0m
[1;93mExtract: [0m[1;92m[ [0m[0;91m46.25%[0m[1;92m ][0m
[1;93mExtract: [0m[1;92m[ [0m[0;91m46.27%[0m[1;92m ][0m
[1;93mExtract: [0m[1;92m[ [0m[0;91m46.30%[0m[1;92m ][0m
[1;93mExtract: [0m[1;92m[ [0m[0;91m46.33%[0m[1;92m ][0m
[1;93mExtract: [0m[1;92m[ [0m[0;91m46.35%[0m[1;92m ][0m
[1;93mExtract: [0m[1;92m[ [0m[0;91m46.38%[0m[1;92m ][0m
[1;93mExtract: [0m[1;92m[ [0m[0;91m46.41%[0m[1;92m ][0m
[1;93mExtract: [0m[1;92m[ [0m[0;91m46.44%[0m[1;92m ][0m
[1;93mExtract: [0m[1;92m[ [0m[0;91m46.46%[0m[1;92m ][0m
[1;93mExtract: [0m[1;92m[ [0m[0;91m46.49%[0m[1;92m ][0m
[1;93mExtract: [0m[1;92m[ [0m[0;91m46.52%[0m[1;92m ][0m
[1;93mExtract: [0m[1;92m[ [0m[0;91m46.54%[0m[1;92m ][0m
[1;93mExtract: [0m[1;92m[ [0m[0;91m46.57%[0m[1;92m ][0m
[1;93mExtract: [0m[1;92m[ [0m[0;91m46.60%[0m[1;92m ][0m
[1;93mExtract: [0m[1;92m[ [0m[0;91m46.63%[0m[1;92m ][0m
[1;93mExtract: [0m[1;92m[ [0m[0;91m46.65%[0m[1;92m ][0m
[1;93mExtract: [0m[1;92m[ [0m[0;91m46.68%[0m[1;92m ][0m
[1;93mExtract: [0m[1;92m[ [0m[0;91m46.71%[0m[1;92m ][0m
[1;93mExtract: [0m[1;92m[ [0m[0;91m46.73%[0m[1;92m ][0m
[1;93mExtract: [0m[1;92m[ [0m[0;91m46.76%[0m[1;92m ][0m
[1;93mExtract: [0m[1;92m[ [0m[0;91m46.79%[0m[1;92m ][0m
[1;93mExtract: [0m[1;92m[ [0m[0;91m46.81%[0m[1;92m ][0m
[1;93mExtract: [0m[1;92m[ [0m[0;91m46.84%[0m[1;92m ][0m
[1;93mExtract: [0m[1;92m[ [0m[0;91m46.87%[0m[1;92m ][0m
[1;93mExtract: [0m[1;92m[ [0m[0;91m46.90%[0m[1;92m ][0m
[1;93mExtract: [0m[1;92m[ [0m[0;91m46.92%[0m[1;92m ][0m
[1;93mExtract: [0m[1;92m[ [0m[0;91m46.95%[0m[1;92m ][0m
[1;93mExtract: [0m[1;92m[ [0m[0;91m46.98%[0m[1;92m ][0m
[1;93mExtract: [0m[1;92m[ [0m[0;91m47.00%[0m[1;92m ][0m
[1;93mExtract: [0m[1;92m[ [0m[0;91m47.03%[0m[1;92m ][0m
[1;93mExtract: [0m[1;92m[ [0m[0;91m47.06%[0m[1;92m ][0m
[1;93mExtract: [0m[1;92m[ [0m[0;91m47.09%[0m[1;92m ][0m
[1;93mExtract: [0m[1;92m[ [0m[0;91m47.11%[0m[1;92m ][0m
[1;93mExtract: [0m[1;92m[ [0m[0;91m47.14%[0m[1;92m ][0m
[1;93mExtract: [0m[1;92m[ [0m[0;91m47.17%[0m[1;92m ][0m
[1;93mExtract: [0m[1;92m[ [0m[0;91m47.19%[0m[1;92m ][0m
[1;93mExtract: [0m[1;92m[ [0m[0;91m47.22%[0m[1;92m ][0m
[1;93mExtract: [0m[1;92m[ [0m[0;91m47.25%[0m[1;92m ][0m
[1;93mExtract: [0m[1;92m[ [0m[0;91m47.28%[0m[1;92m ][0m
[1;93mExtract: [0m[1;92m[ [0m[0;91m47.30%[0m[1;92m ][0m
[1;93mExtract: [0m[1;92m[ [0m[0;91m47.33%[0m[1;92m ][0m
[1;93mExtract: [0m[1;92m[ [0m[0;91m47.36%[0m[1;92m ][0m
[1;93mExtract: [0m[1;92m[ [0m[0;91m47.38%[0m[1;92m ][0m
[1;93mExtract: [0m[1;92m[ [0m[0;91m47.41%[0m[1;92m ][0m
[1;93mExtract: [0m[1;92m[ [0m[0;91m47.44%[0m[1;92m ][0m
[1;93mExtract: [0m[1;92m[ [0m[0;91m47.47%[0m[1;92m ][0m
[1;93mExtract: [0m[1;92m[ [0m[0;91m47.49%[0m[1;92m ][0m
[1;93mExtract: [0m[1;92m[ [0m[0;91m47.52%[0m[1;92m ][0m
[1;93mExtract: [0m[1;92m[ [0m[0;91m47.55%[0m[1;92m ][0m
[1;93mExtract: [0m[1;92m[ [0m[0;91m47.57%[0m[1;92m ][0m
[1;93mExtract: [0m[1;92m[ [0m[0;91m47.60%[0m[1;92m ][0m
[1;93mExtract: [0m[1;92m[ [0m[0;91m47.63%[0m[1;92m ][0m
[1;93mExtract: [0m[1;92m[ [0m[0;91m47.66%[0m[1;92m ][0m
[1;93mExtract: [0m[1;92m[ [0m[0;91m47.68%[0m[1;92m ][0m
[1;93mExtract: [0m[1;92m[ [0m[0;91m47.71%[0m[1;92m ][0m
[1;93mExtract: [0m[1;92m[ [0m[0;91m47.74%[0m[1;92m ][0m
[1;93mExtract: [0m[1;92m[ [0m[0;91m47.76%[0m[1;92m ][0m
[1;93mExtract: [0m[1;92m[ [0m[0;91m47.79%[0m[1;92m ][0m
[1;93mExtract: [0m[1;92m[ [0m[0;91m47.82%[0m[1;92m ][0m
[1;93mExtract: [0m[1;92m[ [0m[0;91m47.84%[0m[1;92m ][0m
[1;93mExtract: [0m[1;92m[ [0m[0;91m47.87%[0m[1;92m ][0m
[1;93mExtract: [0m[1;92m[ [0m[0;91m47.90%[0m[1;92m ][0m
[1;93mExtract: [0m[1;92m[ [0m[0;91m47.93%[0m[1;92m ][0m
[1;93mExtract: [0m[1;92m[ [0m[0;91m47.95%[0m[1;92m ][0m
[1;93mExtract: [0m[1;92m[ [0m[0;91m47.98%[0m[1;92m ][0m
[1;93mExtract: [0m[1;92m[ [0m[0;91m48.01%[0m[1;92m ][0m
[1;93mExtract: [0m[1;92m[ [0m[0;91m48.03%[0m[1;92m ][0m
[1;93mExtract: [0m[1;92m[ [0m[0;91m48.06%[0m[1;92m ][0m
[1;93mExtract: [0m[1;92m[ [0m[0;91m48.09%[0m[1;92m ][0m
[1;93mExtract: [0m[1;92m[ [0m[0;91m48.12%[0m[1;92m ][0m
[1;93mExtract: [0m[1;92m[ [0m[0;91m48.14%[0m[1;92m ][0m
[1;93mExtract: [0m[1;92m[ [0m[0;91m48.17%[0m[1;92m ][0m
[1;93mExtract: [0m[1;92m[ [0m[0;91m48.20%[0m[1;92m ][0m
[1;93mExtract: [0m[1;92m[ [0m[0;91m48.22%[0m[1;92m ][0m
[1;93mExtract: [0m[1;92m[ [0m[0;91m48.25%[0m[1;92m ][0m
[1;93mExtract: [0m[1;92m[ [0m[0;91m48.28%[0m[1;92m ][0m
[1;93mExtract: [0m[1;92m[ [0m[0;91m48.31%[0m[1;92m ][0m
[1;93mExtract: [0m[1;92m[ [0m[0;91m48.33%[0m[1;92m ][0m
[1;93mExtract: [0m[1;92m[ [0m[0;91m48.36%[0m[1;92m ][0m
[1;93mExtract: [0m[1;92m[ [0m[0;91m48.39%[0m[1;92m ][0m
[1;93mExtract: [0m[1;92m[ [0m[0;91m48.41%[0m[1;92m ][0m
[1;93mExtract: [0m[1;92m[ [0m[0;91m48.44%[0m[1;92m ][0m
[1;93mExtract: [0m[1;92m[ [0m[0;91m48.47%[0m[1;92m ][0m
[1;93mExtract: [0m[1;92m[ [0m[0;91m48.50%[0m[1;92m ][0m
[1;93mExtract: [0m[1;92m[ [0m[0;91m48.52%[0m[1;92m ][0m
[1;93mExtract: [0m[1;92m[ [0m[0;91m48.55%[0m[1;92m ][0m
[1;93mExtract: [0m[1;92m[ [0m[0;91m48.58%[0m[1;92m ][0m
[1;93mExtract: [0m[1;92m[ [0m[0;91m48.60%[0m[1;92m ][0m
[1;93mExtract: [0m[1;92m[ [0m[0;91m48.63%[0m[1;92m ][0m
[1;93mExtract: [0m[1;92m[ [0m[0;91m48.66%[0m[1;92m ][0m
[1;93mExtract: [0m[1;92m[ [0m[0;91m48.69%[0m[1;92m ][0m
[1;93mExtract: [0m[1;92m[ [0m[0;91m48.71%[0m[1;92m ][0m
[1;93mExtract: [0m[1;92m[ [0m[0;91m48.74%[0m[1;92m ][0m
[1;93mExtract: [0m[1;92m[ [0m[0;91m48.77%[0m[1;92m ][0m
[1;93mExtract: [0m[1;92m[ [0m[0;91m48.79%[0m[1;92m ][0m
[1;93mExtract: [0m[1;92m[ [0m[0;91m48.82%[0m[1;92m ][0m
[1;93mExtract: [0m[1;92m[ [0m[0;91m48.85%[0m[1;92m ][0m
[1;93mExtract: [0m[1;92m[ [0m[0;91m48.88%[0m[1;92m ][0m
[1;93mExtract: [0m[1;92m[ [0m[0;91m48.90%[0m[1;92m ][0m
[1;93mExtract: [0m[1;92m[ [0m[0;91m48.93%[0m[1;92m ][0m
[1;93mExtract: [0m[1;92m[ [0m[0;91m48.96%[0m[1;92m ][0m
[1;93mExtract: [0m[1;92m[ [0m[0;91m48.98%[0m[1;92m ][0m
[1;93mExtract: [0m[1;92m[ [0m[0;91m49.01%[0m[1;92m ][0m
[1;93mExtract: [0m[1;92m[ [0m[0;91m49.04%[0m[1;92m ][0m
[1;93mExtract: [0m[1;92m[ [0m[0;91m49.06%[0m[1;92m ][0m
[1;93mExtract: [0m[1;92m[ [0m[0;91m49.09%[0m[1;92m ][0m
[1;93mExtract: [0m[1;92m[ [0m[0;91m49.12%[0m[1;92m ][0m
[1;93mExtract: [0m[1;92m[ [0m[0;91m49.15%[0m[1;92m ][0m
[1;93mExtract: [0m[1;92m[ [0m[0;91m49.17%[0m[1;92m ][0m
[1;93mExtract: [0m[1;92m[ [0m[0;91m49.20%[0m[1;92m ][0m
[1;93mExtract: [0m[1;92m[ [0m[0;91m49.23%[0m[1;92m ][0m
[1;93mExtract: [0m[1;92m[ [0m[0;91m49.25%[0m[1;92m ][0m
[1;93mExtract: [0m[1;92m[ [0m[0;91m49.28%[0m[1;92m ][0m
[1;93mExtract: [0m[1;92m[ [0m[0;91m49.31%[0m[1;92m ][0m
[1;93mExtract: [0m[1;92m[ [0m[0;91m49.34%[0m[1;92m ][0m
[1;93mExtract: [0m[1;92m[ [0m[0;91m49.36%[0m[1;92m ][0m
[1;93mExtract: [0m[1;92m[ [0m[0;91m49.39%[0m[1;92m ][0m
[1;93mExtract: [0m[1;92m[ [0m[0;91m49.42%[0m[1;92m ][0m
[1;93mExtract: [0m[1;92m[ [0m[0;91m49.44%[0m[1;92m ][0m
[1;93mExtract: [0m[1;92m[ [0m[0;91m49.47%[0m[1;92m ][0m
[1;93mExtract: [0m[1;92m[ [0m[0;91m49.50%[0m[1;92m ][0m
[1;93mExtract: [0m[1;92m[ [0m[0;91m49.53%[0m[1;92m ][0m
[1;93mExtract: [0m[1;92m[ [0m[0;91m49.55%[0m[1;92m ][0m
[1;93mExtract: [0m[1;92m[ [0m[0;91m49.58%[0m[1;92m ][0m
[1;93mExtract: [0m[1;92m[ [0m[0;91m49.61%[0m[1;92m ][0m
[1;93mExtract: [0m[1;92m[ [0m[0;91m49.63%[0m[1;92m ][0m
[1;93mExtract: [0m[1;92m[ [0m[0;91m49.66%[0m[1;92m ][0m
[1;93mExtract: [0m[1;92m[ [0m[0;91m49.69%[0m[1;92m ][0m
[1;93mExtract: [0m[1;92m[ [0m[0;91m49.72%[0m[1;92m ][0m
[1;93mExtract: [0m[1;92m[ [0m[0;91m49.74%[0m[1;92m ][0m
[1;93mExtract: [0m[1;92m[ [0m[0;91m49.77%[0m[1;92m ][0m
[1;93mExtract: [0m[1;92m[ [0m[0;91m49.80%[0m[1;92m ][0m
[1;93mExtract: [0m[1;92m[ [0m[0;91m49.82%[0m[1;92m ][0m
[1;93mExtract: [0m[1;92m[ [0m[0;91m49.85%[0m[1;92m ][0m
[1;93mExtract: [0m[1;92m[ [0m[0;91m49.88%[0m[1;92m ][0m
[1;93mExtract: [0m[1;92m[ [0m[0;91m49.91%[0m[1;92m ][0m
[1;93mExtract: [0m[1;92m[ [0m[0;91m49.93%[0m[1;92m ][0m
[1;93mExtract: [0m[1;92m[ [0m[0;91m49.96%[0m[1;92m ][0m
[1;93mExtract: [0m[1;92m[ [0m[0;91m49.99%[0m[1;92m ][0m
[1;93mExtract: [0m[1;92m[ [0m[0;91m50.01%[0m[1;92m ][0m
[1;93mExtract: [0m[1;92m[ [0m[0;91m50.04%[0m[1;92m ][0m
[1;93mExtract: [0m[1;92m[ [0m[0;91m50.07%[0m[1;92m ][0m
[1;93mExtract: [0m[1;92m[ [0m[0;91m50.09%[0m[1;92m ][0m
[1;93mExtract: [0m[1;92m[ [0m[0;91m50.12%[0m[1;92m ][0m
[1;93mExtract: [0m[1;92m[ [0m[0;91m50.15%[0m[1;92m ][0m
[1;93mExtract: [0m[1;92m[ [0m[0;91m50.18%[0m[1;92m ][0m
[1;93mExtract: [0m[1;92m[ [0m[0;91m50.20%[0m[1;92m ][0m
[1;93mExtract: [0m[1;92m[ [0m[0;91m50.23%[0m[1;92m ][0m
[1;93mExtract: [0m[1;92m[ [0m[0;91m50.26%[0m[1;92m ][0m
[1;93mExtract: [0m[1;92m[ [0m[0;91m50.28%[0m[1;92m ][0m
[1;93mExtract: [0m[1;92m[ [0m[0;91m50.31%[0m[1;92m ][0m
[1;93mExtract: [0m[1;92m[ [0m[0;91m50.34%[0m[1;92m ][0m
[1;93mExtract: [0m[1;92m[ [0m[0;91m50.37%[0m[1;92m ][0m
[1;93mExtract: [0m[1;92m[ [0m[0;91m50.39%[0m[1;92m ][0m
[1;93mExtract: [0m[1;92m[ [0m[0;91m50.42%[0m[1;92m ][0m
[1;93mExtract: [0m[1;92m[ [0m[0;91m50.45%[0m[1;92m ][0m
[1;93mExtract: [0m[1;92m[ [0m[0;91m50.47%[0m[1;92m ][0m
[1;93mExtract: [0m[1;92m[ [0m[0;91m50.50%[0m[1;92m ][0m
[1;93mExtract: [0m[1;92m[ [0m[0;91m50.53%[0m[1;92m ][0m
[1;93mExtract: [0m[1;92m[ [0m[0;91m50.56%[0m[1;92m ][0m
[1;93mExtract: [0m[1;92m[ [0m[0;91m50.58%[0m[1;92m ][0m
[1;93mExtract: [0m[1;92m[ [0m[0;91m50.61%[0m[1;92m ][0m
[1;93mExtract: [0m[1;92m[ [0m[0;91m50.64%[0m[1;92m ][0m
[1;93mExtract: [0m[1;92m[ [0m[0;91m50.66%[0m[1;92m ][0m
[1;93mExtract: [0m[1;92m[ [0m[0;91m50.69%[0m[1;92m ][0m
[1;93mExtract: [0m[1;92m[ [0m[0;91m50.72%[0m[1;92m ][0m
[1;93mExtract: [0m[1;92m[ [0m[0;91m50.75%[0m[1;92m ][0m
[1;93mExtract: [0m[1;92m[ [0m[0;91m50.77%[0m[1;92m ][0m
[1;93mExtract: [0m[1;92m[ [0m[0;91m50.80%[0m[1;92m ][0m
[1;93mExtract: [0m[1;92m[ [0m[0;91m50.83%[0m[1;92m ][0m
[1;93mExtract: [0m[1;92m[ [0m[0;91m50.85%[0m[1;92m ][0m
[1;93mExtract: [0m[1;92m[ [0m[0;91m50.88%[0m[1;92m ][0m
[1;93mExtract: [0m[1;92m[ [0m[0;91m50.91%[0m[1;92m ][0m
[1;93mExtract: [0m[1;92m[ [0m[0;91m50.94%[0m[1;92m ][0m
[1;93mExtract: [0m[1;92m[ [0m[0;91m50.96%[0m[1;92m ][0m
[1;93mExtract: [0m[1;92m[ [0m[0;91m50.99%[0m[1;92m ][0m
[1;93mExtract: [0m[1;92m[ [0m[0;91m51.02%[0m[1;92m ][0m
[1;93mExtract: [0m[1;92m[ [0m[0;91m51.04%[0m[1;92m ][0m
[1;93mExtract: [0m[1;92m[ [0m[0;91m51.07%[0m[1;92m ][0m
[1;93mExtract: [0m[1;92m[ [0m[0;91m51.10%[0m[1;92m ][0m
[1;93mExtract: [0m[1;92m[ [0m[0;91m51.12%[0m[1;92m ][0m
[1;93mExtract: [0m[1;92m[ [0m[0;91m51.15%[0m[1;92m ][0m
[1;93mExtract: [0m[1;92m[ [0m[0;91m51.18%[0m[1;92m ][0m
[1;93mExtract: [0m[1;92m[ [0m[0;91m51.21%[0m[1;92m ][0m
[1;93mExtract: [0m[1;92m[ [0m[0;91m51.23%[0m[1;92m ][0m
[1;93mExtract: [0m[1;92m[ [0m[0;91m51.26%[0m[1;92m ][0m
[1;93mExtract: [0m[1;92m[ [0m[0;91m51.29%[0m[1;92m ][0m
[1;93mExtract: [0m[1;92m[ [0m[0;91m51.31%[0m[1;92m ][0m
[1;93mExtract: [0m[1;92m[ [0m[0;91m51.34%[0m[1;92m ][0m
[1;93mExtract: [0m[1;92m[ [0m[0;91m51.37%[0m[1;92m ][0m
[1;93mExtract: [0m[1;92m[ [0m[0;91m51.40%[0m[1;92m ][0m
[1;93mExtract: [0m[1;92m[ [0m[0;91m51.42%[0m[1;92m ][0m
[1;93mExtract: [0m[1;92m[ [0m[0;91m51.45%[0m[1;92m ][0m
[1;93mExtract: [0m[1;92m[ [0m[0;91m51.48%[0m[1;92m ][0m
[1;93mExtract: [0m[1;92m[ [0m[0;91m51.50%[0m[1;92m ][0m
[1;93mExtract: [0m[1;92m[ [0m[0;91m51.53%[0m[1;92m ][0m
[1;93mExtract: [0m[1;92m[ [0m[0;91m51.56%[0m[1;92m ][0m
[1;93mExtract: [0m[1;92m[ [0m[0;91m51.59%[0m[1;92m ][0m
[1;93mExtract: [0m[1;92m[ [0m[0;91m51.61%[0m[1;92m ][0m
[1;93mExtract: [0m[1;92m[ [0m[0;91m51.64%[0m[1;92m ][0m
[1;93mExtract: [0m[1;92m[ [0m[0;91m51.67%[0m[1;92m ][0m
[1;93mExtract: [0m[1;92m[ [0m[0;91m51.69%[0m[1;92m ][0m
[1;93mExtract: [0m[1;92m[ [0m[0;91m51.72%[0m[1;92m ][0m
[1;93mExtract: [0m[1;92m[ [0m[0;91m51.75%[0m[1;92m ][0m
[1;93mExtract: [0m[1;92m[ [0m[0;91m51.78%[0m[1;92m ][0m
[1;93mExtract: [0m[1;92m[ [0m[0;91m51.80%[0m[1;92m ][0m
[1;93mExtract: [0m[1;92m[ [0m[0;91m51.83%[0m[1;92m ][0m
[1;93mExtract: [0m[1;92m[ [0m[0;91m51.86%[0m[1;92m ][0m
[1;93mExtract: [0m[1;92m[ [0m[0;91m51.88%[0m[1;92m ][0m
[1;93mExtract: [0m[1;92m[ [0m[0;91m51.91%[0m[1;92m ][0m
[1;93mExtract: [0m[1;92m[ [0m[0;91m51.94%[0m[1;92m ][0m
[1;93mExtract: [0m[1;92m[ [0m[0;91m51.97%[0m[1;92m ][0m
[1;93mExtract: [0m[1;92m[ [0m[0;91m51.99%[0m[1;92m ][0m
[1;93mExtract: [0m[1;92m[ [0m[0;91m52.02%[0m[1;92m ][0m
[1;93mExtract: [0m[1;92m[ [0m[0;91m52.05%[0m[1;92m ][0m
[1;93mExtract: [0m[1;92m[ [0m[0;91m52.07%[0m[1;92m ][0m
[1;93mExtract: [0m[1;92m[ [0m[0;91m52.10%[0m[1;92m ][0m
[1;93mExtract: [0m[1;92m[ [0m[0;91m52.13%[0m[1;92m ][0m
[1;93mExtract: [0m[1;92m[ [0m[0;91m52.16%[0m[1;92m ][0m
[1;93mExtract: [0m[1;92m[ [0m[0;91m52.18%[0m[1;92m ][0m
[1;93mExtract: [0m[1;92m[ [0m[0;91m52.21%[0m[1;92m ][0m
[1;93mExtract: [0m[1;92m[ [0m[0;91m52.24%[0m[1;92m ][0m
[1;93mExtract: [0m[1;92m[ [0m[0;91m52.26%[0m[1;92m ][0m
[1;93mExtract: [0m[1;92m[ [0m[0;91m52.29%[0m[1;92m ][0m
[1;93mExtract: [0m[1;92m[ [0m[0;91m52.32%[0m[1;92m ][0m
[1;93mExtract: [0m[1;92m[ [0m[0;91m52.34%[0m[1;92m ][0m
[1;93mExtract: [0m[1;92m[ [0m[0;91m52.37%[0m[1;92m ][0m
[1;93mExtract: [0m[1;92m[ [0m[0;91m52.40%[0m[1;92m ][0m
[1;93mExtract: [0m[1;92m[ [0m[0;91m52.43%[0m[1;92m ][0m
[1;93mExtract: [0m[1;92m[ [0m[0;91m52.48%[0m[1;92m ][0m
[1;93mExtract: [0m[1;92m[ [0m[0;91m52.51%[0m[1;92m ][0m
[1;93mExtract: [0m[1;92m[ [0m[0;91m52.53%[0m[1;92m ][0m
[1;93mExtract: [0m[1;92m[ [0m[0;91m52.56%[0m[1;92m ][0m
[1;93mExtract: [0m[1;92m[ [0m[0;91m52.59%[0m[1;92m ][0m
[1;93mExtract: [0m[1;92m[ [0m[0;91m52.62%[0m[1;92m ][0m
[1;93mExtract: [0m[1;92m[ [0m[0;91m52.64%[0m[1;92m ][0m
[1;93mExtract: [0m[1;92m[ [0m[0;91m52.67%[0m[1;92m ][0m
[1;93mExtract: [0m[1;92m[ [0m[0;91m52.70%[0m[1;92m ][0m
[1;93mExtract: [0m[1;92m[ [0m[0;91m52.72%[0m[1;92m ][0m
[1;93mExtract: [0m[1;92m[ [0m[0;91m52.75%[0m[1;92m ][0m
[1;93mExtract: [0m[1;92m[ [0m[0;91m52.78%[0m[1;92m ][0m
[1;93mExtract: [0m[1;92m[ [0m[0;91m52.81%[0m[1;92m ][0m
[1;93mExtract: [0m[1;92m[ [0m[0;91m52.83%[0m[1;92m ][0m
[1;93mExtract: [0m[1;92m[ [0m[0;91m52.86%[0m[1;92m ][0m
[1;93mExtract: [0m[1;92m[ [0m[0;91m52.89%[0m[1;92m ][0m
[1;93mExtract: [0m[1;92m[ [0m[0;91m52.91%[0m[1;92m ][0m
[1;93mExtract: [0m[1;92m[ [0m[0;91m52.94%[0m[1;92m ][0m
[1;93mExtract: [0m[1;92m[ [0m[0;91m52.97%[0m[1;92m ][0m
[1;93mExtract: [0m[1;92m[ [0m[0;91m53.00%[0m[1;92m ][0m
[1;93mExtract: [0m[1;92m[ [0m[0;91m53.02%[0m[1;92m ][0m
[1;93mExtract: [0m[1;92m[ [0m[0;91m53.05%[0m[1;92m ][0m
[1;93mExtract: [0m[1;92m[ [0m[0;91m53.08%[0m[1;92m ][0m
[1;93mExtract: [0m[1;92m[ [0m[0;91m53.10%[0m[1;92m ][0m
[1;93mExtract: [0m[1;92m[ [0m[0;91m53.13%[0m[1;92m ][0m
[1;93mExtract: [0m[1;92m[ [0m[0;91m53.16%[0m[1;92m ][0m
[1;93mExtract: [0m[1;92m[ [0m[0;91m53.19%[0m[1;92m ][0m
[1;93mExtract: [0m[1;92m[ [0m[0;91m53.21%[0m[1;92m ][0m
[1;93mExtract: [0m[1;92m[ [0m[0;91m53.24%[0m[1;92m ][0m
[1;93mExtract: [0m[1;92m[ [0m[0;91m53.27%[0m[1;92m ][0m
[1;93mExtract: [0m[1;92m[ [0m[0;91m53.29%[0m[1;92m ][0m
[1;93mExtract: [0m[1;92m[ [0m[0;91m53.32%[0m[1;92m ][0m
[1;93mExtract: [0m[1;92m[ [0m[0;91m53.35%[0m[1;92m ][0m
[1;93mExtract: [0m[1;92m[ [0m[0;91m53.37%[0m[1;92m ][0m
[1;93mExtract: [0m[1;92m[ [0m[0;91m53.40%[0m[1;92m ][0m
[1;93mExtract: [0m[1;92m[ [0m[0;91m53.43%[0m[1;92m ][0m
[1;93mExtract: [0m[1;92m[ [0m[0;91m53.46%[0m[1;92m ][0m
[1;93mExtract: [0m[1;92m[ [0m[0;91m53.48%[0m[1;92m ][0m
[1;93mExtract: [0m[1;92m[ [0m[0;91m53.51%[0m[1;92m ][0m
[1;93mExtract: [0m[1;92m[ [0m[0;91m53.54%[0m[1;92m ][0m
[1;93mExtract: [0m[1;92m[ [0m[0;91m53.56%[0m[1;92m ][0m
[1;93mExtract: [0m[1;92m[ [0m[0;91m53.59%[0m[1;92m ][0m
[1;93mExtract: [0m[1;92m[ [0m[0;91m53.62%[0m[1;92m ][0m
[1;93mExtract: [0m[1;92m[ [0m[0;91m53.65%[0m[1;92m ][0m
[1;93mExtract: [0m[1;92m[ [0m[0;91m53.67%[0m[1;92m ][0m
[1;93mExtract: [0m[1;92m[ [0m[0;91m53.70%[0m[1;92m ][0m
[1;93mExtract: [0m[1;92m[ [0m[0;91m53.73%[0m[1;92m ][0m
[1;93mExtract: [0m[1;92m[ [0m[0;91m53.75%[0m[1;92m ][0m
[1;93mExtract: [0m[1;92m[ [0m[0;91m53.78%[0m[1;92m ][0m
[1;93mExtract: [0m[1;92m[ [0m[0;91m53.81%[0m[1;92m ][0m
[1;93mExtract: [0m[1;92m[ [0m[0;91m53.84%[0m[1;92m ][0m
[1;93mExtract: [0m[1;92m[ [0m[0;91m53.86%[0m[1;92m ][0m
[1;93mExtract: [0m[1;92m[ [0m[0;91m53.89%[0m[1;92m ][0m
[1;93mExtract: [0m[1;92m[ [0m[0;91m53.92%[0m[1;92m ][0m
[1;93mExtract: [0m[1;92m[ [0m[0;91m53.94%[0m[1;92m ][0m
[1;93mExtract: [0m[1;92m[ [0m[0;91m53.97%[0m[1;92m ][0m
[1;93mExtract: [0m[1;92m[ [0m[0;91m54.00%[0m[1;92m ][0m
[1;93mExtract: [0m[1;92m[ [0m[0;91m54.03%[0m[1;92m ][0m
[1;93mExtract: [0m[1;92m[ [0m[0;91m54.05%[0m[1;92m ][0m
[1;93mExtract: [0m[1;92m[ [0m[0;91m54.08%[0m[1;92m ][0m
[1;93mExtract: [0m[1;92m[ [0m[0;91m54.11%[0m[1;92m ][0m
[1;93mExtract: [0m[1;92m[ [0m[0;91m54.13%[0m[1;92m ][0m
[1;93mExtract: [0m[1;92m[ [0m[0;91m54.16%[0m[1;92m ][0m
[1;93mExtract: [0m[1;92m[ [0m[0;91m54.19%[0m[1;92m ][0m
[1;93mExtract: [0m[1;92m[ [0m[0;91m54.22%[0m[1;92m ][0m
[1;93mExtract: [0m[1;92m[ [0m[0;91m54.24%[0m[1;92m ][0m
[1;93mExtract: [0m[1;92m[ [0m[0;91m54.27%[0m[1;92m ][0m
[1;93mExtract: [0m[1;92m[ [0m[0;91m54.30%[0m[1;92m ][0m
[1;93mExtract: [0m[1;92m[ [0m[0;91m54.32%[0m[1;92m ][0m
[1;93mExtract: [0m[1;92m[ [0m[0;91m54.35%[0m[1;92m ][0m
[1;93mExtract: [0m[1;92m[ [0m[0;91m54.38%[0m[1;92m ][0m
[1;93mExtract: [0m[1;92m[ [0m[0;91m54.40%[0m[1;92m ][0m
[1;93mExtract: [0m[1;92m[ [0m[0;91m54.43%[0m[1;92m ][0m
[1;93mExtract: [0m[1;92m[ [0m[0;91m54.46%[0m[1;92m ][0m
[1;93mExtract: [0m[1;92m[ [0m[0;91m54.49%[0m[1;92m ][0m
[1;93mExtract: [0m[1;92m[ [0m[0;91m54.51%[0m[1;92m ][0m
[1;93mExtract: [0m[1;92m[ [0m[0;91m54.54%[0m[1;92m ][0m
[1;93mExtract: [0m[1;92m[ [0m[0;91m54.57%[0m[1;92m ][0m
[1;93mExtract: [0m[1;92m[ [0m[0;91m54.59%[0m[1;92m ][0m
[1;93mExtract: [0m[1;92m[ [0m[0;91m54.62%[0m[1;92m ][0m
[1;93mExtract: [0m[1;92m[ [0m[0;91m54.65%[0m[1;92m ][0m
[1;93mExtract: [0m[1;92m[ [0m[0;91m54.68%[0m[1;92m ][0m
[1;93mExtract: [0m[1;92m[ [0m[0;91m54.70%[0m[1;92m ][0m
[1;93mExtract: [0m[1;92m[ [0m[0;91m54.73%[0m[1;92m ][0m
[1;93mExtract: [0m[1;92m[ [0m[0;91m54.76%[0m[1;92m ][0m
[1;93mExtract: [0m[1;92m[ [0m[0;91m54.78%[0m[1;92m ][0m
[1;93mExtract: [0m[1;92m[ [0m[0;91m54.81%[0m[1;92m ][0m
[1;93mExtract: [0m[1;92m[ [0m[0;91m54.84%[0m[1;92m ][0m
[1;93mExtract: [0m[1;92m[ [0m[0;91m54.87%[0m[1;92m ][0m
[1;93mExtract: [0m[1;92m[ [0m[0;91m54.89%[0m[1;92m ][0m
[1;93mExtract: [0m[1;92m[ [0m[0;91m54.92%[0m[1;92m ][0m
[1;93mExtract: [0m[1;92m[ [0m[0;91m54.95%[0m[1;92m ][0m
[1;93mExtract: [0m[1;92m[ [0m[0;91m54.97%[0m[1;92m ][0m
[1;93mExtract: [0m[1;92m[ [0m[0;91m55.00%[0m[1;92m ][0m
[1;93mExtract: [0m[1;92m[ [0m[0;91m55.03%[0m[1;92m ][0m
[1;93mExtract: [0m[1;92m[ [0m[0;91m55.06%[0m[1;92m ][0m
[1;93mExtract: [0m[1;92m[ [0m[0;91m55.08%[0m[1;92m ][0m
[1;93mExtract: [0m[1;92m[ [0m[0;91m55.11%[0m[1;92m ][0m
[1;93mExtract: [0m[1;92m[ [0m[0;91m55.14%[0m[1;92m ][0m
[1;93mExtract: [0m[1;92m[ [0m[0;91m55.16%[0m[1;92m ][0m
[1;93mExtract: [0m[1;92m[ [0m[0;91m55.19%[0m[1;92m ][0m
[1;93mExtract: [0m[1;92m[ [0m[0;91m55.22%[0m[1;92m ][0m
[1;93mExtract: [0m[1;92m[ [0m[0;91m55.25%[0m[1;92m ][0m
[1;93mExtract: [0m[1;92m[ [0m[0;91m55.27%[0m[1;92m ][0m
[1;93mExtract: [0m[1;92m[ [0m[0;91m55.30%[0m[1;92m ][0m
[1;93mExtract: [0m[1;92m[ [0m[0;91m55.33%[0m[1;92m ][0m
[1;93mExtract: [0m[1;92m[ [0m[0;91m55.35%[0m[1;92m ][0m
[1;93mExtract: [0m[1;92m[ [0m[0;91m55.38%[0m[1;92m ][0m
[1;93mExtract: [0m[1;92m[ [0m[0;91m55.41%[0m[1;92m ][0m
[1;93mExtract: [0m[1;92m[ [0m[0;91m55.44%[0m[1;92m ][0m
[1;93mExtract: [0m[1;92m[ [0m[0;91m55.46%[0m[1;92m ][0m
[1;93mExtract: [0m[1;92m[ [0m[0;91m55.49%[0m[1;92m ][0m
[1;93mExtract: [0m[1;92m[ [0m[0;91m55.52%[0m[1;92m ][0m
[1;93mExtract: [0m[1;92m[ [0m[0;91m55.54%[0m[1;92m ][0m
[1;93mExtract: [0m[1;92m[ [0m[0;91m55.57%[0m[1;92m ][0m
[1;93mExtract: [0m[1;92m[ [0m[0;91m55.60%[0m[1;92m ][0m
[1;93mExtract: [0m[1;92m[ [0m[0;91m55.62%[0m[1;92m ][0m
[1;93mExtract: [0m[1;92m[ [0m[0;91m55.65%[0m[1;92m ][0m
[1;93mExtract: [0m[1;92m[ [0m[0;91m55.68%[0m[1;92m ][0m
[1;93mExtract: [0m[1;92m[ [0m[0;91m55.71%[0m[1;92m ][0m
[1;93mExtract: [0m[1;92m[ [0m[0;91m55.73%[0m[1;92m ][0m
[1;93mExtract: [0m[1;92m[ [0m[0;91m55.76%[0m[1;92m ][0m
[1;93mExtract: [0m[1;92m[ [0m[0;91m55.79%[0m[1;92m ][0m
[1;93mExtract: [0m[1;92m[ [0m[0;91m55.81%[0m[1;92m ][0m
[1;93mExtract: [0m[1;92m[ [0m[0;91m55.84%[0m[1;92m ][0m
[1;93mExtract: [0m[1;92m[ [0m[0;91m55.87%[0m[1;92m ][0m
[1;93mExtract: [0m[1;92m[ [0m[0;91m55.90%[0m[1;92m ][0m
[1;93mExtract: [0m[1;92m[ [0m[0;91m55.92%[0m[1;92m ][0m
[1;93mExtract: [0m[1;92m[ [0m[0;91m55.95%[0m[1;92m ][0m
[1;93mExtract: [0m[1;92m[ [0m[0;91m55.98%[0m[1;92m ][0m
[1;93mExtract: [0m[1;92m[ [0m[0;91m56.00%[0m[1;92m ][0m
[1;93mExtract: [0m[1;92m[ [0m[0;91m56.03%[0m[1;92m ][0m
[1;93mExtract: [0m[1;92m[ [0m[0;91m56.06%[0m[1;92m ][0m
[1;93mExtract: [0m[1;92m[ [0m[0;91m56.09%[0m[1;92m ][0m
[1;93mExtract: [0m[1;92m[ [0m[0;91m56.11%[0m[1;92m ][0m
[1;93mExtract: [0m[1;92m[ [0m[0;91m56.14%[0m[1;92m ][0m
[1;93mExtract: [0m[1;92m[ [0m[0;91m56.17%[0m[1;92m ][0m
[1;93mExtract: [0m[1;92m[ [0m[0;91m56.19%[0m[1;92m ][0m
[1;93mExtract: [0m[1;92m[ [0m[0;91m56.22%[0m[1;92m ][0m
[1;93mExtract: [0m[1;92m[ [0m[0;91m56.25%[0m[1;92m ][0m
[1;93mExtract: [0m[1;92m[ [0m[0;91m56.28%[0m[1;92m ][0m
[1;93mExtract: [0m[1;92m[ [0m[0;91m56.30%[0m[1;92m ][0m
[1;93mExtract: [0m[1;92m[ [0m[0;91m56.33%[0m[1;92m ][0m
[1;93mExtract: [0m[1;92m[ [0m[0;91m56.36%[0m[1;92m ][0m
[1;93mExtract: [0m[1;92m[ [0m[0;91m56.38%[0m[1;92m ][0m
[1;93mExtract: [0m[1;92m[ [0m[0;91m56.41%[0m[1;92m ][0m
[1;93mExtract: [0m[1;92m[ [0m[0;91m56.44%[0m[1;92m ][0m
[1;93mExtract: [0m[1;92m[ [0m[0;91m56.47%[0m[1;92m ][0m
[1;93mExtract: [0m[1;92m[ [0m[0;91m56.49%[0m[1;92m ][0m
[1;93mExtract: [0m[1;92m[ [0m[0;91m56.52%[0m[1;92m ][0m
[1;93mExtract: [0m[1;92m[ [0m[0;91m56.55%[0m[1;92m ][0m
[1;93mExtract: [0m[1;92m[ [0m[0;91m56.57%[0m[1;92m ][0m
[1;93mExtract: [0m[1;92m[ [0m[0;91m56.60%[0m[1;92m ][0m
[1;93mExtract: [0m[1;92m[ [0m[0;91m56.63%[0m[1;92m ][0m
[1;93mExtract: [0m[1;92m[ [0m[0;91m56.65%[0m[1;92m ][0m
[1;93mExtract: [0m[1;92m[ [0m[0;91m56.68%[0m[1;92m ][0m
[1;93mExtract: [0m[1;92m[ [0m[0;91m56.71%[0m[1;92m ][0m
[1;93mExtract: [0m[1;92m[ [0m[0;91m56.74%[0m[1;92m ][0m
[1;93mExtract: [0m[1;92m[ [0m[0;91m56.76%[0m[1;92m ][0m
[1;93mExtract: [0m[1;92m[ [0m[0;91m56.79%[0m[1;92m ][0m
[1;93mExtract: [0m[1;92m[ [0m[0;91m56.82%[0m[1;92m ][0m
[1;93mExtract: [0m[1;92m[ [0m[0;91m56.84%[0m[1;92m ][0m
[1;93mExtract: [0m[1;92m[ [0m[0;91m56.87%[0m[1;92m ][0m
[1;93mExtract: [0m[1;92m[ [0m[0;91m56.90%[0m[1;92m ][0m
[1;93mExtract: [0m[1;92m[ [0m[0;91m56.93%[0m[1;92m ][0m
[1;93mExtract: [0m[1;92m[ [0m[0;91m56.95%[0m[1;92m ][0m
[1;93mExtract: [0m[1;92m[ [0m[0;91m56.98%[0m[1;92m ][0m
[1;93mExtract: [0m[1;92m[ [0m[0;91m57.01%[0m[1;92m ][0m
[1;93mExtract: [0m[1;92m[ [0m[0;91m57.03%[0m[1;92m ][0m
[1;93mExtract: [0m[1;92m[ [0m[0;91m57.06%[0m[1;92m ][0m
[1;93mExtract: [0m[1;92m[ [0m[0;91m57.09%[0m[1;92m ][0m
[1;93mExtract: [0m[1;92m[ [0m[0;91m57.12%[0m[1;92m ][0m
[1;93mExtract: [0m[1;92m[ [0m[0;91m57.14%[0m[1;92m ][0m
[1;93mExtract: [0m[1;92m[ [0m[0;91m57.17%[0m[1;92m ][0m
[1;93mExtract: [0m[1;92m[ [0m[0;91m57.20%[0m[1;92m ][0m
[1;93mExtract: [0m[1;92m[ [0m[0;91m57.22%[0m[1;92m ][0m
[1;93mExtract: [0m[1;92m[ [0m[0;91m57.25%[0m[1;92m ][0m
[1;93mExtract: [0m[1;92m[ [0m[0;91m57.28%[0m[1;92m ][0m
[1;93mExtract: [0m[1;92m[ [0m[0;91m57.31%[0m[1;92m ][0m
[1;93mExtract: [0m[1;92m[ [0m[0;91m57.33%[0m[1;92m ][0m
[1;93mExtract: [0m[1;92m[ [0m[0;91m57.36%[0m[1;92m ][0m
[1;93mExtract: [0m[1;92m[ [0m[0;91m57.39%[0m[1;92m ][0m
[1;93mExtract: [0m[1;92m[ [0m[0;91m57.41%[0m[1;92m ][0m
[1;93mExtract: [0m[1;92m[ [0m[0;91m57.44%[0m[1;92m ][0m
[1;93mExtract: [0m[1;92m[ [0m[0;91m57.47%[0m[1;92m ][0m
[1;93mExtract: [0m[1;92m[ [0m[0;91m57.50%[0m[1;92m ][0m
[1;93mExtract: [0m[1;92m[ [0m[0;91m57.52%[0m[1;92m ][0m
[1;93mExtract: [0m[1;92m[ [0m[0;91m57.55%[0m[1;92m ][0m
[1;93mExtract: [0m[1;92m[ [0m[0;91m57.58%[0m[1;92m ][0m
[1;93mExtract: [0m[1;92m[ [0m[0;91m57.60%[0m[1;92m ][0m
[1;93mExtract: [0m[1;92m[ [0m[0;91m57.63%[0m[1;92m ][0m
[1;93mExtract: [0m[1;92m[ [0m[0;91m57.66%[0m[1;92m ][0m
[1;93mExtract: [0m[1;92m[ [0m[0;91m57.69%[0m[1;92m ][0m
[1;93mExtract: [0m[1;92m[ [0m[0;91m57.71%[0m[1;92m ][0m
[1;93mExtract: [0m[1;92m[ [0m[0;91m57.74%[0m[1;92m ][0m
[1;93mExtract: [0m[1;92m[ [0m[0;91m57.77%[0m[1;92m ][0m
[1;93mExtract: [0m[1;92m[ [0m[0;91m57.79%[0m[1;92m ][0m
[1;93mExtract: [0m[1;92m[ [0m[0;91m57.82%[0m[1;92m ][0m
[1;93mExtract: [0m[1;92m[ [0m[0;91m57.85%[0m[1;92m ][0m
[1;93mExtract: [0m[1;92m[ [0m[0;91m57.87%[0m[1;92m ][0m
[1;93mExtract: [0m[1;92m[ [0m[0;91m57.90%[0m[1;92m ][0m
[1;93mExtract: [0m[1;92m[ [0m[0;91m57.93%[0m[1;92m ][0m
[1;93mExtract: [0m[1;92m[ [0m[0;91m57.96%[0m[1;92m ][0m
[1;93mExtract: [0m[1;92m[ [0m[0;91m57.98%[0m[1;92m ][0m
[1;93mExtract: [0m[1;92m[ [0m[0;91m58.01%[0m[1;92m ][0m
[1;93mExtract: [0m[1;92m[ [0m[0;91m58.04%[0m[1;92m ][0m
[1;93mExtract: [0m[1;92m[ [0m[0;91m58.06%[0m[1;92m ][0m
[1;93mExtract: [0m[1;92m[ [0m[0;91m58.09%[0m[1;92m ][0m
[1;93mExtract: [0m[1;92m[ [0m[0;91m58.12%[0m[1;92m ][0m
[1;93mExtract: [0m[1;92m[ [0m[0;91m58.15%[0m[1;92m ][0m
[1;93mExtract: [0m[1;92m[ [0m[0;91m58.17%[0m[1;92m ][0m
[1;93mExtract: [0m[1;92m[ [0m[0;91m58.20%[0m[1;92m ][0m
[1;93mExtract: [0m[1;92m[ [0m[0;91m58.23%[0m[1;92m ][0m
[1;93mExtract: [0m[1;92m[ [0m[0;91m58.25%[0m[1;92m ][0m
[1;93mExtract: [0m[1;92m[ [0m[0;91m58.28%[0m[1;92m ][0m
[1;93mExtract: [0m[1;92m[ [0m[0;91m58.31%[0m[1;92m ][0m
[1;93mExtract: [0m[1;92m[ [0m[0;91m58.34%[0m[1;92m ][0m
[1;93mExtract: [0m[1;92m[ [0m[0;91m58.36%[0m[1;92m ][0m
[1;93mExtract: [0m[1;92m[ [0m[0;91m58.39%[0m[1;92m ][0m
[1;93mExtract: [0m[1;92m[ [0m[0;91m58.42%[0m[1;92m ][0m
[1;93mExtract: [0m[1;92m[ [0m[0;91m58.44%[0m[1;92m ][0m
[1;93mExtract: [0m[1;92m[ [0m[0;91m58.47%[0m[1;92m ][0m
[1;93mExtract: [0m[1;92m[ [0m[0;91m58.50%[0m[1;92m ][0m
[1;93mExtract: [0m[1;92m[ [0m[0;91m58.53%[0m[1;92m ][0m
[1;93mExtract: [0m[1;92m[ [0m[0;91m58.55%[0m[1;92m ][0m
[1;93mExtract: [0m[1;92m[ [0m[0;91m58.58%[0m[1;92m ][0m
[1;93mExtract: [0m[1;92m[ [0m[0;91m58.61%[0m[1;92m ][0m
[1;93mExtract: [0m[1;92m[ [0m[0;91m58.63%[0m[1;92m ][0m
[1;93mExtract: [0m[1;92m[ [0m[0;91m58.66%[0m[1;92m ][0m
[1;93mExtract: [0m[1;92m[ [0m[0;91m58.69%[0m[1;92m ][0m
[1;93mExtract: [0m[1;92m[ [0m[0;91m58.72%[0m[1;92m ][0m
[1;93mExtract: [0m[1;92m[ [0m[0;91m58.74%[0m[1;92m ][0m
[1;93mExtract: [0m[1;92m[ [0m[0;91m58.77%[0m[1;92m ][0m
[1;93mExtract: [0m[1;92m[ [0m[0;91m58.80%[0m[1;92m ][0m
[1;93mExtract: [0m[1;92m[ [0m[0;91m58.82%[0m[1;92m ][0m
[1;93mExtract: [0m[1;92m[ [0m[0;91m58.85%[0m[1;92m ][0m
[1;93mExtract: [0m[1;92m[ [0m[0;91m58.88%[0m[1;92m ][0m
[1;93mExtract: [0m[1;92m[ [0m[0;91m58.90%[0m[1;92m ][0m
[1;93mExtract: [0m[1;92m[ [0m[0;91m58.93%[0m[1;92m ][0m
[1;93mExtract: [0m[1;92m[ [0m[0;91m58.96%[0m[1;92m ][0m
[1;93mExtract: [0m[1;92m[ [0m[0;91m58.99%[0m[1;92m ][0m
[1;93mExtract: [0m[1;92m[ [0m[0;91m59.01%[0m[1;92m ][0m
[1;93mExtract: [0m[1;92m[ [0m[0;91m59.04%[0m[1;92m ][0m
[1;93mExtract: [0m[1;92m[ [0m[0;91m59.07%[0m[1;92m ][0m
[1;93mExtract: [0m[1;92m[ [0m[0;91m59.09%[0m[1;92m ][0m
[1;93mExtract: [0m[1;92m[ [0m[0;91m59.12%[0m[1;92m ][0m
[1;93mExtract: [0m[1;92m[ [0m[0;91m59.15%[0m[1;92m ][0m
[1;93mExtract: [0m[1;92m[ [0m[0;91m59.18%[0m[1;92m ][0m
[1;93mExtract: [0m[1;92m[ [0m[0;91m59.20%[0m[1;92m ][0m
[1;93mExtract: [0m[1;92m[ [0m[0;91m59.26%[0m[1;92m ][0m
[1;93mExtract: [0m[1;92m[ [0m[0;91m59.28%[0m[1;92m ][0m
[1;93mExtract: [0m[1;92m[ [0m[0;91m59.31%[0m[1;92m ][0m
[1;93mExtract: [0m[1;92m[ [0m[0;91m59.34%[0m[1;92m ][0m
[1;93mExtract: [0m[1;92m[ [0m[0;91m59.39%[0m[1;92m ][0m
[1;93mExtract: [0m[1;92m[ [0m[0;91m59.42%[0m[1;92m ][0m
[1;93mExtract: [0m[1;92m[ [0m[0;91m59.45%[0m[1;92m ][0m
[1;93mExtract: [0m[1;92m[ [0m[0;91m59.47%[0m[1;92m ][0m
[1;93mExtract: [0m[1;92m[ [0m[0;91m59.50%[0m[1;92m ][0m
[1;93mExtract: [0m[1;92m[ [0m[0;91m59.53%[0m[1;92m ][0m
[1;93mExtract: [0m[1;92m[ [0m[0;91m59.56%[0m[1;92m ][0m
[1;93mExtract: [0m[1;92m[ [0m[0;91m59.58%[0m[1;92m ][0m
[1;93mExtract: [0m[1;92m[ [0m[0;91m59.61%[0m[1;92m ][0m
[1;93mExtract: [0m[1;92m[ [0m[0;91m59.64%[0m[1;92m ][0m
[1;93mExtract: [0m[1;92m[ [0m[0;91m59.66%[0m[1;92m ][0m
[1;93mExtract: [0m[1;92m[ [0m[0;91m59.69%[0m[1;92m ][0m
[1;93mExtract: [0m[1;92m[ [0m[0;91m59.72%[0m[1;92m ][0m
[1;93mExtract: [0m[1;92m[ [0m[0;91m59.75%[0m[1;92m ][0m
[1;93mExtract: [0m[1;92m[ [0m[0;91m59.77%[0m[1;92m ][0m
[1;93mExtract: [0m[1;92m[ [0m[0;91m59.80%[0m[1;92m ][0m
[1;93mExtract: [0m[1;92m[ [0m[0;91m59.83%[0m[1;92m ][0m
[1;93mExtract: [0m[1;92m[ [0m[0;91m59.85%[0m[1;92m ][0m
[1;93mExtract: [0m[1;92m[ [0m[0;91m59.88%[0m[1;92m ][0m
[1;93mExtract: [0m[1;92m[ [0m[0;91m59.91%[0m[1;92m ][0m
[1;93mExtract: [0m[1;92m[ [0m[0;91m59.93%[0m[1;92m ][0m
[1;93mExtract: [0m[1;92m[ [0m[0;91m59.96%[0m[1;92m ][0m
[1;93mExtract: [0m[1;92m[ [0m[0;91m59.99%[0m[1;92m ][0m
[1;93mExtract: [0m[1;92m[ [0m[0;91m60.02%[0m[1;92m ][0m
[1;93mExtract: [0m[1;92m[ [0m[0;91m60.04%[0m[1;92m ][0m
[1;93mExtract: [0m[1;92m[ [0m[0;91m60.07%[0m[1;92m ][0m
[1;93mExtract: [0m[1;92m[ [0m[0;91m60.10%[0m[1;92m ][0m
[1;93mExtract: [0m[1;92m[ [0m[0;91m60.12%[0m[1;92m ][0m
[1;93mExtract: [0m[1;92m[ [0m[0;91m60.15%[0m[1;92m ][0m
[1;93mExtract: [0m[1;92m[ [0m[0;91m60.18%[0m[1;92m ][0m
[1;93mExtract: [0m[1;92m[ [0m[0;91m60.21%[0m[1;92m ][0m
[1;93mExtract: [0m[1;92m[ [0m[0;91m60.23%[0m[1;92m ][0m
[1;93mExtract: [0m[1;92m[ [0m[0;91m60.26%[0m[1;92m ][0m
[1;93mExtract: [0m[1;92m[ [0m[0;91m60.29%[0m[1;92m ][0m
[1;93mExtract: [0m[1;92m[ [0m[0;91m60.31%[0m[1;92m ][0m
[1;93mExtract: [0m[1;92m[ [0m[0;91m60.34%[0m[1;92m ][0m
[1;93mExtract: [0m[1;92m[ [0m[0;91m60.37%[0m[1;92m ][0m
[1;93mExtract: [0m[1;92m[ [0m[0;91m60.40%[0m[1;92m ][0m
[1;93mExtract: [0m[1;92m[ [0m[0;91m60.42%[0m[1;92m ][0m
[1;93mExtract: [0m[1;92m[ [0m[0;91m60.45%[0m[1;92m ][0m
[1;93mExtract: [0m[1;92m[ [0m[0;91m60.48%[0m[1;92m ][0m
[1;93mExtract: [0m[1;92m[ [0m[0;91m60.50%[0m[1;92m ][0m
[1;93mExtract: [0m[1;92m[ [0m[0;91m60.53%[0m[1;92m ][0m
[1;93mExtract: [0m[1;92m[ [0m[0;91m60.56%[0m[1;92m ][0m
[1;93mExtract: [0m[1;92m[ [0m[0;91m60.59%[0m[1;92m ][0m
[1;93mExtract: [0m[1;92m[ [0m[0;91m60.61%[0m[1;92m ][0m
[1;93mExtract: [0m[1;92m[ [0m[0;91m60.64%[0m[1;92m ][0m
[1;93mExtract: [0m[1;92m[ [0m[0;91m60.67%[0m[1;92m ][0m
[1;93mExtract: [0m[1;92m[ [0m[0;91m60.69%[0m[1;92m ][0m
[1;93mExtract: [0m[1;92m[ [0m[0;91m60.72%[0m[1;92m ][0m
[1;93mExtract: [0m[1;92m[ [0m[0;91m60.75%[0m[1;92m ][0m
[1;93mExtract: [0m[1;92m[ [0m[0;91m60.78%[0m[1;92m ][0m
[1;93mExtract: [0m[1;92m[ [0m[0;91m60.80%[0m[1;92m ][0m
[1;93mExtract: [0m[1;92m[ [0m[0;91m60.83%[0m[1;92m ][0m
[1;93mExtract: [0m[1;92m[ [0m[0;91m60.86%[0m[1;92m ][0m
[1;93mExtract: [0m[1;92m[ [0m[0;91m60.88%[0m[1;92m ][0m
[1;93mExtract: [0m[1;92m[ [0m[0;91m60.91%[0m[1;92m ][0m
[1;93mExtract: [0m[1;92m[ [0m[0;91m60.94%[0m[1;92m ][0m
[1;93mExtract: [0m[1;92m[ [0m[0;91m60.97%[0m[1;92m ][0m
[1;93mExtract: [0m[1;92m[ [0m[0;91m60.99%[0m[1;92m ][0m
[1;93mExtract: [0m[1;92m[ [0m[0;91m61.02%[0m[1;92m ][0m
[1;93mExtract: [0m[1;92m[ [0m[0;91m61.05%[0m[1;92m ][0m
[1;93mExtract: [0m[1;92m[ [0m[0;91m61.07%[0m[1;92m ][0m
[1;93mExtract: [0m[1;92m[ [0m[0;91m61.10%[0m[1;92m ][0m
[1;93mExtract: [0m[1;92m[ [0m[0;91m61.13%[0m[1;92m ][0m
[1;93mExtract: [0m[1;92m[ [0m[0;91m61.15%[0m[1;92m ][0m
[1;93mExtract: [0m[1;92m[ [0m[0;91m61.18%[0m[1;92m ][0m
[1;93mExtract: [0m[1;92m[ [0m[0;91m61.21%[0m[1;92m ][0m
[1;93mExtract: [0m[1;92m[ [0m[0;91m61.24%[0m[1;92m ][0m
[1;93mExtract: [0m[1;92m[ [0m[0;91m61.26%[0m[1;92m ][0m
[1;93mExtract: [0m[1;92m[ [0m[0;91m61.29%[0m[1;92m ][0m
[1;93mExtract: [0m[1;92m[ [0m[0;91m61.32%[0m[1;92m ][0m
[1;93mExtract: [0m[1;92m[ [0m[0;91m61.34%[0m[1;92m ][0m
[1;93mExtract: [0m[1;92m[ [0m[0;91m61.37%[0m[1;92m ][0m
[1;93mExtract: [0m[1;92m[ [0m[0;91m61.40%[0m[1;92m ][0m
[1;93mExtract: [0m[1;92m[ [0m[0;91m61.43%[0m[1;92m ][0m
[1;93mExtract: [0m[1;92m[ [0m[0;91m61.45%[0m[1;92m ][0m
[1;93mExtract: [0m[1;92m[ [0m[0;91m61.48%[0m[1;92m ][0m
[1;93mExtract: [0m[1;92m[ [0m[0;91m61.51%[0m[1;92m ][0m
[1;93mExtract: [0m[1;92m[ [0m[0;91m61.53%[0m[1;92m ][0m
[1;93mExtract: [0m[1;92m[ [0m[0;91m61.56%[0m[1;92m ][0m
[1;93mExtract: [0m[1;92m[ [0m[0;91m61.59%[0m[1;92m ][0m
[1;93mExtract: [0m[1;92m[ [0m[0;91m61.62%[0m[1;92m ][0m
[1;93mExtract: [0m[1;92m[ [0m[0;91m61.64%[0m[1;92m ][0m
[1;93mExtract: [0m[1;92m[ [0m[0;91m61.67%[0m[1;92m ][0m
[1;93mExtract: [0m[1;92m[ [0m[0;91m61.70%[0m[1;92m ][0m
[1;93mExtract: [0m[1;92m[ [0m[0;91m61.75%[0m[1;92m ][0m
[1;93mExtract: [0m[1;92m[ [0m[0;91m61.78%[0m[1;92m ][0m
[1;93mExtract: [0m[1;92m[ [0m[0;91m61.81%[0m[1;92m ][0m
[1;93mExtract: [0m[1;92m[ [0m[0;91m61.83%[0m[1;92m ][0m
[1;93mExtract: [0m[1;92m[ [0m[0;91m61.86%[0m[1;92m ][0m
[1;93mExtract: [0m[1;92m[ [0m[0;91m61.89%[0m[1;92m ][0m
[1;93mExtract: [0m[1;92m[ [0m[0;91m61.91%[0m[1;92m ][0m
[1;93mExtract: [0m[1;92m[ [0m[0;91m61.94%[0m[1;92m ][0m
[1;93mExtract: [0m[1;92m[ [0m[0;91m61.97%[0m[1;92m ][0m
[1;93mExtract: [0m[1;92m[ [0m[0;91m62.00%[0m[1;92m ][0m
[1;93mExtract: [0m[1;92m[ [0m[0;91m62.02%[0m[1;92m ][0m
[1;93mExtract: [0m[1;92m[ [0m[0;91m62.05%[0m[1;92m ][0m
[1;93mExtract: [0m[1;92m[ [0m[0;91m62.08%[0m[1;92m ][0m
[1;93mExtract: [0m[1;92m[ [0m[0;91m62.10%[0m[1;92m ][0m
[1;93mExtract: [0m[1;92m[ [0m[0;91m62.13%[0m[1;92m ][0m
[1;93mExtract: [0m[1;92m[ [0m[0;91m62.16%[0m[1;92m ][0m
[1;93mExtract: [0m[1;92m[ [0m[0;91m62.18%[0m[1;92m ][0m
[1;93mExtract: [0m[1;92m[ [0m[0;91m62.21%[0m[1;92m ][0m
[1;93mExtract: [0m[1;92m[ [0m[0;91m62.24%[0m[1;92m ][0m
[1;93mExtract: [0m[1;92m[ [0m[0;91m62.27%[0m[1;92m ][0m
[1;93mExtract: [0m[1;92m[ [0m[0;91m62.29%[0m[1;92m ][0m
[1;93mExtract: [0m[1;92m[ [0m[0;91m62.32%[0m[1;92m ][0m
[1;93mExtract: [0m[1;92m[ [0m[0;91m62.35%[0m[1;92m ][0m
[1;93mExtract: [0m[1;92m[ [0m[0;91m62.37%[0m[1;92m ][0m
[1;93mExtract: [0m[1;92m[ [0m[0;91m62.40%[0m[1;92m ][0m
[1;93mExtract: [0m[1;92m[ [0m[0;91m62.43%[0m[1;92m ][0m
[1;93mExtract: [0m[1;92m[ [0m[0;91m62.46%[0m[1;92m ][0m
[1;93mExtract: [0m[1;92m[ [0m[0;91m62.48%[0m[1;92m ][0m
[1;93mExtract: [0m[1;92m[ [0m[0;91m62.51%[0m[1;92m ][0m
[1;93mExtract: [0m[1;92m[ [0m[0;91m62.54%[0m[1;92m ][0m
[1;93mExtract: [0m[1;92m[ [0m[0;91m62.56%[0m[1;92m ][0m
[1;93mExtract: [0m[1;92m[ [0m[0;91m62.59%[0m[1;92m ][0m
[1;93mExtract: [0m[1;92m[ [0m[0;91m62.62%[0m[1;92m ][0m
[1;93mExtract: [0m[1;92m[ [0m[0;91m62.65%[0m[1;92m ][0m
[1;93mExtract: [0m[1;92m[ [0m[0;91m62.67%[0m[1;92m ][0m
[1;93mExtract: [0m[1;92m[ [0m[0;91m62.70%[0m[1;92m ][0m
[1;93mExtract: [0m[1;92m[ [0m[0;91m62.73%[0m[1;92m ][0m
[1;93mExtract: [0m[1;92m[ [0m[0;91m62.75%[0m[1;92m ][0m
[1;93mExtract: [0m[1;92m[ [0m[0;91m62.78%[0m[1;92m ][0m
[1;93mExtract: [0m[1;92m[ [0m[0;91m62.81%[0m[1;92m ][0m
[1;93mExtract: [0m[1;92m[ [0m[0;91m62.84%[0m[1;92m ][0m
[1;93mExtract: [0m[1;92m[ [0m[0;91m62.86%[0m[1;92m ][0m
[1;93mExtract: [0m[1;92m[ [0m[0;91m62.89%[0m[1;92m ][0m
[1;93mExtract: [0m[1;92m[ [0m[0;91m62.92%[0m[1;92m ][0m
[1;93mExtract: [0m[1;92m[ [0m[0;91m62.94%[0m[1;92m ][0m
[1;93mExtract: [0m[1;92m[ [0m[0;91m62.97%[0m[1;92m ][0m
[1;93mExtract: [0m[1;92m[ [0m[0;91m63.00%[0m[1;92m ][0m
[1;93mExtract: [0m[1;92m[ [0m[0;91m63.03%[0m[1;92m ][0m
[1;93mExtract: [0m[1;92m[ [0m[0;91m63.05%[0m[1;92m ][0m
[1;93mExtract: [0m[1;92m[ [0m[0;91m63.08%[0m[1;92m ][0m
[1;93mExtract: [0m[1;92m[ [0m[0;91m63.11%[0m[1;92m ][0m
[1;93mExtract: [0m[1;92m[ [0m[0;91m63.13%[0m[1;92m ][0m
[1;93mExtract: [0m[1;92m[ [0m[0;91m63.16%[0m[1;92m ][0m
[1;93mExtract: [0m[1;92m[ [0m[0;91m63.19%[0m[1;92m ][0m
[1;93mExtract: [0m[1;92m[ [0m[0;91m63.21%[0m[1;92m ][0m
[1;93mExtract: [0m[1;92m[ [0m[0;91m63.24%[0m[1;92m ][0m
[1;93mExtract: [0m[1;92m[ [0m[0;91m63.27%[0m[1;92m ][0m
[1;93mExtract: [0m[1;92m[ [0m[0;91m63.30%[0m[1;92m ][0m
[1;93mExtract: [0m[1;92m[ [0m[0;91m63.32%[0m[1;92m ][0m
[1;93mExtract: [0m[1;92m[ [0m[0;91m63.35%[0m[1;92m ][0m
[1;93mExtract: [0m[1;92m[ [0m[0;91m63.38%[0m[1;92m ][0m
[1;93mExtract: [0m[1;92m[ [0m[0;91m63.40%[0m[1;92m ][0m
[1;93mExtract: [0m[1;92m[ [0m[0;91m63.43%[0m[1;92m ][0m
[1;93mExtract: [0m[1;92m[ [0m[0;91m63.46%[0m[1;92m ][0m
[1;93mExtract: [0m[1;92m[ [0m[0;91m63.49%[0m[1;92m ][0m
[1;93mExtract: [0m[1;92m[ [0m[0;91m63.51%[0m[1;92m ][0m
[1;93mExtract: [0m[1;92m[ [0m[0;91m63.54%[0m[1;92m ][0m
[1;93mExtract: [0m[1;92m[ [0m[0;91m63.57%[0m[1;92m ][0m
[1;93mExtract: [0m[1;92m[ [0m[0;91m63.59%[0m[1;92m ][0m
[1;93mExtract: [0m[1;92m[ [0m[0;91m63.62%[0m[1;92m ][0m
[1;93mExtract: [0m[1;92m[ [0m[0;91m63.65%[0m[1;92m ][0m
[1;93mExtract: [0m[1;92m[ [0m[0;91m63.68%[0m[1;92m ][0m
[1;93mExtract: [0m[1;92m[ [0m[0;91m63.70%[0m[1;92m ][0m
[1;93mExtract: [0m[1;92m[ [0m[0;91m63.73%[0m[1;92m ][0m
[1;93mExtract: [0m[1;92m[ [0m[0;91m63.76%[0m[1;92m ][0m
[1;93mExtract: [0m[1;92m[ [0m[0;91m63.78%[0m[1;92m ][0m
[1;93mExtract: [0m[1;92m[ [0m[0;91m63.81%[0m[1;92m ][0m
[1;93mExtract: [0m[1;92m[ [0m[0;91m63.84%[0m[1;92m ][0m
[1;93mExtract: [0m[1;92m[ [0m[0;91m63.87%[0m[1;92m ][0m
[1;93mExtract: [0m[1;92m[ [0m[0;91m63.89%[0m[1;92m ][0m
[1;93mExtract: [0m[1;92m[ [0m[0;91m63.92%[0m[1;92m ][0m
[1;93mExtract: [0m[1;92m[ [0m[0;91m63.95%[0m[1;92m ][0m
[1;93mExtract: [0m[1;92m[ [0m[0;91m63.97%[0m[1;92m ][0m
[1;93mExtract: [0m[1;92m[ [0m[0;91m64.00%[0m[1;92m ][0m
[1;93mExtract: [0m[1;92m[ [0m[0;91m64.03%[0m[1;92m ][0m
[1;93mExtract: [0m[1;92m[ [0m[0;91m64.06%[0m[1;92m ][0m
[1;93mExtract: [0m[1;92m[ [0m[0;91m64.08%[0m[1;92m ][0m
[1;93mExtract: [0m[1;92m[ [0m[0;91m64.11%[0m[1;92m ][0m
[1;93mExtract: [0m[1;92m[ [0m[0;91m64.14%[0m[1;92m ][0m
[1;93mExtract: [0m[1;92m[ [0m[0;91m64.16%[0m[1;92m ][0m
[1;93mExtract: [0m[1;92m[ [0m[0;91m64.19%[0m[1;92m ][0m
[1;93mExtract: [0m[1;92m[ [0m[0;91m64.22%[0m[1;92m ][0m
[1;93mExtract: [0m[1;92m[ [0m[0;91m64.25%[0m[1;92m ][0m
[1;93mExtract: [0m[1;92m[ [0m[0;91m64.27%[0m[1;92m ][0m
[1;93mExtract: [0m[1;92m[ [0m[0;91m64.30%[0m[1;92m ][0m
[1;93mExtract: [0m[1;92m[ [0m[0;91m64.33%[0m[1;92m ][0m
[1;93mExtract: [0m[1;92m[ [0m[0;91m64.35%[0m[1;92m ][0m
[1;93mExtract: [0m[1;92m[ [0m[0;91m64.38%[0m[1;92m ][0m
[1;93mExtract: [0m[1;92m[ [0m[0;91m64.41%[0m[1;92m ][0m
[1;93mExtract: [0m[1;92m[ [0m[0;91m64.43%[0m[1;92m ][0m
[1;93mExtract: [0m[1;92m[ [0m[0;91m64.46%[0m[1;92m ][0m
[1;93mExtract: [0m[1;92m[ [0m[0;91m64.49%[0m[1;92m ][0m
[1;93mExtract: [0m[1;92m[ [0m[0;91m64.52%[0m[1;92m ][0m
[1;93mExtract: [0m[1;92m[ [0m[0;91m64.54%[0m[1;92m ][0m
[1;93mExtract: [0m[1;92m[ [0m[0;91m64.57%[0m[1;92m ][0m
[1;93mExtract: [0m[1;92m[ [0m[0;91m64.60%[0m[1;92m ][0m
[1;93mExtract: [0m[1;92m[ [0m[0;91m64.62%[0m[1;92m ][0m
[1;93mExtract: [0m[1;92m[ [0m[0;91m64.65%[0m[1;92m ][0m
[1;93mExtract: [0m[1;92m[ [0m[0;91m64.68%[0m[1;92m ][0m
[1;93mExtract: [0m[1;92m[ [0m[0;91m64.71%[0m[1;92m ][0m
[1;93mExtract: [0m[1;92m[ [0m[0;91m64.73%[0m[1;92m ][0m
[1;93mExtract: [0m[1;92m[ [0m[0;91m64.76%[0m[1;92m ][0m
[1;93mExtract: [0m[1;92m[ [0m[0;91m64.79%[0m[1;92m ][0m
[1;93mExtract: [0m[1;92m[ [0m[0;91m64.81%[0m[1;92m ][0m
[1;93mExtract: [0m[1;92m[ [0m[0;91m64.84%[0m[1;92m ][0m
[1;93mExtract: [0m[1;92m[ [0m[0;91m64.87%[0m[1;92m ][0m
[1;93mExtract: [0m[1;92m[ [0m[0;91m64.90%[0m[1;92m ][0m
[1;93mExtract: [0m[1;92m[ [0m[0;91m64.92%[0m[1;92m ][0m
[1;93mExtract: [0m[1;92m[ [0m[0;91m64.95%[0m[1;92m ][0m
[1;93mExtract: [0m[1;92m[ [0m[0;91m64.98%[0m[1;92m ][0m
[1;93mExtract: [0m[1;92m[ [0m[0;91m65.00%[0m[1;92m ][0m
[1;93mExtract: [0m[1;92m[ [0m[0;91m65.03%[0m[1;92m ][0m
[1;93mExtract: [0m[1;92m[ [0m[0;91m65.06%[0m[1;92m ][0m
[1;93mExtract: [0m[1;92m[ [0m[0;91m65.09%[0m[1;92m ][0m
[1;93mExtract: [0m[1;92m[ [0m[0;91m65.11%[0m[1;92m ][0m
[1;93mExtract: [0m[1;92m[ [0m[0;91m65.14%[0m[1;92m ][0m
[1;93mExtract: [0m[1;92m[ [0m[0;91m65.17%[0m[1;92m ][0m
[1;93mExtract: [0m[1;92m[ [0m[0;91m65.19%[0m[1;92m ][0m
[1;93mExtract: [0m[1;92m[ [0m[0;91m65.22%[0m[1;92m ][0m
[1;93mExtract: [0m[1;92m[ [0m[0;91m65.25%[0m[1;92m ][0m
[1;93mExtract: [0m[1;92m[ [0m[0;91m65.28%[0m[1;92m ][0m
[1;93mExtract: [0m[1;92m[ [0m[0;91m65.30%[0m[1;92m ][0m
[1;93mExtract: [0m[1;92m[ [0m[0;91m65.33%[0m[1;92m ][0m
[1;93mExtract: [0m[1;92m[ [0m[0;91m65.36%[0m[1;92m ][0m
[1;93mExtract: [0m[1;92m[ [0m[0;91m65.38%[0m[1;92m ][0m
[1;93mExtract: [0m[1;92m[ [0m[0;91m65.41%[0m[1;92m ][0m
[1;93mExtract: [0m[1;92m[ [0m[0;91m65.44%[0m[1;92m ][0m
[1;93mExtract: [0m[1;92m[ [0m[0;91m65.46%[0m[1;92m ][0m
[1;93mExtract: [0m[1;92m[ [0m[0;91m65.49%[0m[1;92m ][0m
[1;93mExtract: [0m[1;92m[ [0m[0;91m65.52%[0m[1;92m ][0m
[1;93mExtract: [0m[1;92m[ [0m[0;91m65.55%[0m[1;92m ][0m
[1;93mExtract: [0m[1;92m[ [0m[0;91m65.57%[0m[1;92m ][0m
[1;93mExtract: [0m[1;92m[ [0m[0;91m65.60%[0m[1;92m ][0m
[1;93mExtract: [0m[1;92m[ [0m[0;91m65.63%[0m[1;92m ][0m
[1;93mExtract: [0m[1;92m[ [0m[0;91m65.65%[0m[1;92m ][0m
[1;93mExtract: [0m[1;92m[ [0m[0;91m65.68%[0m[1;92m ][0m
[1;93mExtract: [0m[1;92m[ [0m[0;91m65.71%[0m[1;92m ][0m
[1;93mExtract: [0m[1;92m[ [0m[0;91m65.74%[0m[1;92m ][0m
[1;93mExtract: [0m[1;92m[ [0m[0;91m65.76%[0m[1;92m ][0m
[1;93mExtract: [0m[1;92m[ [0m[0;91m65.79%[0m[1;92m ][0m
[1;93mExtract: [0m[1;92m[ [0m[0;91m65.82%[0m[1;92m ][0m
[1;93mExtract: [0m[1;92m[ [0m[0;91m65.84%[0m[1;92m ][0m
[1;93mExtract: [0m[1;92m[ [0m[0;91m65.87%[0m[1;92m ][0m
[1;93mExtract: [0m[1;92m[ [0m[0;91m65.90%[0m[1;92m ][0m
[1;93mExtract: [0m[1;92m[ [0m[0;91m65.93%[0m[1;92m ][0m
[1;93mExtract: [0m[1;92m[ [0m[0;91m65.95%[0m[1;92m ][0m
[1;93mExtract: [0m[1;92m[ [0m[0;91m65.98%[0m[1;92m ][0m
[1;93mExtract: [0m[1;92m[ [0m[0;91m66.01%[0m[1;92m ][0m
[1;93mExtract: [0m[1;92m[ [0m[0;91m66.03%[0m[1;92m ][0m
[1;93mExtract: [0m[1;92m[ [0m[0;91m66.06%[0m[1;92m ][0m
[1;93mExtract: [0m[1;92m[ [0m[0;91m66.09%[0m[1;92m ][0m
[1;93mExtract: [0m[1;92m[ [0m[0;91m66.12%[0m[1;92m ][0m
[1;93mExtract: [0m[1;92m[ [0m[0;91m66.14%[0m[1;92m ][0m
[1;93mExtract: [0m[1;92m[ [0m[0;91m66.17%[0m[1;92m ][0m
[1;93mExtract: [0m[1;92m[ [0m[0;91m66.20%[0m[1;92m ][0m
[1;93mExtract: [0m[1;92m[ [0m[0;91m66.22%[0m[1;92m ][0m
[1;93mExtract: [0m[1;92m[ [0m[0;91m66.25%[0m[1;92m ][0m
[1;93mExtract: [0m[1;92m[ [0m[0;91m66.28%[0m[1;92m ][0m
[1;93mExtract: [0m[1;92m[ [0m[0;91m66.31%[0m[1;92m ][0m
[1;93mExtract: [0m[1;92m[ [0m[0;91m66.33%[0m[1;92m ][0m
[1;93mExtract: [0m[1;92m[ [0m[0;91m66.36%[0m[1;92m ][0m
[1;93mExtract: [0m[1;92m[ [0m[0;91m66.39%[0m[1;92m ][0m
[1;93mExtract: [0m[1;92m[ [0m[0;91m66.41%[0m[1;92m ][0m
[1;93mExtract: [0m[1;92m[ [0m[0;91m66.44%[0m[1;92m ][0m
[1;93mExtract: [0m[1;92m[ [0m[0;91m66.47%[0m[1;92m ][0m
[1;93mExtract: [0m[1;92m[ [0m[0;91m66.49%[0m[1;92m ][0m
[1;93mExtract: [0m[1;92m[ [0m[0;91m66.52%[0m[1;92m ][0m
[1;93mExtract: [0m[1;92m[ [0m[0;91m66.55%[0m[1;92m ][0m
[1;93mExtract: [0m[1;92m[ [0m[0;91m66.58%[0m[1;92m ][0m
[1;93mExtract: [0m[1;92m[ [0m[0;91m66.60%[0m[1;92m ][0m
[1;93mExtract: [0m[1;92m[ [0m[0;91m66.63%[0m[1;92m ][0m
[1;93mExtract: [0m[1;92m[ [0m[0;91m66.66%[0m[1;92m ][0m
[1;93mExtract: [0m[1;92m[ [0m[0;91m66.68%[0m[1;92m ][0m
[1;93mExtract: [0m[1;92m[ [0m[0;91m66.71%[0m[1;92m ][0m
[1;93mExtract: [0m[1;92m[ [0m[0;91m66.74%[0m[1;92m ][0m
[1;93mExtract: [0m[1;92m[ [0m[0;91m66.77%[0m[1;92m ][0m
[1;93mExtract: [0m[1;92m[ [0m[0;91m66.79%[0m[1;92m ][0m
[1;93mExtract: [0m[1;92m[ [0m[0;91m66.82%[0m[1;92m ][0m
[1;93mExtract: [0m[1;92m[ [0m[0;91m66.85%[0m[1;92m ][0m
[1;93mExtract: [0m[1;92m[ [0m[0;91m66.87%[0m[1;92m ][0m
[1;93mExtract: [0m[1;92m[ [0m[0;91m66.90%[0m[1;92m ][0m
[1;93mExtract: [0m[1;92m[ [0m[0;91m66.93%[0m[1;92m ][0m
[1;93mExtract: [0m[1;92m[ [0m[0;91m66.96%[0m[1;92m ][0m
[1;93mExtract: [0m[1;92m[ [0m[0;91m66.98%[0m[1;92m ][0m
[1;93mExtract: [0m[1;92m[ [0m[0;91m67.01%[0m[1;92m ][0m
[1;93mExtract: [0m[1;92m[ [0m[0;91m67.04%[0m[1;92m ][0m
[1;93mExtract: [0m[1;92m[ [0m[0;91m67.06%[0m[1;92m ][0m
[1;93mExtract: [0m[1;92m[ [0m[0;91m67.09%[0m[1;92m ][0m
[1;93mExtract: [0m[1;92m[ [0m[0;91m67.12%[0m[1;92m ][0m
[1;93mExtract: [0m[1;92m[ [0m[0;91m67.15%[0m[1;92m ][0m
[1;93mExtract: [0m[1;92m[ [0m[0;91m67.17%[0m[1;92m ][0m
[1;93mExtract: [0m[1;92m[ [0m[0;91m67.20%[0m[1;92m ][0m
[1;93mExtract: [0m[1;92m[ [0m[0;91m67.23%[0m[1;92m ][0m
[1;93mExtract: [0m[1;92m[ [0m[0;91m67.25%[0m[1;92m ][0m
[1;93mExtract: [0m[1;92m[ [0m[0;91m67.28%[0m[1;92m ][0m
[1;93mExtract: [0m[1;92m[ [0m[0;91m67.31%[0m[1;92m ][0m
[1;93mExtract: [0m[1;92m[ [0m[0;91m67.34%[0m[1;92m ][0m
[1;93mExtract: [0m[1;92m[ [0m[0;91m67.36%[0m[1;92m ][0m
[1;93mExtract: [0m[1;92m[ [0m[0;91m67.39%[0m[1;92m ][0m
[1;93mExtract: [0m[1;92m[ [0m[0;91m67.42%[0m[1;92m ][0m
[1;93mExtract: [0m[1;92m[ [0m[0;91m67.44%[0m[1;92m ][0m
[1;93mExtract: [0m[1;92m[ [0m[0;91m67.47%[0m[1;92m ][0m
[1;93mExtract: [0m[1;92m[ [0m[0;91m67.50%[0m[1;92m ][0m
[1;93mExtract: [0m[1;92m[ [0m[0;91m67.53%[0m[1;92m ][0m
[1;93mExtract: [0m[1;92m[ [0m[0;91m67.55%[0m[1;92m ][0m
[1;93mExtract: [0m[1;92m[ [0m[0;91m67.58%[0m[1;92m ][0m
[1;93mExtract: [0m[1;92m[ [0m[0;91m67.61%[0m[1;92m ][0m
[1;93mExtract: [0m[1;92m[ [0m[0;91m67.63%[0m[1;92m ][0m
[1;93mExtract: [0m[1;92m[ [0m[0;91m67.66%[0m[1;92m ][0m
[1;93mExtract: [0m[1;92m[ [0m[0;91m67.69%[0m[1;92m ][0m
[1;93mExtract: [0m[1;92m[ [0m[0;91m67.71%[0m[1;92m ][0m
[1;93mExtract: [0m[1;92m[ [0m[0;91m67.74%[0m[1;92m ][0m
[1;93mExtract: [0m[1;92m[ [0m[0;91m67.77%[0m[1;92m ][0m
[1;93mExtract: [0m[1;92m[ [0m[0;91m67.80%[0m[1;92m ][0m
[1;93mExtract: [0m[1;92m[ [0m[0;91m67.82%[0m[1;92m ][0m
[1;93mExtract: [0m[1;92m[ [0m[0;91m67.85%[0m[1;92m ][0m
[1;93mExtract: [0m[1;92m[ [0m[0;91m67.88%[0m[1;92m ][0m
[1;93mExtract: [0m[1;92m[ [0m[0;91m67.90%[0m[1;92m ][0m
[1;93mExtract: [0m[1;92m[ [0m[0;91m67.93%[0m[1;92m ][0m
[1;93mExtract: [0m[1;92m[ [0m[0;91m67.96%[0m[1;92m ][0m
[1;93mExtract: [0m[1;92m[ [0m[0;91m67.99%[0m[1;92m ][0m
[1;93mExtract: [0m[1;92m[ [0m[0;91m68.01%[0m[1;92m ][0m
[1;93mExtract: [0m[1;92m[ [0m[0;91m68.04%[0m[1;92m ][0m
[1;93mExtract: [0m[1;92m[ [0m[0;91m68.07%[0m[1;92m ][0m
[1;93mExtract: [0m[1;92m[ [0m[0;91m68.09%[0m[1;92m ][0m
[1;93mExtract: [0m[1;92m[ [0m[0;91m68.12%[0m[1;92m ][0m
[1;93mExtract: [0m[1;92m[ [0m[0;91m68.15%[0m[1;92m ][0m
[1;93mExtract: [0m[1;92m[ [0m[0;91m68.18%[0m[1;92m ][0m
[1;93mExtract: [0m[1;92m[ [0m[0;91m68.20%[0m[1;92m ][0m
[1;93mExtract: [0m[1;92m[ [0m[0;91m68.23%[0m[1;92m ][0m
[1;93mExtract: [0m[1;92m[ [0m[0;91m68.26%[0m[1;92m ][0m
[1;93mExtract: [0m[1;92m[ [0m[0;91m68.28%[0m[1;92m ][0m
[1;93mExtract: [0m[1;92m[ [0m[0;91m68.31%[0m[1;92m ][0m
[1;93mExtract: [0m[1;92m[ [0m[0;91m68.34%[0m[1;92m ][0m
[1;93mExtract: [0m[1;92m[ [0m[0;91m68.37%[0m[1;92m ][0m
[1;93mExtract: [0m[1;92m[ [0m[0;91m68.39%[0m[1;92m ][0m
[1;93mExtract: [0m[1;92m[ [0m[0;91m68.42%[0m[1;92m ][0m
[1;93mExtract: [0m[1;92m[ [0m[0;91m68.45%[0m[1;92m ][0m
[1;93mExtract: [0m[1;92m[ [0m[0;91m68.47%[0m[1;92m ][0m
[1;93mExtract: [0m[1;92m[ [0m[0;91m68.50%[0m[1;92m ][0m
[1;93mExtract: [0m[1;92m[ [0m[0;91m68.53%[0m[1;92m ][0m
[1;93mExtract: [0m[1;92m[ [0m[0;91m68.56%[0m[1;92m ][0m
[1;93mExtract: [0m[1;92m[ [0m[0;91m68.58%[0m[1;92m ][0m
[1;93mExtract: [0m[1;92m[ [0m[0;91m68.61%[0m[1;92m ][0m
[1;93mExtract: [0m[1;92m[ [0m[0;91m68.64%[0m[1;92m ][0m
[1;93mExtract: [0m[1;92m[ [0m[0;91m68.66%[0m[1;92m ][0m
[1;93mExtract: [0m[1;92m[ [0m[0;91m68.69%[0m[1;92m ][0m
[1;93mExtract: [0m[1;92m[ [0m[0;91m68.72%[0m[1;92m ][0m
[1;93mExtract: [0m[1;92m[ [0m[0;91m68.74%[0m[1;92m ][0m
[1;93mExtract: [0m[1;92m[ [0m[0;91m68.77%[0m[1;92m ][0m
[1;93mExtract: [0m[1;92m[ [0m[0;91m68.80%[0m[1;92m ][0m
[1;93mExtract: [0m[1;92m[ [0m[0;91m68.83%[0m[1;92m ][0m
[1;93mExtract: [0m[1;92m[ [0m[0;91m68.85%[0m[1;92m ][0m
[1;93mExtract: [0m[1;92m[ [0m[0;91m68.88%[0m[1;92m ][0m
[1;93mExtract: [0m[1;92m[ [0m[0;91m68.91%[0m[1;92m ][0m
[1;93mExtract: [0m[1;92m[ [0m[0;91m68.93%[0m[1;92m ][0m
[1;93mExtract: [0m[1;92m[ [0m[0;91m68.96%[0m[1;92m ][0m
[1;93mExtract: [0m[1;92m[ [0m[0;91m68.99%[0m[1;92m ][0m
[1;93mExtract: [0m[1;92m[ [0m[0;91m69.02%[0m[1;92m ][0m
[1;93mExtract: [0m[1;92m[ [0m[0;91m69.04%[0m[1;92m ][0m
[1;93mExtract: [0m[1;92m[ [0m[0;91m69.07%[0m[1;92m ][0m
[1;93mExtract: [0m[1;92m[ [0m[0;91m69.10%[0m[1;92m ][0m
[1;93mExtract: [0m[1;92m[ [0m[0;91m69.12%[0m[1;92m ][0m
[1;93mExtract: [0m[1;92m[ [0m[0;91m69.15%[0m[1;92m ][0m
[1;93mExtract: [0m[1;92m[ [0m[0;91m69.18%[0m[1;92m ][0m
[1;93mExtract: [0m[1;92m[ [0m[0;91m69.21%[0m[1;92m ][0m
[1;93mExtract: [0m[1;92m[ [0m[0;91m69.23%[0m[1;92m ][0m
[1;93mExtract: [0m[1;92m[ [0m[0;91m69.26%[0m[1;92m ][0m
[1;93mExtract: [0m[1;92m[ [0m[0;91m69.29%[0m[1;92m ][0m
[1;93mExtract: [0m[1;92m[ [0m[0;91m69.31%[0m[1;92m ][0m
[1;93mExtract: [0m[1;92m[ [0m[0;91m69.34%[0m[1;92m ][0m
[1;93mExtract: [0m[1;92m[ [0m[0;91m69.37%[0m[1;92m ][0m
[1;93mExtract: [0m[1;92m[ [0m[0;91m69.40%[0m[1;92m ][0m
[1;93mExtract: [0m[1;92m[ [0m[0;91m69.42%[0m[1;92m ][0m
[1;93mExtract: [0m[1;92m[ [0m[0;91m69.45%[0m[1;92m ][0m
[1;93mExtract: [0m[1;92m[ [0m[0;91m69.48%[0m[1;92m ][0m
[1;93mExtract: [0m[1;92m[ [0m[0;91m69.50%[0m[1;92m ][0m
[1;93mExtract: [0m[1;92m[ [0m[0;91m69.53%[0m[1;92m ][0m
[1;93mExtract: [0m[1;92m[ [0m[0;91m69.56%[0m[1;92m ][0m
[1;93mExtract: [0m[1;92m[ [0m[0;91m69.59%[0m[1;92m ][0m
[1;93mExtract: [0m[1;92m[ [0m[0;91m69.61%[0m[1;92m ][0m
[1;93mExtract: [0m[1;92m[ [0m[0;91m69.64%[0m[1;92m ][0m
[1;93mExtract: [0m[1;92m[ [0m[0;91m69.67%[0m[1;92m ][0m
[1;93mExtract: [0m[1;92m[ [0m[0;91m69.69%[0m[1;92m ][0m
[1;93mExtract: [0m[1;92m[ [0m[0;91m69.72%[0m[1;92m ][0m
[1;93mExtract: [0m[1;92m[ [0m[0;91m69.75%[0m[1;92m ][0m
[1;93mExtract: [0m[1;92m[ [0m[0;91m69.78%[0m[1;92m ][0m
[1;93mExtract: [0m[1;92m[ [0m[0;91m69.80%[0m[1;92m ][0m
[1;93mExtract: [0m[1;92m[ [0m[0;91m69.83%[0m[1;92m ][0m
[1;93mExtract: [0m[1;92m[ [0m[0;91m69.86%[0m[1;92m ][0m
[1;93mExtract: [0m[1;92m[ [0m[0;91m69.88%[0m[1;92m ][0m
[1;93mExtract: [0m[1;92m[ [0m[0;91m69.91%[0m[1;92m ][0m
[1;93mExtract: [0m[1;92m[ [0m[0;91m69.94%[0m[1;92m ][0m
[1;93mExtract: [0m[1;92m[ [0m[0;91m69.96%[0m[1;92m ][0m
[1;93mExtract: [0m[1;92m[ [0m[0;91m69.99%[0m[1;92m ][0m
[1;93mExtract: [0m[1;92m[ [0m[0;91m70.02%[0m[1;92m ][0m
[1;93mExtract: [0m[1;92m[ [0m[0;91m70.05%[0m[1;92m ][0m
[1;93mExtract: [0m[1;92m[ [0m[0;91m70.07%[0m[1;92m ][0m
[1;93mExtract: [0m[1;92m[ [0m[0;91m70.10%[0m[1;92m ][0m
[1;93mExtract: [0m[1;92m[ [0m[0;91m70.13%[0m[1;92m ][0m
[1;93mExtract: [0m[1;92m[ [0m[0;91m70.15%[0m[1;92m ][0m
[1;93mExtract: [0m[1;92m[ [0m[0;91m70.18%[0m[1;92m ][0m
[1;93mExtract: [0m[1;92m[ [0m[0;91m70.21%[0m[1;92m ][0m
[1;93mExtract: [0m[1;92m[ [0m[0;91m70.24%[0m[1;92m ][0m
[1;93mExtract: [0m[1;92m[ [0m[0;91m70.26%[0m[1;92m ][0m
[1;93mExtract: [0m[1;92m[ [0m[0;91m70.29%[0m[1;92m ][0m
[1;93mExtract: [0m[1;92m[ [0m[0;91m70.32%[0m[1;92m ][0m
[1;93mExtract: [0m[1;92m[ [0m[0;91m70.34%[0m[1;92m ][0m
[1;93mExtract: [0m[1;92m[ [0m[0;91m70.37%[0m[1;92m ][0m
[1;93mExtract: [0m[1;92m[ [0m[0;91m70.40%[0m[1;92m ][0m
[1;93mExtract: [0m[1;92m[ [0m[0;91m70.43%[0m[1;92m ][0m
[1;93mExtract: [0m[1;92m[ [0m[0;91m70.45%[0m[1;92m ][0m
[1;93mExtract: [0m[1;92m[ [0m[0;91m70.48%[0m[1;92m ][0m
[1;93mExtract: [0m[1;92m[ [0m[0;91m70.51%[0m[1;92m ][0m
[1;93mExtract: [0m[1;92m[ [0m[0;91m70.53%[0m[1;92m ][0m
[1;93mExtract: [0m[1;92m[ [0m[0;91m70.56%[0m[1;92m ][0m
[1;93mExtract: [0m[1;92m[ [0m[0;91m70.59%[0m[1;92m ][0m
[1;93mExtract: [0m[1;92m[ [0m[0;91m70.62%[0m[1;92m ][0m
[1;93mExtract: [0m[1;92m[ [0m[0;91m70.64%[0m[1;92m ][0m
[1;93mExtract: [0m[1;92m[ [0m[0;91m70.67%[0m[1;92m ][0m
[1;93mExtract: [0m[1;92m[ [0m[0;91m70.70%[0m[1;92m ][0m
[1;93mExtract: [0m[1;92m[ [0m[0;91m70.72%[0m[1;92m ][0m
[1;93mExtract: [0m[1;92m[ [0m[0;91m70.75%[0m[1;92m ][0m
[1;93mExtract: [0m[1;92m[ [0m[0;91m70.78%[0m[1;92m ][0m
[1;93mExtract: [0m[1;92m[ [0m[0;91m70.81%[0m[1;92m ][0m
[1;93mExtract: [0m[1;92m[ [0m[0;91m70.83%[0m[1;92m ][0m
[1;93mExtract: [0m[1;92m[ [0m[0;91m70.86%[0m[1;92m ][0m
[1;93mExtract: [0m[1;92m[ [0m[0;91m70.89%[0m[1;92m ][0m
[1;93mExtract: [0m[1;92m[ [0m[0;91m70.91%[0m[1;92m ][0m
[1;93mExtract: [0m[1;92m[ [0m[0;91m70.94%[0m[1;92m ][0m
[1;93mExtract: [0m[1;92m[ [0m[0;91m70.97%[0m[1;92m ][0m
[1;93mExtract: [0m[1;92m[ [0m[0;91m70.99%[0m[1;92m ][0m
[1;93mExtract: [0m[1;92m[ [0m[0;91m71.02%[0m[1;92m ][0m
[1;93mExtract: [0m[1;92m[ [0m[0;91m71.05%[0m[1;92m ][0m
[1;93mExtract: [0m[1;92m[ [0m[0;91m71.08%[0m[1;92m ][0m
[1;93mExtract: [0m[1;92m[ [0m[0;91m71.10%[0m[1;92m ][0m
[1;93mExtract: [0m[1;92m[ [0m[0;91m71.13%[0m[1;92m ][0m
[1;93mExtract: [0m[1;92m[ [0m[0;91m71.16%[0m[1;92m ][0m
[1;93mExtract: [0m[1;92m[ [0m[0;91m71.18%[0m[1;92m ][0m
[1;93mExtract: [0m[1;92m[ [0m[0;91m71.21%[0m[1;92m ][0m
[1;93mExtract: [0m[1;92m[ [0m[0;91m71.24%[0m[1;92m ][0m
[1;93mExtract: [0m[1;92m[ [0m[0;91m71.27%[0m[1;92m ][0m
[1;93mExtract: [0m[1;92m[ [0m[0;91m71.29%[0m[1;92m ][0m
[1;93mExtract: [0m[1;92m[ [0m[0;91m71.32%[0m[1;92m ][0m
[1;93mExtract: [0m[1;92m[ [0m[0;91m71.35%[0m[1;92m ][0m
[1;93mExtract: [0m[1;92m[ [0m[0;91m71.37%[0m[1;92m ][0m
[1;93mExtract: [0m[1;92m[ [0m[0;91m71.40%[0m[1;92m ][0m
[1;93mExtract: [0m[1;92m[ [0m[0;91m71.43%[0m[1;92m ][0m
[1;93mExtract: [0m[1;92m[ [0m[0;91m71.46%[0m[1;92m ][0m
[1;93mExtract: [0m[1;92m[ [0m[0;91m71.48%[0m[1;92m ][0m
[1;93mExtract: [0m[1;92m[ [0m[0;91m71.51%[0m[1;92m ][0m
[1;93mExtract: [0m[1;92m[ [0m[0;91m71.54%[0m[1;92m ][0m
[1;93mExtract: [0m[1;92m[ [0m[0;91m71.56%[0m[1;92m ][0m
[1;93mExtract: [0m[1;92m[ [0m[0;91m71.59%[0m[1;92m ][0m
[1;93mExtract: [0m[1;92m[ [0m[0;91m71.62%[0m[1;92m ][0m
[1;93mExtract: [0m[1;92m[ [0m[0;91m71.65%[0m[1;92m ][0m
[1;93mExtract: [0m[1;92m[ [0m[0;91m71.67%[0m[1;92m ][0m
[1;93mExtract: [0m[1;92m[ [0m[0;91m71.70%[0m[1;92m ][0m
[1;93mExtract: [0m[1;92m[ [0m[0;91m71.73%[0m[1;92m ][0m
[1;93mExtract: [0m[1;92m[ [0m[0;91m71.75%[0m[1;92m ][0m
[1;93mExtract: [0m[1;92m[ [0m[0;91m71.78%[0m[1;92m ][0m
[1;93mExtract: [0m[1;92m[ [0m[0;91m71.81%[0m[1;92m ][0m
[1;93mExtract: [0m[1;92m[ [0m[0;91m71.84%[0m[1;92m ][0m
[1;93mExtract: [0m[1;92m[ [0m[0;91m71.86%[0m[1;92m ][0m
[1;93mExtract: [0m[1;92m[ [0m[0;91m71.89%[0m[1;92m ][0m
[1;93mExtract: [0m[1;92m[ [0m[0;91m71.92%[0m[1;92m ][0m
[1;93mExtract: [0m[1;92m[ [0m[0;91m71.94%[0m[1;92m ][0m
[1;93mExtract: [0m[1;92m[ [0m[0;91m71.97%[0m[1;92m ][0m
[1;93mExtract: [0m[1;92m[ [0m[0;91m72.00%[0m[1;92m ][0m
[1;93mExtract: [0m[1;92m[ [0m[0;91m72.02%[0m[1;92m ][0m
[1;93mExtract: [0m[1;92m[ [0m[0;91m72.05%[0m[1;92m ][0m
[1;93mExtract: [0m[1;92m[ [0m[0;91m72.08%[0m[1;92m ][0m
[1;93mExtract: [0m[1;92m[ [0m[0;91m72.11%[0m[1;92m ][0m
[1;93mExtract: [0m[1;92m[ [0m[0;91m72.13%[0m[1;92m ][0m
[1;93mExtract: [0m[1;92m[ [0m[0;91m72.16%[0m[1;92m ][0m
[1;93mExtract: [0m[1;92m[ [0m[0;91m72.19%[0m[1;92m ][0m
[1;93mExtract: [0m[1;92m[ [0m[0;91m72.21%[0m[1;92m ][0m
[1;93mExtract: [0m[1;92m[ [0m[0;91m72.24%[0m[1;92m ][0m
[1;93mExtract: [0m[1;92m[ [0m[0;91m72.27%[0m[1;92m ][0m
[1;93mExtract: [0m[1;92m[ [0m[0;91m72.30%[0m[1;92m ][0m
[1;93mExtract: [0m[1;92m[ [0m[0;91m72.32%[0m[1;92m ][0m
[1;93mExtract: [0m[1;92m[ [0m[0;91m72.35%[0m[1;92m ][0m
[1;93mExtract: [0m[1;92m[ [0m[0;91m72.38%[0m[1;92m ][0m
[1;93mExtract: [0m[1;92m[ [0m[0;91m72.40%[0m[1;92m ][0m
[1;93mExtract: [0m[1;92m[ [0m[0;91m72.43%[0m[1;92m ][0m
[1;93mExtract: [0m[1;92m[ [0m[0;91m72.46%[0m[1;92m ][0m
[1;93mExtract: [0m[1;92m[ [0m[0;91m72.49%[0m[1;92m ][0m
[1;93mExtract: [0m[1;92m[ [0m[0;91m72.51%[0m[1;92m ][0m
[1;93mExtract: [0m[1;92m[ [0m[0;91m72.54%[0m[1;92m ][0m
[1;93mExtract: [0m[1;92m[ [0m[0;91m72.57%[0m[1;92m ][0m
[1;93mExtract: [0m[1;92m[ [0m[0;91m72.59%[0m[1;92m ][0m
[1;93mExtract: [0m[1;92m[ [0m[0;91m72.62%[0m[1;92m ][0m
[1;93mExtract: [0m[1;92m[ [0m[0;91m72.65%[0m[1;92m ][0m
[1;93mExtract: [0m[1;92m[ [0m[0;91m72.68%[0m[1;92m ][0m
[1;93mExtract: [0m[1;92m[ [0m[0;91m72.70%[0m[1;92m ][0m
[1;93mExtract: [0m[1;92m[ [0m[0;91m72.73%[0m[1;92m ][0m
[1;93mExtract: [0m[1;92m[ [0m[0;91m72.76%[0m[1;92m ][0m
[1;93mExtract: [0m[1;92m[ [0m[0;91m72.78%[0m[1;92m ][0m
[1;93mExtract: [0m[1;92m[ [0m[0;91m72.81%[0m[1;92m ][0m
[1;93mExtract: [0m[1;92m[ [0m[0;91m72.84%[0m[1;92m ][0m
[1;93mExtract: [0m[1;92m[ [0m[0;91m72.87%[0m[1;92m ][0m
[1;93mExtract: [0m[1;92m[ [0m[0;91m72.89%[0m[1;92m ][0m
[1;93mExtract: [0m[1;92m[ [0m[0;91m72.92%[0m[1;92m ][0m
[1;93mExtract: [0m[1;92m[ [0m[0;91m72.95%[0m[1;92m ][0m
[1;93mExtract: [0m[1;92m[ [0m[0;91m72.97%[0m[1;92m ][0m
[1;93mExtract: [0m[1;92m[ [0m[0;91m73.00%[0m[1;92m ][0m
[1;93mExtract: [0m[1;92m[ [0m[0;91m73.03%[0m[1;92m ][0m
[1;93mExtract: [0m[1;92m[ [0m[0;91m73.06%[0m[1;92m ][0m
[1;93mExtract: [0m[1;92m[ [0m[0;91m73.08%[0m[1;92m ][0m
[1;93mExtract: [0m[1;92m[ [0m[0;91m73.11%[0m[1;92m ][0m
[1;93mExtract: [0m[1;92m[ [0m[0;91m73.14%[0m[1;92m ][0m
[1;93mExtract: [0m[1;92m[ [0m[0;91m73.16%[0m[1;92m ][0m
[1;93mExtract: [0m[1;92m[ [0m[0;91m73.19%[0m[1;92m ][0m
[1;93mExtract: [0m[1;92m[ [0m[0;91m73.22%[0m[1;92m ][0m
[1;93mExtract: [0m[1;92m[ [0m[0;91m73.24%[0m[1;92m ][0m
[1;93mExtract: [0m[1;92m[ [0m[0;91m73.27%[0m[1;92m ][0m
[1;93mExtract: [0m[1;92m[ [0m[0;91m73.30%[0m[1;92m ][0m
[1;93mExtract: [0m[1;92m[ [0m[0;91m73.33%[0m[1;92m ][0m
[1;93mExtract: [0m[1;92m[ [0m[0;91m73.35%[0m[1;92m ][0m
[1;93mExtract: [0m[1;92m[ [0m[0;91m73.38%[0m[1;92m ][0m
[1;93mExtract: [0m[1;92m[ [0m[0;91m73.41%[0m[1;92m ][0m
[1;93mExtract: [0m[1;92m[ [0m[0;91m73.43%[0m[1;92m ][0m
[1;93mExtract: [0m[1;92m[ [0m[0;91m73.46%[0m[1;92m ][0m
[1;93mExtract: [0m[1;92m[ [0m[0;91m73.49%[0m[1;92m ][0m
[1;93mExtract: [0m[1;92m[ [0m[0;91m73.52%[0m[1;92m ][0m
[1;93mExtract: [0m[1;92m[ [0m[0;91m73.54%[0m[1;92m ][0m
[1;93mExtract: [0m[1;92m[ [0m[0;91m73.57%[0m[1;92m ][0m
[1;93mExtract: [0m[1;92m[ [0m[0;91m73.60%[0m[1;92m ][0m
[1;93mExtract: [0m[1;92m[ [0m[0;91m73.62%[0m[1;92m ][0m
[1;93mExtract: [0m[1;92m[ [0m[0;91m73.65%[0m[1;92m ][0m
[1;93mExtract: [0m[1;92m[ [0m[0;91m73.68%[0m[1;92m ][0m
[1;93mExtract: [0m[1;92m[ [0m[0;91m73.71%[0m[1;92m ][0m
[1;93mExtract: [0m[1;92m[ [0m[0;91m73.73%[0m[1;92m ][0m
[1;93mExtract: [0m[1;92m[ [0m[0;91m73.76%[0m[1;92m ][0m
[1;93mExtract: [0m[1;92m[ [0m[0;91m73.79%[0m[1;92m ][0m
[1;93mExtract: [0m[1;92m[ [0m[0;91m73.81%[0m[1;92m ][0m
[1;93mExtract: [0m[1;92m[ [0m[0;91m73.84%[0m[1;92m ][0m
[1;93mExtract: [0m[1;92m[ [0m[0;91m73.87%[0m[1;92m ][0m
[1;93mExtract: [0m[1;92m[ [0m[0;91m73.90%[0m[1;92m ][0m
[1;93mExtract: [0m[1;92m[ [0m[0;91m73.92%[0m[1;92m ][0m
[1;93mExtract: [0m[1;92m[ [0m[0;91m73.95%[0m[1;92m ][0m
[1;93mExtract: [0m[1;92m[ [0m[0;91m73.98%[0m[1;92m ][0m
[1;93mExtract: [0m[1;92m[ [0m[0;91m74.00%[0m[1;92m ][0m
[1;93mExtract: [0m[1;92m[ [0m[0;91m74.03%[0m[1;92m ][0m
[1;93mExtract: [0m[1;92m[ [0m[0;91m74.06%[0m[1;92m ][0m
[1;93mExtract: [0m[1;92m[ [0m[0;91m74.09%[0m[1;92m ][0m
[1;93mExtract: [0m[1;92m[ [0m[0;91m74.11%[0m[1;92m ][0m
[1;93mExtract: [0m[1;92m[ [0m[0;91m74.14%[0m[1;92m ][0m
[1;93mExtract: [0m[1;92m[ [0m[0;91m74.17%[0m[1;92m ][0m
[1;93mExtract: [0m[1;92m[ [0m[0;91m74.19%[0m[1;92m ][0m
[1;93mExtract: [0m[1;92m[ [0m[0;91m74.22%[0m[1;92m ][0m
[1;93mExtract: [0m[1;92m[ [0m[0;91m74.25%[0m[1;92m ][0m
[1;93mExtract: [0m[1;92m[ [0m[0;91m74.27%[0m[1;92m ][0m
[1;93mExtract: [0m[1;92m[ [0m[0;91m74.30%[0m[1;92m ][0m
[1;93mExtract: [0m[1;92m[ [0m[0;91m74.33%[0m[1;92m ][0m
[1;93mExtract: [0m[1;92m[ [0m[0;91m74.36%[0m[1;92m ][0m
[1;93mExtract: [0m[1;92m[ [0m[0;91m74.38%[0m[1;92m ][0m
[1;93mExtract: [0m[1;92m[ [0m[0;91m74.41%[0m[1;92m ][0m
[1;93mExtract: [0m[1;92m[ [0m[0;91m74.44%[0m[1;92m ][0m
[1;93mExtract: [0m[1;92m[ [0m[0;91m74.46%[0m[1;92m ][0m
[1;93mExtract: [0m[1;92m[ [0m[0;91m74.49%[0m[1;92m ][0m
[1;93mExtract: [0m[1;92m[ [0m[0;91m74.52%[0m[1;92m ][0m
[1;93mExtract: [0m[1;92m[ [0m[0;91m74.55%[0m[1;92m ][0m
[1;93mExtract: [0m[1;92m[ [0m[0;91m74.57%[0m[1;92m ][0m
[1;93mExtract: [0m[1;92m[ [0m[0;91m74.60%[0m[1;92m ][0m
[1;93mExtract: [0m[1;92m[ [0m[0;91m74.63%[0m[1;92m ][0m
[1;93mExtract: [0m[1;92m[ [0m[0;91m74.65%[0m[1;92m ][0m
[1;93mExtract: [0m[1;92m[ [0m[0;91m74.68%[0m[1;92m ][0m
[1;93mExtract: [0m[1;92m[ [0m[0;91m74.71%[0m[1;92m ][0m
[1;93mExtract: [0m[1;92m[ [0m[0;91m74.74%[0m[1;92m ][0m
[1;93mExtract: [0m[1;92m[ [0m[0;91m74.76%[0m[1;92m ][0m
[1;93mExtract: [0m[1;92m[ [0m[0;91m74.79%[0m[1;92m ][0m
[1;93mExtract: [0m[1;92m[ [0m[0;91m74.82%[0m[1;92m ][0m
[1;93mExtract: [0m[1;92m[ [0m[0;91m74.84%[0m[1;92m ][0m
[1;93mExtract: [0m[1;92m[ [0m[0;91m74.87%[0m[1;92m ][0m
[1;93mExtract: [0m[1;92m[ [0m[0;91m74.90%[0m[1;92m ][0m
[1;93mExtract: [0m[1;92m[ [0m[0;91m74.93%[0m[1;92m ][0m
[1;93mExtract: [0m[1;92m[ [0m[0;91m74.95%[0m[1;92m ][0m
[1;93mExtract: [0m[1;92m[ [0m[0;91m74.98%[0m[1;92m ][0m
[1;93mExtract: [0m[1;92m[ [0m[0;91m75.01%[0m[1;92m ][0m
[1;93mExtract: [0m[1;92m[ [0m[0;91m75.03%[0m[1;92m ][0m
[1;93mExtract: [0m[1;92m[ [0m[0;91m75.06%[0m[1;92m ][0m
[1;93mExtract: [0m[1;92m[ [0m[0;91m75.09%[0m[1;92m ][0m
[1;93mExtract: [0m[1;92m[ [0m[0;91m75.12%[0m[1;92m ][0m
[1;93mExtract: [0m[1;92m[ [0m[0;91m75.14%[0m[1;92m ][0m
[1;93mExtract: [0m[1;92m[ [0m[0;91m75.17%[0m[1;92m ][0m
[1;93mExtract: [0m[1;92m[ [0m[0;91m75.20%[0m[1;92m ][0m
[1;93mExtract: [0m[1;92m[ [0m[0;91m75.22%[0m[1;92m ][0m
[1;93mExtract: [0m[1;92m[ [0m[0;91m75.25%[0m[1;92m ][0m
[1;93mExtract: [0m[1;92m[ [0m[0;91m75.28%[0m[1;92m ][0m
[1;93mExtract: [0m[1;92m[ [0m[0;91m75.30%[0m[1;92m ][0m
[1;93mExtract: [0m[1;92m[ [0m[0;91m75.33%[0m[1;92m ][0m
[1;93mExtract: [0m[1;92m[ [0m[0;91m75.36%[0m[1;92m ][0m
[1;93mExtract: [0m[1;92m[ [0m[0;91m75.39%[0m[1;92m ][0m
[1;93mExtract: [0m[1;92m[ [0m[0;91m75.41%[0m[1;92m ][0m
[1;93mExtract: [0m[1;92m[ [0m[0;91m75.44%[0m[1;92m ][0m
[1;93mExtract: [0m[1;92m[ [0m[0;91m75.47%[0m[1;92m ][0m
[1;93mExtract: [0m[1;92m[ [0m[0;91m75.49%[0m[1;92m ][0m
[1;93mExtract: [0m[1;92m[ [0m[0;91m75.52%[0m[1;92m ][0m
[1;93mExtract: [0m[1;92m[ [0m[0;91m75.55%[0m[1;92m ][0m
[1;93mExtract: [0m[1;92m[ [0m[0;91m75.58%[0m[1;92m ][0m
[1;93mExtract: [0m[1;92m[ [0m[0;91m75.60%[0m[1;92m ][0m
[1;93mExtract: [0m[1;92m[ [0m[0;91m75.63%[0m[1;92m ][0m
[1;93mExtract: [0m[1;92m[ [0m[0;91m75.66%[0m[1;92m ][0m
[1;93mExtract: [0m[1;92m[ [0m[0;91m75.68%[0m[1;92m ][0m
[1;93mExtract: [0m[1;92m[ [0m[0;91m75.71%[0m[1;92m ][0m
[1;93mExtract: [0m[1;92m[ [0m[0;91m75.74%[0m[1;92m ][0m
[1;93mExtract: [0m[1;92m[ [0m[0;91m75.77%[0m[1;92m ][0m
[1;93mExtract: [0m[1;92m[ [0m[0;91m75.79%[0m[1;92m ][0m
[1;93mExtract: [0m[1;92m[ [0m[0;91m75.82%[0m[1;92m ][0m
[1;93mExtract: [0m[1;92m[ [0m[0;91m75.85%[0m[1;92m ][0m
[1;93mExtract: [0m[1;92m[ [0m[0;91m75.87%[0m[1;92m ][0m
[1;93mExtract: [0m[1;92m[ [0m[0;91m75.90%[0m[1;92m ][0m
[1;93mExtract: [0m[1;92m[ [0m[0;91m75.93%[0m[1;92m ][0m
[1;93mExtract: [0m[1;92m[ [0m[0;91m75.96%[0m[1;92m ][0m
[1;93mExtract: [0m[1;92m[ [0m[0;91m75.98%[0m[1;92m ][0m
[1;93mExtract: [0m[1;92m[ [0m[0;91m76.01%[0m[1;92m ][0m
[1;93mExtract: [0m[1;92m[ [0m[0;91m76.04%[0m[1;92m ][0m
[1;93mExtract: [0m[1;92m[ [0m[0;91m76.06%[0m[1;92m ][0m
[1;93mExtract: [0m[1;92m[ [0m[0;91m76.09%[0m[1;92m ][0m
[1;93mExtract: [0m[1;92m[ [0m[0;91m76.12%[0m[1;92m ][0m
[1;93mExtract: [0m[1;92m[ [0m[0;91m76.15%[0m[1;92m ][0m
[1;93mExtract: [0m[1;92m[ [0m[0;91m76.17%[0m[1;92m ][0m
[1;93mExtract: [0m[1;92m[ [0m[0;91m76.20%[0m[1;92m ][0m
[1;93mExtract: [0m[1;92m[ [0m[0;91m76.23%[0m[1;92m ][0m
[1;93mExtract: [0m[1;92m[ [0m[0;91m76.25%[0m[1;92m ][0m
[1;93mExtract: [0m[1;92m[ [0m[0;91m76.28%[0m[1;92m ][0m
[1;93mExtract: [0m[1;92m[ [0m[0;91m76.31%[0m[1;92m ][0m
[1;93mExtract: [0m[1;92m[ [0m[0;91m76.34%[0m[1;92m ][0m
[1;93mExtract: [0m[1;92m[ [0m[0;91m76.36%[0m[1;92m ][0m
[1;93mExtract: [0m[1;92m[ [0m[0;91m76.39%[0m[1;92m ][0m
[1;93mExtract: [0m[1;92m[ [0m[0;91m76.42%[0m[1;92m ][0m
[1;93mExtract: [0m[1;92m[ [0m[0;91m76.44%[0m[1;92m ][0m
[1;93mExtract: [0m[1;92m[ [0m[0;91m76.47%[0m[1;92m ][0m
[1;93mExtract: [0m[1;92m[ [0m[0;91m76.50%[0m[1;92m ][0m
[1;93mExtract: [0m[1;92m[ [0m[0;91m76.52%[0m[1;92m ][0m
[1;93mExtract: [0m[1;92m[ [0m[0;91m76.55%[0m[1;92m ][0m
[1;93mExtract: [0m[1;92m[ [0m[0;91m76.58%[0m[1;92m ][0m
[1;93mExtract: [0m[1;92m[ [0m[0;91m76.61%[0m[1;92m ][0m
[1;93mExtract: [0m[1;92m[ [0m[0;91m76.63%[0m[1;92m ][0m
[1;93mExtract: [0m[1;92m[ [0m[0;91m76.66%[0m[1;92m ][0m
[1;93mExtract: [0m[1;92m[ [0m[0;91m76.69%[0m[1;92m ][0m
[1;93mExtract: [0m[1;92m[ [0m[0;91m76.71%[0m[1;92m ][0m
[1;93mExtract: [0m[1;92m[ [0m[0;91m76.74%[0m[1;92m ][0m
[1;93mExtract: [0m[1;92m[ [0m[0;91m76.77%[0m[1;92m ][0m
[1;93mExtract: [0m[1;92m[ [0m[0;91m76.80%[0m[1;92m ][0m
[1;93mExtract: [0m[1;92m[ [0m[0;91m76.82%[0m[1;92m ][0m
[1;93mExtract: [0m[1;92m[ [0m[0;91m76.85%[0m[1;92m ][0m
[1;93mExtract: [0m[1;92m[ [0m[0;91m76.88%[0m[1;92m ][0m
[1;93mExtract: [0m[1;92m[ [0m[0;91m76.90%[0m[1;92m ][0m
[1;93mExtract: [0m[1;92m[ [0m[0;91m76.93%[0m[1;92m ][0m
[1;93mExtract: [0m[1;92m[ [0m[0;91m76.96%[0m[1;92m ][0m
[1;93mExtract: [0m[1;92m[ [0m[0;91m76.99%[0m[1;92m ][0m
[1;93mExtract: [0m[1;92m[ [0m[0;91m77.01%[0m[1;92m ][0m
[1;93mExtract: [0m[1;92m[ [0m[0;91m77.04%[0m[1;92m ][0m
[1;93mExtract: [0m[1;92m[ [0m[0;91m77.07%[0m[1;92m ][0m
[1;93mExtract: [0m[1;92m[ [0m[0;91m77.09%[0m[1;92m ][0m
[1;93mExtract: [0m[1;92m[ [0m[0;91m77.12%[0m[1;92m ][0m
[1;93mExtract: [0m[1;92m[ [0m[0;91m77.15%[0m[1;92m ][0m
[1;93mExtract: [0m[1;92m[ [0m[0;91m77.18%[0m[1;92m ][0m
[1;93mExtract: [0m[1;92m[ [0m[0;91m77.20%[0m[1;92m ][0m
[1;93mExtract: [0m[1;92m[ [0m[0;91m77.23%[0m[1;92m ][0m
[1;93mExtract: [0m[1;92m[ [0m[0;91m77.26%[0m[1;92m ][0m
[1;93mExtract: [0m[1;92m[ [0m[0;91m77.28%[0m[1;92m ][0m
[1;93mExtract: [0m[1;92m[ [0m[0;91m77.31%[0m[1;92m ][0m
[1;93mExtract: [0m[1;92m[ [0m[0;91m77.34%[0m[1;92m ][0m
[1;93mExtract: [0m[1;92m[ [0m[0;91m77.37%[0m[1;92m ][0m
[1;93mExtract: [0m[1;92m[ [0m[0;91m77.39%[0m[1;92m ][0m
[1;93mExtract: [0m[1;92m[ [0m[0;91m77.42%[0m[1;92m ][0m
[1;93mExtract: [0m[1;92m[ [0m[0;91m77.45%[0m[1;92m ][0m
[1;93mExtract: [0m[1;92m[ [0m[0;91m77.47%[0m[1;92m ][0m
[1;93mExtract: [0m[1;92m[ [0m[0;91m77.50%[0m[1;92m ][0m
[1;93mExtract: [0m[1;92m[ [0m[0;91m77.53%[0m[1;92m ][0m
[1;93mExtract: [0m[1;92m[ [0m[0;91m77.55%[0m[1;92m ][0m
[1;93mExtract: [0m[1;92m[ [0m[0;91m77.58%[0m[1;92m ][0m
[1;93mExtract: [0m[1;92m[ [0m[0;91m77.61%[0m[1;92m ][0m
[1;93mExtract: [0m[1;92m[ [0m[0;91m77.64%[0m[1;92m ][0m
[1;93mExtract: [0m[1;92m[ [0m[0;91m77.66%[0m[1;92m ][0m
[1;93mExtract: [0m[1;92m[ [0m[0;91m77.69%[0m[1;92m ][0m
[1;93mExtract: [0m[1;92m[ [0m[0;91m77.72%[0m[1;92m ][0m
[1;93mExtract: [0m[1;92m[ [0m[0;91m77.74%[0m[1;92m ][0m
[1;93mExtract: [0m[1;92m[ [0m[0;91m77.77%[0m[1;92m ][0m
[1;93mExtract: [0m[1;92m[ [0m[0;91m77.80%[0m[1;92m ][0m
[1;93mExtract: [0m[1;92m[ [0m[0;91m77.83%[0m[1;92m ][0m
[1;93mExtract: [0m[1;92m[ [0m[0;91m77.85%[0m[1;92m ][0m
[1;93mExtract: [0m[1;92m[ [0m[0;91m77.88%[0m[1;92m ][0m
[1;93mExtract: [0m[1;92m[ [0m[0;91m77.91%[0m[1;92m ][0m
[1;93mExtract: [0m[1;92m[ [0m[0;91m77.93%[0m[1;92m ][0m
[1;93mExtract: [0m[1;92m[ [0m[0;91m77.96%[0m[1;92m ][0m
[1;93mExtract: [0m[1;92m[ [0m[0;91m77.99%[0m[1;92m ][0m
[1;93mExtract: [0m[1;92m[ [0m[0;91m78.02%[0m[1;92m ][0m
[1;93mExtract: [0m[1;92m[ [0m[0;91m78.04%[0m[1;92m ][0m
[1;93mExtract: [0m[1;92m[ [0m[0;91m78.07%[0m[1;92m ][0m
[1;93mExtract: [0m[1;92m[ [0m[0;91m78.10%[0m[1;92m ][0m
[1;93mExtract: [0m[1;92m[ [0m[0;91m78.12%[0m[1;92m ][0m
[1;93mExtract: [0m[1;92m[ [0m[0;91m78.15%[0m[1;92m ][0m
[1;93mExtract: [0m[1;92m[ [0m[0;91m78.18%[0m[1;92m ][0m
[1;93mExtract: [0m[1;92m[ [0m[0;91m78.21%[0m[1;92m ][0m
[1;93mExtract: [0m[1;92m[ [0m[0;91m78.23%[0m[1;92m ][0m
[1;93mExtract: [0m[1;92m[ [0m[0;91m78.26%[0m[1;92m ][0m
[1;93mExtract: [0m[1;92m[ [0m[0;91m78.29%[0m[1;92m ][0m
[1;93mExtract: [0m[1;92m[ [0m[0;91m78.31%[0m[1;92m ][0m
[1;93mExtract: [0m[1;92m[ [0m[0;91m78.34%[0m[1;92m ][0m
[1;93mExtract: [0m[1;92m[ [0m[0;91m78.37%[0m[1;92m ][0m
[1;93mExtract: [0m[1;92m[ [0m[0;91m78.40%[0m[1;92m ][0m
[1;93mExtract: [0m[1;92m[ [0m[0;91m78.42%[0m[1;92m ][0m
[1;93mExtract: [0m[1;92m[ [0m[0;91m78.45%[0m[1;92m ][0m
[1;93mExtract: [0m[1;92m[ [0m[0;91m78.48%[0m[1;92m ][0m
[1;93mExtract: [0m[1;92m[ [0m[0;91m78.50%[0m[1;92m ][0m
[1;93mExtract: [0m[1;92m[ [0m[0;91m78.53%[0m[1;92m ][0m
[1;93mExtract: [0m[1;92m[ [0m[0;91m78.56%[0m[1;92m ][0m
[1;93mExtract: [0m[1;92m[ [0m[0;91m78.58%[0m[1;92m ][0m
[1;93mExtract: [0m[1;92m[ [0m[0;91m78.61%[0m[1;92m ][0m
[1;93mExtract: [0m[1;92m[ [0m[0;91m78.64%[0m[1;92m ][0m
[1;93mExtract: [0m[1;92m[ [0m[0;91m78.67%[0m[1;92m ][0m
[1;93mExtract: [0m[1;92m[ [0m[0;91m78.69%[0m[1;92m ][0m
[1;93mExtract: [0m[1;92m[ [0m[0;91m78.72%[0m[1;92m ][0m
[1;93mExtract: [0m[1;92m[ [0m[0;91m78.75%[0m[1;92m ][0m
[1;93mExtract: [0m[1;92m[ [0m[0;91m78.77%[0m[1;92m ][0m
[1;93mExtract: [0m[1;92m[ [0m[0;91m78.80%[0m[1;92m ][0m
[1;93mExtract: [0m[1;92m[ [0m[0;91m78.83%[0m[1;92m ][0m
[1;93mExtract: [0m[1;92m[ [0m[0;91m78.86%[0m[1;92m ][0m
[1;93mExtract: [0m[1;92m[ [0m[0;91m78.88%[0m[1;92m ][0m
[1;93mExtract: [0m[1;92m[ [0m[0;91m78.91%[0m[1;92m ][0m
[1;93mExtract: [0m[1;92m[ [0m[0;91m78.94%[0m[1;92m ][0m
[1;93mExtract: [0m[1;92m[ [0m[0;91m78.96%[0m[1;92m ][0m
[1;93mExtract: [0m[1;92m[ [0m[0;91m78.99%[0m[1;92m ][0m
[1;93mExtract: [0m[1;92m[ [0m[0;91m79.02%[0m[1;92m ][0m
[1;93mExtract: [0m[1;92m[ [0m[0;91m79.05%[0m[1;92m ][0m
[1;93mExtract: [0m[1;92m[ [0m[0;91m79.07%[0m[1;92m ][0m
[1;93mExtract: [0m[1;92m[ [0m[0;91m79.10%[0m[1;92m ][0m
[1;93mExtract: [0m[1;92m[ [0m[0;91m79.13%[0m[1;92m ][0m
[1;93mExtract: [0m[1;92m[ [0m[0;91m79.15%[0m[1;92m ][0m
[1;93mExtract: [0m[1;92m[ [0m[0;91m79.18%[0m[1;92m ][0m
[1;93mExtract: [0m[1;92m[ [0m[0;91m79.21%[0m[1;92m ][0m
[1;93mExtract: [0m[1;92m[ [0m[0;91m79.24%[0m[1;92m ][0m
[1;93mExtract: [0m[1;92m[ [0m[0;91m79.26%[0m[1;92m ][0m
[1;93mExtract: [0m[1;92m[ [0m[0;91m79.29%[0m[1;92m ][0m
[1;93mExtract: [0m[1;92m[ [0m[0;91m79.32%[0m[1;92m ][0m
[1;93mExtract: [0m[1;92m[ [0m[0;91m79.34%[0m[1;92m ][0m
[1;93mExtract: [0m[1;92m[ [0m[0;91m79.37%[0m[1;92m ][0m
[1;93mExtract: [0m[1;92m[ [0m[0;91m79.40%[0m[1;92m ][0m
[1;93mExtract: [0m[1;92m[ [0m[0;91m79.43%[0m[1;92m ][0m
[1;93mExtract: [0m[1;92m[ [0m[0;91m79.45%[0m[1;92m ][0m
[1;93mExtract: [0m[1;92m[ [0m[0;91m79.48%[0m[1;92m ][0m
[1;93mExtract: [0m[1;92m[ [0m[0;91m79.51%[0m[1;92m ][0m
[1;93mExtract: [0m[1;92m[ [0m[0;91m79.53%[0m[1;92m ][0m
[1;93mExtract: [0m[1;92m[ [0m[0;91m79.56%[0m[1;92m ][0m
[1;93mExtract: [0m[1;92m[ [0m[0;91m79.59%[0m[1;92m ][0m
[1;93mExtract: [0m[1;92m[ [0m[0;91m79.62%[0m[1;92m ][0m
[1;93mExtract: [0m[1;92m[ [0m[0;91m79.64%[0m[1;92m ][0m
[1;93mExtract: [0m[1;92m[ [0m[0;91m79.67%[0m[1;92m ][0m
[1;93mExtract: [0m[1;92m[ [0m[0;91m79.70%[0m[1;92m ][0m
[1;93mExtract: [0m[1;92m[ [0m[0;91m79.72%[0m[1;92m ][0m
[1;93mExtract: [0m[1;92m[ [0m[0;91m79.75%[0m[1;92m ][0m
[1;93mExtract: [0m[1;92m[ [0m[0;91m79.78%[0m[1;92m ][0m
[1;93mExtract: [0m[1;92m[ [0m[0;91m79.80%[0m[1;92m ][0m
[1;93mExtract: [0m[1;92m[ [0m[0;91m79.83%[0m[1;92m ][0m
[1;93mExtract: [0m[1;92m[ [0m[0;91m79.86%[0m[1;92m ][0m
[1;93mExtract: [0m[1;92m[ [0m[0;91m79.89%[0m[1;92m ][0m
[1;93mExtract: [0m[1;92m[ [0m[0;91m79.91%[0m[1;92m ][0m
[1;93mExtract: [0m[1;92m[ [0m[0;91m79.94%[0m[1;92m ][0m
[1;93mExtract: [0m[1;92m[ [0m[0;91m79.97%[0m[1;92m ][0m
[1;93mExtract: [0m[1;92m[ [0m[0;91m79.99%[0m[1;92m ][0m
[1;93mExtract: [0m[1;92m[ [0m[0;91m80.02%[0m[1;92m ][0m
[1;93mExtract: [0m[1;92m[ [0m[0;91m80.05%[0m[1;92m ][0m
[1;93mExtract: [0m[1;92m[ [0m[0;91m80.08%[0m[1;92m ][0m
[1;93mExtract: [0m[1;92m[ [0m[0;91m80.10%[0m[1;92m ][0m
[1;93mExtract: [0m[1;92m[ [0m[0;91m80.13%[0m[1;92m ][0m
[1;93mExtract: [0m[1;92m[ [0m[0;91m80.16%[0m[1;92m ][0m
[1;93mExtract: [0m[1;92m[ [0m[0;91m80.18%[0m[1;92m ][0m
[1;93mExtract: [0m[1;92m[ [0m[0;91m80.21%[0m[1;92m ][0m
[1;93mExtract: [0m[1;92m[ [0m[0;91m80.24%[0m[1;92m ][0m
[1;93mExtract: [0m[1;92m[ [0m[0;91m80.27%[0m[1;92m ][0m
[1;93mExtract: [0m[1;92m[ [0m[0;91m80.29%[0m[1;92m ][0m
[1;93mExtract: [0m[1;92m[ [0m[0;91m80.32%[0m[1;92m ][0m
[1;93mExtract: [0m[1;92m[ [0m[0;91m80.35%[0m[1;92m ][0m
[1;93mExtract: [0m[1;92m[ [0m[0;91m80.37%[0m[1;92m ][0m
[1;93mExtract: [0m[1;92m[ [0m[0;91m80.40%[0m[1;92m ][0m
[1;93mExtract: [0m[1;92m[ [0m[0;91m80.43%[0m[1;92m ][0m
[1;93mExtract: [0m[1;92m[ [0m[0;91m80.46%[0m[1;92m ][0m
[1;93mExtract: [0m[1;92m[ [0m[0;91m80.48%[0m[1;92m ][0m
[1;93mExtract: [0m[1;92m[ [0m[0;91m80.51%[0m[1;92m ][0m
[1;93mExtract: [0m[1;92m[ [0m[0;91m80.54%[0m[1;92m ][0m
[1;93mExtract: [0m[1;92m[ [0m[0;91m80.56%[0m[1;92m ][0m
[1;93mExtract: [0m[1;92m[ [0m[0;91m80.59%[0m[1;92m ][0m
[1;93mExtract: [0m[1;92m[ [0m[0;91m80.62%[0m[1;92m ][0m
[1;93mExtract: [0m[1;92m[ [0m[0;91m80.65%[0m[1;92m ][0m
[1;93mExtract: [0m[1;92m[ [0m[0;91m80.67%[0m[1;92m ][0m
[1;93mExtract: [0m[1;92m[ [0m[0;91m80.70%[0m[1;92m ][0m
[1;93mExtract: [0m[1;92m[ [0m[0;91m80.73%[0m[1;92m ][0m
[1;93mExtract: [0m[1;92m[ [0m[0;91m80.75%[0m[1;92m ][0m
[1;93mExtract: [0m[1;92m[ [0m[0;91m80.78%[0m[1;92m ][0m
[1;93mExtract: [0m[1;92m[ [0m[0;91m80.81%[0m[1;92m ][0m
[1;93mExtract: [0m[1;92m[ [0m[0;91m80.83%[0m[1;92m ][0m
[1;93mExtract: [0m[1;92m[ [0m[0;91m80.86%[0m[1;92m ][0m
[1;93mExtract: [0m[1;92m[ [0m[0;91m80.89%[0m[1;92m ][0m
[1;93mExtract: [0m[1;92m[ [0m[0;91m80.92%[0m[1;92m ][0m
[1;93mExtract: [0m[1;92m[ [0m[0;91m80.94%[0m[1;92m ][0m
[1;93mExtract: [0m[1;92m[ [0m[0;91m80.97%[0m[1;92m ][0m
[1;93mExtract: [0m[1;92m[ [0m[0;91m81.00%[0m[1;92m ][0m
[1;93mExtract: [0m[1;92m[ [0m[0;91m81.02%[0m[1;92m ][0m
[1;93mExtract: [0m[1;92m[ [0m[0;91m81.05%[0m[1;92m ][0m
[1;93mExtract: [0m[1;92m[ [0m[0;91m81.08%[0m[1;92m ][0m
[1;93mExtract: [0m[1;92m[ [0m[0;91m81.11%[0m[1;92m ][0m
[1;93mExtract: [0m[1;92m[ [0m[0;91m81.13%[0m[1;92m ][0m
[1;93mExtract: [0m[1;92m[ [0m[0;91m81.16%[0m[1;92m ][0m
[1;93mExtract: [0m[1;92m[ [0m[0;91m81.19%[0m[1;92m ][0m
[1;93mExtract: [0m[1;92m[ [0m[0;91m81.21%[0m[1;92m ][0m
[1;93mExtract: [0m[1;92m[ [0m[0;91m81.24%[0m[1;92m ][0m
[1;93mExtract: [0m[1;92m[ [0m[0;91m81.27%[0m[1;92m ][0m
[1;93mExtract: [0m[1;92m[ [0m[0;91m81.30%[0m[1;92m ][0m
[1;93mExtract: [0m[1;92m[ [0m[0;91m81.32%[0m[1;92m ][0m
[1;93mExtract: [0m[1;92m[ [0m[0;91m81.35%[0m[1;92m ][0m
[1;93mExtract: [0m[1;92m[ [0m[0;91m81.38%[0m[1;92m ][0m
[1;93mExtract: [0m[1;92m[ [0m[0;91m81.40%[0m[1;92m ][0m
[1;93mExtract: [0m[1;92m[ [0m[0;91m81.43%[0m[1;92m ][0m
[1;93mExtract: [0m[1;92m[ [0m[0;91m81.46%[0m[1;92m ][0m
[1;93mExtract: [0m[1;92m[ [0m[0;91m81.49%[0m[1;92m ][0m
[1;93mExtract: [0m[1;92m[ [0m[0;91m81.51%[0m[1;92m ][0m
[1;93mExtract: [0m[1;92m[ [0m[0;91m81.54%[0m[1;92m ][0m
[1;93mExtract: [0m[1;92m[ [0m[0;91m81.57%[0m[1;92m ][0m
[1;93mExtract: [0m[1;92m[ [0m[0;91m81.59%[0m[1;92m ][0m
[1;93mExtract: [0m[1;92m[ [0m[0;91m81.62%[0m[1;92m ][0m
[1;93mExtract: [0m[1;92m[ [0m[0;91m81.65%[0m[1;92m ][0m
[1;93mExtract: [0m[1;92m[ [0m[0;91m81.68%[0m[1;92m ][0m
[1;93mExtract: [0m[1;92m[ [0m[0;91m81.70%[0m[1;92m ][0m
[1;93mExtract: [0m[1;92m[ [0m[0;91m81.73%[0m[1;92m ][0m
[1;93mExtract: [0m[1;92m[ [0m[0;91m81.76%[0m[1;92m ][0m
[1;93mExtract: [0m[1;92m[ [0m[0;91m81.78%[0m[1;92m ][0m
[1;93mExtract: [0m[1;92m[ [0m[0;91m81.81%[0m[1;92m ][0m
[1;93mExtract: [0m[1;92m[ [0m[0;91m81.84%[0m[1;92m ][0m
[1;93mExtract: [0m[1;92m[ [0m[0;91m81.87%[0m[1;92m ][0m
[1;93mExtract: [0m[1;92m[ [0m[0;91m81.89%[0m[1;92m ][0m
[1;93mExtract: [0m[1;92m[ [0m[0;91m81.92%[0m[1;92m ][0m
[1;93mExtract: [0m[1;92m[ [0m[0;91m81.95%[0m[1;92m ][0m
[1;93mExtract: [0m[1;92m[ [0m[0;91m81.97%[0m[1;92m ][0m
[1;93mExtract: [0m[1;92m[ [0m[0;91m82.00%[0m[1;92m ][0m
[1;93mExtract: [0m[1;92m[ [0m[0;91m82.03%[0m[1;92m ][0m
[1;93mExtract: [0m[1;92m[ [0m[0;91m82.05%[0m[1;92m ][0m
[1;93mExtract: [0m[1;92m[ [0m[0;91m82.08%[0m[1;92m ][0m
[1;93mExtract: [0m[1;92m[ [0m[0;91m82.11%[0m[1;92m ][0m
[1;93mExtract: [0m[1;92m[ [0m[0;91m82.14%[0m[1;92m ][0m
[1;93mExtract: [0m[1;92m[ [0m[0;91m82.16%[0m[1;92m ][0m
[1;93mExtract: [0m[1;92m[ [0m[0;91m82.19%[0m[1;92m ][0m
[1;93mExtract: [0m[1;92m[ [0m[0;91m82.22%[0m[1;92m ][0m
[1;93mExtract: [0m[1;92m[ [0m[0;91m82.24%[0m[1;92m ][0m
[1;93mExtract: [0m[1;92m[ [0m[0;91m82.27%[0m[1;92m ][0m
[1;93mExtract: [0m[1;92m[ [0m[0;91m82.30%[0m[1;92m ][0m
[1;93mExtract: [0m[1;92m[ [0m[0;91m82.33%[0m[1;92m ][0m
[1;93mExtract: [0m[1;92m[ [0m[0;91m82.35%[0m[1;92m ][0m
[1;93mExtract: [0m[1;92m[ [0m[0;91m82.38%[0m[1;92m ][0m
[1;93mExtract: [0m[1;92m[ [0m[0;91m82.41%[0m[1;92m ][0m
[1;93mExtract: [0m[1;92m[ [0m[0;91m82.43%[0m[1;92m ][0m
[1;93mExtract: [0m[1;92m[ [0m[0;91m82.46%[0m[1;92m ][0m
[1;93mExtract: [0m[1;92m[ [0m[0;91m82.49%[0m[1;92m ][0m
[1;93mExtract: [0m[1;92m[ [0m[0;91m82.52%[0m[1;92m ][0m
[1;93mExtract: [0m[1;92m[ [0m[0;91m82.54%[0m[1;92m ][0m
[1;93mExtract: [0m[1;92m[ [0m[0;91m82.57%[0m[1;92m ][0m
[1;93mExtract: [0m[1;92m[ [0m[0;91m82.60%[0m[1;92m ][0m
[1;93mExtract: [0m[1;92m[ [0m[0;91m82.62%[0m[1;92m ][0m
[1;93mExtract: [0m[1;92m[ [0m[0;91m82.65%[0m[1;92m ][0m
[1;93mExtract: [0m[1;92m[ [0m[0;91m82.68%[0m[1;92m ][0m
[1;93mExtract: [0m[1;92m[ [0m[0;91m82.71%[0m[1;92m ][0m
[1;93mExtract: [0m[1;92m[ [0m[0;91m82.73%[0m[1;92m ][0m
[1;93mExtract: [0m[1;92m[ [0m[0;91m82.76%[0m[1;92m ][0m
[1;93mExtract: [0m[1;92m[ [0m[0;91m82.79%[0m[1;92m ][0m
[1;93mExtract: [0m[1;92m[ [0m[0;91m82.81%[0m[1;92m ][0m
[1;93mExtract: [0m[1;92m[ [0m[0;91m82.84%[0m[1;92m ][0m
[1;93mExtract: [0m[1;92m[ [0m[0;91m82.87%[0m[1;92m ][0m
[1;93mExtract: [0m[1;92m[ [0m[0;91m82.90%[0m[1;92m ][0m
[1;93mExtract: [0m[1;92m[ [0m[0;91m82.92%[0m[1;92m ][0m
[1;93mExtract: [0m[1;92m[ [0m[0;91m82.95%[0m[1;92m ][0m
[1;93mExtract: [0m[1;92m[ [0m[0;91m82.98%[0m[1;92m ][0m
[1;93mExtract: [0m[1;92m[ [0m[0;91m83.00%[0m[1;92m ][0m
[1;93mExtract: [0m[1;92m[ [0m[0;91m83.03%[0m[1;92m ][0m
[1;93mExtract: [0m[1;92m[ [0m[0;91m83.06%[0m[1;92m ][0m
[1;93mExtract: [0m[1;92m[ [0m[0;91m83.08%[0m[1;92m ][0m
[1;93mExtract: [0m[1;92m[ [0m[0;91m83.11%[0m[1;92m ][0m
[1;93mExtract: [0m[1;92m[ [0m[0;91m83.14%[0m[1;92m ][0m
[1;93mExtract: [0m[1;92m[ [0m[0;91m83.17%[0m[1;92m ][0m
[1;93mExtract: [0m[1;92m[ [0m[0;91m83.19%[0m[1;92m ][0m
[1;93mExtract: [0m[1;92m[ [0m[0;91m83.22%[0m[1;92m ][0m
[1;93mExtract: [0m[1;92m[ [0m[0;91m83.25%[0m[1;92m ][0m
[1;93mExtract: [0m[1;92m[ [0m[0;91m83.27%[0m[1;92m ][0m
[1;93mExtract: [0m[1;92m[ [0m[0;91m83.30%[0m[1;92m ][0m
[1;93mExtract: [0m[1;92m[ [0m[0;91m83.33%[0m[1;92m ][0m
[1;93mExtract: [0m[1;92m[ [0m[0;91m83.36%[0m[1;92m ][0m
[1;93mExtract: [0m[1;92m[ [0m[0;91m83.38%[0m[1;92m ][0m
[1;93mExtract: [0m[1;92m[ [0m[0;91m83.41%[0m[1;92m ][0m
[1;93mExtract: [0m[1;92m[ [0m[0;91m83.44%[0m[1;92m ][0m
[1;93mExtract: [0m[1;92m[ [0m[0;91m83.46%[0m[1;92m ][0m
[1;93mExtract: [0m[1;92m[ [0m[0;91m83.49%[0m[1;92m ][0m
[1;93mExtract: [0m[1;92m[ [0m[0;91m83.52%[0m[1;92m ][0m
[1;93mExtract: [0m[1;92m[ [0m[0;91m83.55%[0m[1;92m ][0m
[1;93mExtract: [0m[1;92m[ [0m[0;91m83.57%[0m[1;92m ][0m
[1;93mExtract: [0m[1;92m[ [0m[0;91m83.60%[0m[1;92m ][0m
[1;93mExtract: [0m[1;92m[ [0m[0;91m83.63%[0m[1;92m ][0m
[1;93mExtract: [0m[1;92m[ [0m[0;91m83.65%[0m[1;92m ][0m
[1;93mExtract: [0m[1;92m[ [0m[0;91m83.68%[0m[1;92m ][0m
[1;93mExtract: [0m[1;92m[ [0m[0;91m83.71%[0m[1;92m ][0m
[1;93mExtract: [0m[1;92m[ [0m[0;91m83.74%[0m[1;92m ][0m
[1;93mExtract: [0m[1;92m[ [0m[0;91m83.76%[0m[1;92m ][0m
[1;93mExtract: [0m[1;92m[ [0m[0;91m83.79%[0m[1;92m ][0m
[1;93mExtract: [0m[1;92m[ [0m[0;91m83.82%[0m[1;92m ][0m
[1;93mExtract: [0m[1;92m[ [0m[0;91m83.84%[0m[1;92m ][0m
[1;93mExtract: [0m[1;92m[ [0m[0;91m83.87%[0m[1;92m ][0m
[1;93mExtract: [0m[1;92m[ [0m[0;91m83.90%[0m[1;92m ][0m
[1;93mExtract: [0m[1;92m[ [0m[0;91m83.93%[0m[1;92m ][0m
[1;93mExtract: [0m[1;92m[ [0m[0;91m83.95%[0m[1;92m ][0m
[1;93mExtract: [0m[1;92m[ [0m[0;91m83.98%[0m[1;92m ][0m
[1;93mExtract: [0m[1;92m[ [0m[0;91m84.01%[0m[1;92m ][0m
[1;93mExtract: [0m[1;92m[ [0m[0;91m84.03%[0m[1;92m ][0m
[1;93mExtract: [0m[1;92m[ [0m[0;91m84.06%[0m[1;92m ][0m
[1;93mExtract: [0m[1;92m[ [0m[0;91m84.09%[0m[1;92m ][0m
[1;93mExtract: [0m[1;92m[ [0m[0;91m84.11%[0m[1;92m ][0m
[1;93mExtract: [0m[1;92m[ [0m[0;91m84.14%[0m[1;92m ][0m
[1;93mExtract: [0m[1;92m[ [0m[0;91m84.17%[0m[1;92m ][0m
[1;93mExtract: [0m[1;92m[ [0m[0;91m84.20%[0m[1;92m ][0m
[1;93mExtract: [0m[1;92m[ [0m[0;91m84.22%[0m[1;92m ][0m
[1;93mExtract: [0m[1;92m[ [0m[0;91m84.25%[0m[1;92m ][0m
[1;93mExtract: [0m[1;92m[ [0m[0;91m84.28%[0m[1;92m ][0m
[1;93mExtract: [0m[1;92m[ [0m[0;91m84.30%[0m[1;92m ][0m
[1;93mExtract: [0m[1;92m[ [0m[0;91m84.33%[0m[1;92m ][0m
[1;93mExtract: [0m[1;92m[ [0m[0;91m84.36%[0m[1;92m ][0m
[1;93mExtract: [0m[1;92m[ [0m[0;91m84.39%[0m[1;92m ][0m
[1;93mExtract: [0m[1;92m[ [0m[0;91m84.41%[0m[1;92m ][0m
[1;93mExtract: [0m[1;92m[ [0m[0;91m84.44%[0m[1;92m ][0m
[1;93mExtract: [0m[1;92m[ [0m[0;91m84.47%[0m[1;92m ][0m
[1;93mExtract: [0m[1;92m[ [0m[0;91m84.49%[0m[1;92m ][0m
[1;93mExtract: [0m[1;92m[ [0m[0;91m84.52%[0m[1;92m ][0m
[1;93mExtract: [0m[1;92m[ [0m[0;91m84.55%[0m[1;92m ][0m
[1;93mExtract: [0m[1;92m[ [0m[0;91m84.58%[0m[1;92m ][0m
[1;93mExtract: [0m[1;92m[ [0m[0;91m84.60%[0m[1;92m ][0m
[1;93mExtract: [0m[1;92m[ [0m[0;91m84.63%[0m[1;92m ][0m
[1;93mExtract: [0m[1;92m[ [0m[0;91m84.66%[0m[1;92m ][0m
[1;93mExtract: [0m[1;92m[ [0m[0;91m84.68%[0m[1;92m ][0m
[1;93mExtract: [0m[1;92m[ [0m[0;91m84.71%[0m[1;92m ][0m
[1;93mExtract: [0m[1;92m[ [0m[0;91m84.74%[0m[1;92m ][0m
[1;93mExtract: [0m[1;92m[ [0m[0;91m84.77%[0m[1;92m ][0m
[1;93mExtract: [0m[1;92m[ [0m[0;91m84.79%[0m[1;92m ][0m
[1;93mExtract: [0m[1;92m[ [0m[0;91m84.82%[0m[1;92m ][0m
[1;93mExtract: [0m[1;92m[ [0m[0;91m84.85%[0m[1;92m ][0m
[1;93mExtract: [0m[1;92m[ [0m[0;91m84.87%[0m[1;92m ][0m
[1;93mExtract: [0m[1;92m[ [0m[0;91m84.90%[0m[1;92m ][0m
[1;93mExtract: [0m[1;92m[ [0m[0;91m84.93%[0m[1;92m ][0m
[1;93mExtract: [0m[1;92m[ [0m[0;91m84.96%[0m[1;92m ][0m
[1;93mExtract: [0m[1;92m[ [0m[0;91m84.98%[0m[1;92m ][0m
[1;93mExtract: [0m[1;92m[ [0m[0;91m85.01%[0m[1;92m ][0m
[1;93mExtract: [0m[1;92m[ [0m[0;91m85.04%[0m[1;92m ][0m
[1;93mExtract: [0m[1;92m[ [0m[0;91m85.06%[0m[1;92m ][0m
[1;93mExtract: [0m[1;92m[ [0m[0;91m85.09%[0m[1;92m ][0m
[1;93mExtract: [0m[1;92m[ [0m[0;91m85.12%[0m[1;92m ][0m
[1;93mExtract: [0m[1;92m[ [0m[0;91m85.15%[0m[1;92m ][0m
[1;93mExtract: [0m[1;92m[ [0m[0;91m85.17%[0m[1;92m ][0m
[1;93mExtract: [0m[1;92m[ [0m[0;91m85.20%[0m[1;92m ][0m
[1;93mExtract: [0m[1;92m[ [0m[0;91m85.23%[0m[1;92m ][0m
[1;93mExtract: [0m[1;92m[ [0m[0;91m85.25%[0m[1;92m ][0m
[1;93mExtract: [0m[1;92m[ [0m[0;91m85.28%[0m[1;92m ][0m
[1;93mExtract: [0m[1;92m[ [0m[0;91m85.31%[0m[1;92m ][0m
[1;93mExtract: [0m[1;92m[ [0m[0;91m85.33%[0m[1;92m ][0m
[1;93mExtract: [0m[1;92m[ [0m[0;91m85.36%[0m[1;92m ][0m
[1;93mExtract: [0m[1;92m[ [0m[0;91m85.39%[0m[1;92m ][0m
[1;93mExtract: [0m[1;92m[ [0m[0;91m85.42%[0m[1;92m ][0m
[1;93mExtract: [0m[1;92m[ [0m[0;91m85.44%[0m[1;92m ][0m
[1;93mExtract: [0m[1;92m[ [0m[0;91m85.47%[0m[1;92m ][0m
[1;93mExtract: [0m[1;92m[ [0m[0;91m85.50%[0m[1;92m ][0m
[1;93mExtract: [0m[1;92m[ [0m[0;91m85.52%[0m[1;92m ][0m
[1;93mExtract: [0m[1;92m[ [0m[0;91m85.55%[0m[1;92m ][0m
[1;93mExtract: [0m[1;92m[ [0m[0;91m85.58%[0m[1;92m ][0m
[1;93mExtract: [0m[1;92m[ [0m[0;91m85.61%[0m[1;92m ][0m
[1;93mExtract: [0m[1;92m[ [0m[0;91m85.63%[0m[1;92m ][0m
[1;93mExtract: [0m[1;92m[ [0m[0;91m85.66%[0m[1;92m ][0m
[1;93mExtract: [0m[1;92m[ [0m[0;91m85.69%[0m[1;92m ][0m
[1;93mExtract: [0m[1;92m[ [0m[0;91m85.71%[0m[1;92m ][0m
[1;93mExtract: [0m[1;92m[ [0m[0;91m85.74%[0m[1;92m ][0m
[1;93mExtract: [0m[1;92m[ [0m[0;91m85.77%[0m[1;92m ][0m
[1;93mExtract: [0m[1;92m[ [0m[0;91m85.80%[0m[1;92m ][0m
[1;93mExtract: [0m[1;92m[ [0m[0;91m85.82%[0m[1;92m ][0m
[1;93mExtract: [0m[1;92m[ [0m[0;91m85.85%[0m[1;92m ][0m
[1;93mExtract: [0m[1;92m[ [0m[0;91m85.88%[0m[1;92m ][0m
[1;93mExtract: [0m[1;92m[ [0m[0;91m85.90%[0m[1;92m ][0m
[1;93mExtract: [0m[1;92m[ [0m[0;91m85.93%[0m[1;92m ][0m
[1;93mExtract: [0m[1;92m[ [0m[0;91m85.96%[0m[1;92m ][0m
[1;93mExtract: [0m[1;92m[ [0m[0;91m85.99%[0m[1;92m ][0m
[1;93mExtract: [0m[1;92m[ [0m[0;91m86.01%[0m[1;92m ][0m
[1;93mExtract: [0m[1;92m[ [0m[0;91m86.04%[0m[1;92m ][0m
[1;93mExtract: [0m[1;92m[ [0m[0;91m86.07%[0m[1;92m ][0m
[1;93mExtract: [0m[1;92m[ [0m[0;91m86.09%[0m[1;92m ][0m
[1;93mExtract: [0m[1;92m[ [0m[0;91m86.12%[0m[1;92m ][0m
[1;93mExtract: [0m[1;92m[ [0m[0;91m86.15%[0m[1;92m ][0m
[1;93mExtract: [0m[1;92m[ [0m[0;91m86.18%[0m[1;92m ][0m
[1;93mExtract: [0m[1;92m[ [0m[0;91m86.20%[0m[1;92m ][0m
[1;93mExtract: [0m[1;92m[ [0m[0;91m86.23%[0m[1;92m ][0m
[1;93mExtract: [0m[1;92m[ [0m[0;91m86.26%[0m[1;92m ][0m
[1;93mExtract: [0m[1;92m[ [0m[0;91m86.28%[0m[1;92m ][0m
[1;93mExtract: [0m[1;92m[ [0m[0;91m86.31%[0m[1;92m ][0m
[1;93mExtract: [0m[1;92m[ [0m[0;91m86.34%[0m[1;92m ][0m
[1;93mExtract: [0m[1;92m[ [0m[0;91m86.36%[0m[1;92m ][0m
[1;93mExtract: [0m[1;92m[ [0m[0;91m86.39%[0m[1;92m ][0m
[1;93mExtract: [0m[1;92m[ [0m[0;91m86.42%[0m[1;92m ][0m
[1;93mExtract: [0m[1;92m[ [0m[0;91m86.45%[0m[1;92m ][0m
[1;93mExtract: [0m[1;92m[ [0m[0;91m86.47%[0m[1;92m ][0m
[1;93mExtract: [0m[1;92m[ [0m[0;91m86.50%[0m[1;92m ][0m
[1;93mExtract: [0m[1;92m[ [0m[0;91m86.53%[0m[1;92m ][0m
[1;93mExtract: [0m[1;92m[ [0m[0;91m86.55%[0m[1;92m ][0m
[1;93mExtract: [0m[1;92m[ [0m[0;91m86.58%[0m[1;92m ][0m
[1;93mExtract: [0m[1;92m[ [0m[0;91m86.61%[0m[1;92m ][0m
[1;93mExtract: [0m[1;92m[ [0m[0;91m86.64%[0m[1;92m ][0m
[1;93mExtract: [0m[1;92m[ [0m[0;91m86.66%[0m[1;92m ][0m
[1;93mExtract: [0m[1;92m[ [0m[0;91m86.69%[0m[1;92m ][0m
[1;93mExtract: [0m[1;92m[ [0m[0;91m86.72%[0m[1;92m ][0m
[1;93mExtract: [0m[1;92m[ [0m[0;91m86.74%[0m[1;92m ][0m
[1;93mExtract: [0m[1;92m[ [0m[0;91m86.77%[0m[1;92m ][0m
[1;93mExtract: [0m[1;92m[ [0m[0;91m86.80%[0m[1;92m ][0m
[1;93mExtract: [0m[1;92m[ [0m[0;91m86.83%[0m[1;92m ][0m
[1;93mExtract: [0m[1;92m[ [0m[0;91m86.85%[0m[1;92m ][0m
[1;93mExtract: [0m[1;92m[ [0m[0;91m86.88%[0m[1;92m ][0m
[1;93mExtract: [0m[1;92m[ [0m[0;91m86.91%[0m[1;92m ][0m
[1;93mExtract: [0m[1;92m[ [0m[0;91m86.93%[0m[1;92m ][0m
[1;93mExtract: [0m[1;92m[ [0m[0;91m86.96%[0m[1;92m ][0m
[1;93mExtract: [0m[1;92m[ [0m[0;91m86.99%[0m[1;92m ][0m
[1;93mExtract: [0m[1;92m[ [0m[0;91m87.02%[0m[1;92m ][0m
[1;93mExtract: [0m[1;92m[ [0m[0;91m87.04%[0m[1;92m ][0m
[1;93mExtract: [0m[1;92m[ [0m[0;91m87.07%[0m[1;92m ][0m
[1;93mExtract: [0m[1;92m[ [0m[0;91m87.10%[0m[1;92m ][0m
[1;93mExtract: [0m[1;92m[ [0m[0;91m87.12%[0m[1;92m ][0m
[1;93mExtract: [0m[1;92m[ [0m[0;91m87.15%[0m[1;92m ][0m
[1;93mExtract: [0m[1;92m[ [0m[0;91m87.18%[0m[1;92m ][0m
[1;93mExtract: [0m[1;92m[ [0m[0;91m87.21%[0m[1;92m ][0m
[1;93mExtract: [0m[1;92m[ [0m[0;91m87.23%[0m[1;92m ][0m
[1;93mExtract: [0m[1;92m[ [0m[0;91m87.26%[0m[1;92m ][0m
[1;93mExtract: [0m[1;92m[ [0m[0;91m87.29%[0m[1;92m ][0m
[1;93mExtract: [0m[1;92m[ [0m[0;91m87.31%[0m[1;92m ][0m
[1;93mExtract: [0m[1;92m[ [0m[0;91m87.34%[0m[1;92m ][0m
[1;93mExtract: [0m[1;92m[ [0m[0;91m87.37%[0m[1;92m ][0m
[1;93mExtract: [0m[1;92m[ [0m[0;91m87.39%[0m[1;92m ][0m
[1;93mExtract: [0m[1;92m[ [0m[0;91m87.42%[0m[1;92m ][0m
[1;93mExtract: [0m[1;92m[ [0m[0;91m87.45%[0m[1;92m ][0m
[1;93mExtract: [0m[1;92m[ [0m[0;91m87.48%[0m[1;92m ][0m
[1;93mExtract: [0m[1;92m[ [0m[0;91m87.50%[0m[1;92m ][0m
[1;93mExtract: [0m[1;92m[ [0m[0;91m87.53%[0m[1;92m ][0m
[1;93mExtract: [0m[1;92m[ [0m[0;91m87.56%[0m[1;92m ][0m
[1;93mExtract: [0m[1;92m[ [0m[0;91m87.58%[0m[1;92m ][0m
[1;93mExtract: [0m[1;92m[ [0m[0;91m87.61%[0m[1;92m ][0m
[1;93mExtract: [0m[1;92m[ [0m[0;91m87.64%[0m[1;92m ][0m
[1;93mExtract: [0m[1;92m[ [0m[0;91m87.67%[0m[1;92m ][0m
[1;93mExtract: [0m[1;92m[ [0m[0;91m87.69%[0m[1;92m ][0m
[1;93mExtract: [0m[1;92m[ [0m[0;91m87.72%[0m[1;92m ][0m
[1;93mExtract: [0m[1;92m[ [0m[0;91m87.75%[0m[1;92m ][0m
[1;93mExtract: [0m[1;92m[ [0m[0;91m87.77%[0m[1;92m ][0m
[1;93mExtract: [0m[1;92m[ [0m[0;91m87.80%[0m[1;92m ][0m
[1;93mExtract: [0m[1;92m[ [0m[0;91m87.83%[0m[1;92m ][0m
[1;93mExtract: [0m[1;92m[ [0m[0;91m87.86%[0m[1;92m ][0m
[1;93mExtract: [0m[1;92m[ [0m[0;91m87.88%[0m[1;92m ][0m
[1;93mExtract: [0m[1;92m[ [0m[0;91m87.91%[0m[1;92m ][0m
[1;93mExtract: [0m[1;92m[ [0m[0;91m87.94%[0m[1;92m ][0m
[1;93mExtract: [0m[1;92m[ [0m[0;91m87.96%[0m[1;92m ][0m
[1;93mExtract: [0m[1;92m[ [0m[0;91m87.99%[0m[1;92m ][0m
[1;93mExtract: [0m[1;92m[ [0m[0;91m88.02%[0m[1;92m ][0m
[1;93mExtract: [0m[1;92m[ [0m[0;91m88.05%[0m[1;92m ][0m
[1;93mExtract: [0m[1;92m[ [0m[0;91m88.07%[0m[1;92m ][0m
[1;93mExtract: [0m[1;92m[ [0m[0;91m88.10%[0m[1;92m ][0m
[1;93mExtract: [0m[1;92m[ [0m[0;91m88.13%[0m[1;92m ][0m
[1;93mExtract: [0m[1;92m[ [0m[0;91m88.15%[0m[1;92m ][0m
[1;93mExtract: [0m[1;92m[ [0m[0;91m88.18%[0m[1;92m ][0m
[1;93mExtract: [0m[1;92m[ [0m[0;91m88.21%[0m[1;92m ][0m
[1;93mExtract: [0m[1;92m[ [0m[0;91m88.24%[0m[1;92m ][0m
[1;93mExtract: [0m[1;92m[ [0m[0;91m88.26%[0m[1;92m ][0m
[1;93mExtract: [0m[1;92m[ [0m[0;91m88.29%[0m[1;92m ][0m
[1;93mExtract: [0m[1;92m[ [0m[0;91m88.32%[0m[1;92m ][0m
[1;93mExtract: [0m[1;92m[ [0m[0;91m88.34%[0m[1;92m ][0m
[1;93mExtract: [0m[1;92m[ [0m[0;91m88.37%[0m[1;92m ][0m
[1;93mExtract: [0m[1;92m[ [0m[0;91m88.40%[0m[1;92m ][0m
[1;93mExtract: [0m[1;92m[ [0m[0;91m88.43%[0m[1;92m ][0m
[1;93mExtract: [0m[1;92m[ [0m[0;91m88.45%[0m[1;92m ][0m
[1;93mExtract: [0m[1;92m[ [0m[0;91m88.48%[0m[1;92m ][0m
[1;93mExtract: [0m[1;92m[ [0m[0;91m88.51%[0m[1;92m ][0m
[1;93mExtract: [0m[1;92m[ [0m[0;91m88.53%[0m[1;92m ][0m
[1;93mExtract: [0m[1;92m[ [0m[0;91m88.56%[0m[1;92m ][0m
[1;93mExtract: [0m[1;92m[ [0m[0;91m88.59%[0m[1;92m ][0m
[1;93mExtract: [0m[1;92m[ [0m[0;91m88.61%[0m[1;92m ][0m
[1;93mExtract: [0m[1;92m[ [0m[0;91m88.64%[0m[1;92m ][0m
[1;93mExtract: [0m[1;92m[ [0m[0;91m88.67%[0m[1;92m ][0m
[1;93mExtract: [0m[1;92m[ [0m[0;91m88.70%[0m[1;92m ][0m
[1;93mExtract: [0m[1;92m[ [0m[0;91m88.72%[0m[1;92m ][0m
[1;93mExtract: [0m[1;92m[ [0m[0;91m88.75%[0m[1;92m ][0m
[1;93mExtract: [0m[1;92m[ [0m[0;91m88.78%[0m[1;92m ][0m
[1;93mExtract: [0m[1;92m[ [0m[0;91m88.80%[0m[1;92m ][0m
[1;93mExtract: [0m[1;92m[ [0m[0;91m88.83%[0m[1;92m ][0m
[1;93mExtract: [0m[1;92m[ [0m[0;91m88.86%[0m[1;92m ][0m
[1;93mExtract: [0m[1;92m[ [0m[0;91m88.89%[0m[1;92m ][0m
[1;93mExtract: [0m[1;92m[ [0m[0;91m88.91%[0m[1;92m ][0m
[1;93mExtract: [0m[1;92m[ [0m[0;91m88.94%[0m[1;92m ][0m
[1;93mExtract: [0m[1;92m[ [0m[0;91m88.97%[0m[1;92m ][0m
[1;93mExtract: [0m[1;92m[ [0m[0;91m88.99%[0m[1;92m ][0m
[1;93mExtract: [0m[1;92m[ [0m[0;91m89.02%[0m[1;92m ][0m
[1;93mExtract: [0m[1;92m[ [0m[0;91m89.05%[0m[1;92m ][0m
[1;93mExtract: [0m[1;92m[ [0m[0;91m89.08%[0m[1;92m ][0m
[1;93mExtract: [0m[1;92m[ [0m[0;91m89.10%[0m[1;92m ][0m
[1;93mExtract: [0m[1;92m[ [0m[0;91m89.13%[0m[1;92m ][0m
[1;93mExtract: [0m[1;92m[ [0m[0;91m89.16%[0m[1;92m ][0m
[1;93mExtract: [0m[1;92m[ [0m[0;91m89.18%[0m[1;92m ][0m
[1;93mExtract: [0m[1;92m[ [0m[0;91m89.21%[0m[1;92m ][0m
[1;93mExtract: [0m[1;92m[ [0m[0;91m89.24%[0m[1;92m ][0m
[1;93mExtract: [0m[1;92m[ [0m[0;91m89.27%[0m[1;92m ][0m
[1;93mExtract: [0m[1;92m[ [0m[0;91m89.29%[0m[1;92m ][0m
[1;93mExtract: [0m[1;92m[ [0m[0;91m89.32%[0m[1;92m ][0m
[1;93mExtract: [0m[1;92m[ [0m[0;91m89.35%[0m[1;92m ][0m
[1;93mExtract: [0m[1;92m[ [0m[0;91m89.37%[0m[1;92m ][0m
[1;93mExtract: [0m[1;92m[ [0m[0;91m89.40%[0m[1;92m ][0m
[1;93mExtract: [0m[1;92m[ [0m[0;91m89.43%[0m[1;92m ][0m
[1;93mExtract: [0m[1;92m[ [0m[0;91m89.46%[0m[1;92m ][0m
[1;93mExtract: [0m[1;92m[ [0m[0;91m89.48%[0m[1;92m ][0m
[1;93mExtract: [0m[1;92m[ [0m[0;91m89.51%[0m[1;92m ][0m
[1;93mExtract: [0m[1;92m[ [0m[0;91m89.54%[0m[1;92m ][0m
[1;93mExtract: [0m[1;92m[ [0m[0;91m89.56%[0m[1;92m ][0m
[1;93mExtract: [0m[1;92m[ [0m[0;91m89.59%[0m[1;92m ][0m
[1;93mExtract: [0m[1;92m[ [0m[0;91m89.62%[0m[1;92m ][0m
[1;93mExtract: [0m[1;92m[ [0m[0;91m89.64%[0m[1;92m ][0m
[1;93mExtract: [0m[1;92m[ [0m[0;91m89.67%[0m[1;92m ][0m
[1;93mExtract: [0m[1;92m[ [0m[0;91m89.70%[0m[1;92m ][0m
[1;93mExtract: [0m[1;92m[ [0m[0;91m89.73%[0m[1;92m ][0m
[1;93mExtract: [0m[1;92m[ [0m[0;91m89.75%[0m[1;92m ][0m
[1;93mExtract: [0m[1;92m[ [0m[0;91m89.78%[0m[1;92m ][0m
[1;93mExtract: [0m[1;92m[ [0m[0;91m89.81%[0m[1;92m ][0m
[1;93mExtract: [0m[1;92m[ [0m[0;91m89.83%[0m[1;92m ][0m
[1;93mExtract: [0m[1;92m[ [0m[0;91m89.86%[0m[1;92m ][0m
[1;93mExtract: [0m[1;92m[ [0m[0;91m89.89%[0m[1;92m ][0m
[1;93mExtract: [0m[1;92m[ [0m[0;91m89.92%[0m[1;92m ][0m
[1;93mExtract: [0m[1;92m[ [0m[0;91m89.94%[0m[1;92m ][0m
[1;93mExtract: [0m[1;92m[ [0m[0;91m89.97%[0m[1;92m ][0m
[1;93mExtract: [0m[1;92m[ [0m[0;91m90.00%[0m[1;92m ][0m
[1;93mExtract: [0m[1;92m[ [0m[0;91m90.02%[0m[1;92m ][0m
[1;93mExtract: [0m[1;92m[ [0m[0;91m90.05%[0m[1;92m ][0m
[1;93mExtract: [0m[1;92m[ [0m[0;91m90.08%[0m[1;92m ][0m
[1;93mExtract: [0m[1;92m[ [0m[0;91m90.11%[0m[1;92m ][0m
[1;93mExtract: [0m[1;92m[ [0m[0;91m90.13%[0m[1;92m ][0m
[1;93mExtract: [0m[1;92m[ [0m[0;91m90.16%[0m[1;92m ][0m
[1;93mExtract: [0m[1;92m[ [0m[0;91m90.19%[0m[1;92m ][0m
[1;93mExtract: [0m[1;92m[ [0m[0;91m90.21%[0m[1;92m ][0m
[1;93mExtract: [0m[1;92m[ [0m[0;91m90.24%[0m[1;92m ][0m
[1;93mExtract: [0m[1;92m[ [0m[0;91m90.27%[0m[1;92m ][0m
[1;93mExtract: [0m[1;92m[ [0m[0;91m90.30%[0m[1;92m ][0m
[1;93mExtract: [0m[1;92m[ [0m[0;91m90.32%[0m[1;92m ][0m
[1;93mExtract: [0m[1;92m[ [0m[0;91m90.35%[0m[1;92m ][0m
[1;93mExtract: [0m[1;92m[ [0m[0;91m90.38%[0m[1;92m ][0m
[1;93mExtract: [0m[1;92m[ [0m[0;91m90.40%[0m[1;92m ][0m
[1;93mExtract: [0m[1;92m[ [0m[0;91m90.43%[0m[1;92m ][0m
[1;93mExtract: [0m[1;92m[ [0m[0;91m90.46%[0m[1;92m ][0m
[1;93mExtract: [0m[1;92m[ [0m[0;91m90.49%[0m[1;92m ][0m
[1;93mExtract: [0m[1;92m[ [0m[0;91m90.51%[0m[1;92m ][0m
[1;93mExtract: [0m[1;92m[ [0m[0;91m90.54%[0m[1;92m ][0m
[1;93mExtract: [0m[1;92m[ [0m[0;91m90.57%[0m[1;92m ][0m
[1;93mExtract: [0m[1;92m[ [0m[0;91m90.59%[0m[1;92m ][0m
[1;93mExtract: [0m[1;92m[ [0m[0;91m90.62%[0m[1;92m ][0m
[1;93mExtract: [0m[1;92m[ [0m[0;91m90.65%[0m[1;92m ][0m
[1;93mExtract: [0m[1;92m[ [0m[0;91m90.67%[0m[1;92m ][0m
[1;93mExtract: [0m[1;92m[ [0m[0;91m90.70%[0m[1;92m ][0m
[1;93mExtract: [0m[1;92m[ [0m[0;91m90.73%[0m[1;92m ][0m
[1;93mExtract: [0m[1;92m[ [0m[0;91m90.76%[0m[1;92m ][0m
[1;93mExtract: [0m[1;92m[ [0m[0;91m90.78%[0m[1;92m ][0m
[1;93mExtract: [0m[1;92m[ [0m[0;91m90.81%[0m[1;92m ][0m
[1;93mExtract: [0m[1;92m[ [0m[0;91m90.84%[0m[1;92m ][0m
[1;93mExtract: [0m[1;92m[ [0m[0;91m90.86%[0m[1;92m ][0m
[1;93mExtract: [0m[1;92m[ [0m[0;91m90.89%[0m[1;92m ][0m
[1;93mExtract: [0m[1;92m[ [0m[0;91m90.92%[0m[1;92m ][0m
[1;93mExtract: [0m[1;92m[ [0m[0;91m90.95%[0m[1;92m ][0m
[1;93mExtract: [0m[1;92m[ [0m[0;91m90.97%[0m[1;92m ][0m
[1;93mExtract: [0m[1;92m[ [0m[0;91m91.00%[0m[1;92m ][0m
[1;93mExtract: [0m[1;92m[ [0m[0;91m91.03%[0m[1;92m ][0m
[1;93mExtract: [0m[1;92m[ [0m[0;91m91.05%[0m[1;92m ][0m
[1;93mExtract: [0m[1;92m[ [0m[0;91m91.08%[0m[1;92m ][0m
[1;93mExtract: [0m[1;92m[ [0m[0;91m91.11%[0m[1;92m ][0m
[1;93mExtract: [0m[1;92m[ [0m[0;91m91.14%[0m[1;92m ][0m
[1;93mExtract: [0m[1;92m[ [0m[0;91m91.16%[0m[1;92m ][0m
[1;93mExtract: [0m[1;92m[ [0m[0;91m91.19%[0m[1;92m ][0m
[1;93mExtract: [0m[1;92m[ [0m[0;91m91.22%[0m[1;92m ][0m
[1;93mExtract: [0m[1;92m[ [0m[0;91m91.24%[0m[1;92m ][0m
[1;93mExtract: [0m[1;92m[ [0m[0;91m91.27%[0m[1;92m ][0m
[1;93mExtract: [0m[1;92m[ [0m[0;91m91.30%[0m[1;92m ][0m
[1;93mExtract: [0m[1;92m[ [0m[0;91m91.33%[0m[1;92m ][0m
[1;93mExtract: [0m[1;92m[ [0m[0;91m91.35%[0m[1;92m ][0m
[1;93mExtract: [0m[1;92m[ [0m[0;91m91.38%[0m[1;92m ][0m
[1;93mExtract: [0m[1;92m[ [0m[0;91m91.41%[0m[1;92m ][0m
[1;93mExtract: [0m[1;92m[ [0m[0;91m91.43%[0m[1;92m ][0m
[1;93mExtract: [0m[1;92m[ [0m[0;91m91.46%[0m[1;92m ][0m
[1;93mExtract: [0m[1;92m[ [0m[0;91m91.49%[0m[1;92m ][0m
[1;93mExtract: [0m[1;92m[ [0m[0;91m91.52%[0m[1;92m ][0m
[1;93mExtract: [0m[1;92m[ [0m[0;91m91.54%[0m[1;92m ][0m
[1;93mExtract: [0m[1;92m[ [0m[0;91m91.57%[0m[1;92m ][0m
[1;93mExtract: [0m[1;92m[ [0m[0;91m91.60%[0m[1;92m ][0m
[1;93mExtract: [0m[1;92m[ [0m[0;91m91.62%[0m[1;92m ][0m
[1;93mExtract: [0m[1;92m[ [0m[0;91m91.65%[0m[1;92m ][0m
[1;93mExtract: [0m[1;92m[ [0m[0;91m91.68%[0m[1;92m ][0m
[1;93mExtract: [0m[1;92m[ [0m[0;91m91.71%[0m[1;92m ][0m
[1;93mExtract: [0m[1;92m[ [0m[0;91m91.73%[0m[1;92m ][0m
[1;93mExtract: [0m[1;92m[ [0m[0;91m91.76%[0m[1;92m ][0m
[1;93mExtract: [0m[1;92m[ [0m[0;91m91.79%[0m[1;92m ][0m
[1;93mExtract: [0m[1;92m[ [0m[0;91m91.81%[0m[1;92m ][0m
[1;93mExtract: [0m[1;92m[ [0m[0;91m91.84%[0m[1;92m ][0m
[1;93mExtract: [0m[1;92m[ [0m[0;91m91.87%[0m[1;92m ][0m
[1;93mExtract: [0m[1;92m[ [0m[0;91m91.89%[0m[1;92m ][0m
[1;93mExtract: [0m[1;92m[ [0m[0;91m91.92%[0m[1;92m ][0m
[1;93mExtract: [0m[1;92m[ [0m[0;91m91.95%[0m[1;92m ][0m
[1;93mExtract: [0m[1;92m[ [0m[0;91m91.98%[0m[1;92m ][0m
[1;93mExtract: [0m[1;92m[ [0m[0;91m92.00%[0m[1;92m ][0m
[1;93mExtract: [0m[1;92m[ [0m[0;91m92.03%[0m[1;92m ][0m
[1;93mExtract: [0m[1;92m[ [0m[0;91m92.06%[0m[1;92m ][0m
[1;93mExtract: [0m[1;92m[ [0m[0;91m92.08%[0m[1;92m ][0m
[1;93mExtract: [0m[1;92m[ [0m[0;91m92.11%[0m[1;92m ][0m
[1;93mExtract: [0m[1;92m[ [0m[0;91m92.14%[0m[1;92m ][0m
[1;93mExtract: [0m[1;92m[ [0m[0;91m92.17%[0m[1;92m ][0m
[1;93mExtract: [0m[1;92m[ [0m[0;91m92.19%[0m[1;92m ][0m
[1;93mExtract: [0m[1;92m[ [0m[0;91m92.22%[0m[1;92m ][0m
[1;93mExtract: [0m[1;92m[ [0m[0;91m92.25%[0m[1;92m ][0m
[1;93mExtract: [0m[1;92m[ [0m[0;91m92.27%[0m[1;92m ][0m
[1;93mExtract: [0m[1;92m[ [0m[0;91m92.30%[0m[1;92m ][0m
[1;93mExtract: [0m[1;92m[ [0m[0;91m92.33%[0m[1;92m ][0m
[1;93mExtract: [0m[1;92m[ [0m[0;91m92.36%[0m[1;92m ][0m
[1;93mExtract: [0m[1;92m[ [0m[0;91m92.38%[0m[1;92m ][0m
[1;93mExtract: [0m[1;92m[ [0m[0;91m92.41%[0m[1;92m ][0m
[1;93mExtract: [0m[1;92m[ [0m[0;91m92.44%[0m[1;92m ][0m
[1;93mExtract: [0m[1;92m[ [0m[0;91m92.46%[0m[1;92m ][0m
[1;93mExtract: [0m[1;92m[ [0m[0;91m92.49%[0m[1;92m ][0m
[1;93mExtract: [0m[1;92m[ [0m[0;91m92.52%[0m[1;92m ][0m
[1;93mExtract: [0m[1;92m[ [0m[0;91m92.55%[0m[1;92m ][0m
[1;93mExtract: [0m[1;92m[ [0m[0;91m92.57%[0m[1;92m ][0m
[1;93mExtract: [0m[1;92m[ [0m[0;91m92.60%[0m[1;92m ][0m
[1;93mExtract: [0m[1;92m[ [0m[0;91m92.63%[0m[1;92m ][0m
[1;93mExtract: [0m[1;92m[ [0m[0;91m92.65%[0m[1;92m ][0m
[1;93mExtract: [0m[1;92m[ [0m[0;91m92.68%[0m[1;92m ][0m
[1;93mExtract: [0m[1;92m[ [0m[0;91m92.71%[0m[1;92m ][0m
[1;93mExtract: [0m[1;92m[ [0m[0;91m92.74%[0m[1;92m ][0m
[1;93mExtract: [0m[1;92m[ [0m[0;91m92.76%[0m[1;92m ][0m
[1;93mExtract: [0m[1;92m[ [0m[0;91m92.79%[0m[1;92m ][0m
[1;93mExtract: [0m[1;92m[ [0m[0;91m92.82%[0m[1;92m ][0m
[1;93mExtract: [0m[1;92m[ [0m[0;91m92.84%[0m[1;92m ][0m
[1;93mExtract: [0m[1;92m[ [0m[0;91m92.87%[0m[1;92m ][0m
[1;93mExtract: [0m[1;92m[ [0m[0;91m92.90%[0m[1;92m ][0m
[1;93mExtract: [0m[1;92m[ [0m[0;91m92.92%[0m[1;92m ][0m
[1;93mExtract: [0m[1;92m[ [0m[0;91m92.95%[0m[1;92m ][0m
[1;93mExtract: [0m[1;92m[ [0m[0;91m92.98%[0m[1;92m ][0m
[1;93mExtract: [0m[1;92m[ [0m[0;91m93.01%[0m[1;92m ][0m
[1;93mExtract: [0m[1;92m[ [0m[0;91m93.03%[0m[1;92m ][0m
[1;93mExtract: [0m[1;92m[ [0m[0;91m93.06%[0m[1;92m ][0m
[1;93mExtract: [0m[1;92m[ [0m[0;91m93.09%[0m[1;92m ][0m
[1;93mExtract: [0m[1;92m[ [0m[0;91m93.11%[0m[1;92m ][0m
[1;93mExtract: [0m[1;92m[ [0m[0;91m93.14%[0m[1;92m ][0m
[1;93mExtract: [0m[1;92m[ [0m[0;91m93.17%[0m[1;92m ][0m
[1;93mExtract: [0m[1;92m[ [0m[0;91m93.20%[0m[1;92m ][0m
[1;93mExtract: [0m[1;92m[ [0m[0;91m93.22%[0m[1;92m ][0m
[1;93mExtract: [0m[1;92m[ [0m[0;91m93.25%[0m[1;92m ][0m
[1;93mExtract: [0m[1;92m[ [0m[0;91m93.28%[0m[1;92m ][0m
[1;93mExtract: [0m[1;92m[ [0m[0;91m93.30%[0m[1;92m ][0m
[1;93mExtract: [0m[1;92m[ [0m[0;91m93.33%[0m[1;92m ][0m
[1;93mExtract: [0m[1;92m[ [0m[0;91m93.36%[0m[1;92m ][0m
[1;93mExtract: [0m[1;92m[ [0m[0;91m93.39%[0m[1;92m ][0m
[1;93mExtract: [0m[1;92m[ [0m[0;91m93.41%[0m[1;92m ][0m
[1;93mExtract: [0m[1;92m[ [0m[0;91m93.44%[0m[1;92m ][0m
[1;93mExtract: [0m[1;92m[ [0m[0;91m93.47%[0m[1;92m ][0m
[1;93mExtract: [0m[1;92m[ [0m[0;91m93.49%[0m[1;92m ][0m
[1;93mExtract: [0m[1;92m[ [0m[0;91m93.52%[0m[1;92m ][0m
[1;93mExtract: [0m[1;92m[ [0m[0;91m93.55%[0m[1;92m ][0m
[1;93mExtract: [0m[1;92m[ [0m[0;91m93.58%[0m[1;92m ][0m
[1;93mExtract: [0m[1;92m[ [0m[0;91m93.60%[0m[1;92m ][0m
[1;93mExtract: [0m[1;92m[ [0m[0;91m93.63%[0m[1;92m ][0m
[1;93mExtract: [0m[1;92m[ [0m[0;91m93.66%[0m[1;92m ][0m
[1;93mExtract: [0m[1;92m[ [0m[0;91m93.68%[0m[1;92m ][0m
[1;93mExtract: [0m[1;92m[ [0m[0;91m93.71%[0m[1;92m ][0m
[1;93mExtract: [0m[1;92m[ [0m[0;91m93.74%[0m[1;92m ][0m
[1;93mExtract: [0m[1;92m[ [0m[0;91m93.77%[0m[1;92m ][0m
[1;93mExtract: [0m[1;92m[ [0m[0;91m93.79%[0m[1;92m ][0m
[1;93mExtract: [0m[1;92m[ [0m[0;91m93.82%[0m[1;92m ][0m
[1;93mExtract: [0m[1;92m[ [0m[0;91m93.85%[0m[1;92m ][0m
[1;93mExtract: [0m[1;92m[ [0m[0;91m93.87%[0m[1;92m ][0m
[1;93mExtract: [0m[1;92m[ [0m[0;91m93.90%[0m[1;92m ][0m
[1;93mExtract: [0m[1;92m[ [0m[0;91m93.93%[0m[1;92m ][0m
[1;93mExtract: [0m[1;92m[ [0m[0;91m93.96%[0m[1;92m ][0m
[1;93mExtract: [0m[1;92m[ [0m[0;91m93.98%[0m[1;92m ][0m
[1;93mExtract: [0m[1;92m[ [0m[0;91m94.01%[0m[1;92m ][0m
[1;93mExtract: [0m[1;92m[ [0m[0;91m94.04%[0m[1;92m ][0m
[1;93mExtract: [0m[1;92m[ [0m[0;91m94.06%[0m[1;92m ][0m
[1;93mExtract: [0m[1;92m[ [0m[0;91m94.09%[0m[1;92m ][0m
[1;93mExtract: [0m[1;92m[ [0m[0;91m94.12%[0m[1;92m ][0m
[1;93mExtract: [0m[1;92m[ [0m[0;91m94.14%[0m[1;92m ][0m
[1;93mExtract: [0m[1;92m[ [0m[0;91m94.17%[0m[1;92m ][0m
[1;93mExtract: [0m[1;92m[ [0m[0;91m94.20%[0m[1;92m ][0m
[1;93mExtract: [0m[1;92m[ [0m[0;91m94.23%[0m[1;92m ][0m
[1;93mExtract: [0m[1;92m[ [0m[0;91m94.25%[0m[1;92m ][0m
[1;93mExtract: [0m[1;92m[ [0m[0;91m94.28%[0m[1;92m ][0m
[1;93mExtract: [0m[1;92m[ [0m[0;91m94.31%[0m[1;92m ][0m
[1;93mExtract: [0m[1;92m[ [0m[0;91m94.33%[0m[1;92m ][0m
[1;93mExtract: [0m[1;92m[ [0m[0;91m94.36%[0m[1;92m ][0m
[1;93mExtract: [0m[1;92m[ [0m[0;91m94.39%[0m[1;92m ][0m
[1;93mExtract: [0m[1;92m[ [0m[0;91m94.42%[0m[1;92m ][0m
[1;93mExtract: [0m[1;92m[ [0m[0;91m94.44%[0m[1;92m ][0m
[1;93mExtract: [0m[1;92m[ [0m[0;91m94.47%[0m[1;92m ][0m
[1;93mExtract: [0m[1;92m[ [0m[0;91m94.50%[0m[1;92m ][0m
[1;93mExtract: [0m[1;92m[ [0m[0;91m94.52%[0m[1;92m ][0m
[1;93mExtract: [0m[1;92m[ [0m[0;91m94.55%[0m[1;92m ][0m
[1;93mExtract: [0m[1;92m[ [0m[0;91m94.58%[0m[1;92m ][0m
[1;93mExtract: [0m[1;92m[ [0m[0;91m94.61%[0m[1;92m ][0m
[1;93mExtract: [0m[1;92m[ [0m[0;91m94.63%[0m[1;92m ][0m
[1;93mExtract: [0m[1;92m[ [0m[0;91m94.66%[0m[1;92m ][0m
[1;93mExtract: [0m[1;92m[ [0m[0;91m94.69%[0m[1;92m ][0m
[1;93mExtract: [0m[1;92m[ [0m[0;91m94.71%[0m[1;92m ][0m
[1;93mExtract: [0m[1;92m[ [0m[0;91m94.74%[0m[1;92m ][0m
[1;93mExtract: [0m[1;92m[ [0m[0;91m94.77%[0m[1;92m ][0m
[1;93mExtract: [0m[1;92m[ [0m[0;91m94.80%[0m[1;92m ][0m
[1;93mExtract: [0m[1;92m[ [0m[0;91m94.82%[0m[1;92m ][0m
[1;93mExtract: [0m[1;92m[ [0m[0;91m94.85%[0m[1;92m ][0m
[1;93mExtract: [0m[1;92m[ [0m[0;91m94.88%[0m[1;92m ][0m
[1;93mExtract: [0m[1;92m[ [0m[0;91m94.90%[0m[1;92m ][0m
[1;93mExtract: [0m[1;92m[ [0m[0;91m94.93%[0m[1;92m ][0m
[1;93mExtract: [0m[1;92m[ [0m[0;91m94.96%[0m[1;92m ][0m
[1;93mExtract: [0m[1;92m[ [0m[0;91m94.99%[0m[1;92m ][0m
[1;93mExtract: [0m[1;92m[ [0m[0;91m95.01%[0m[1;92m ][0m
[1;93mExtract: [0m[1;92m[ [0m[0;91m95.04%[0m[1;92m ][0m
[1;93mExtract: [0m[1;92m[ [0m[0;91m95.07%[0m[1;92m ][0m
[1;93mExtract: [0m[1;92m[ [0m[0;91m95.09%[0m[1;92m ][0m
[1;93mExtract: [0m[1;92m[ [0m[0;91m95.12%[0m[1;92m ][0m
[1;93mExtract: [0m[1;92m[ [0m[0;91m95.15%[0m[1;92m ][0m
[1;93mExtract: [0m[1;92m[ [0m[0;91m95.17%[0m[1;92m ][0m
[1;93mExtract: [0m[1;92m[ [0m[0;91m95.20%[0m[1;92m ][0m
[1;93mExtract: [0m[1;92m[ [0m[0;91m95.23%[0m[1;92m ][0m
[1;93mExtract: [0m[1;92m[ [0m[0;91m95.26%[0m[1;92m ][0m
[1;93mExtract: [0m[1;92m[ [0m[0;91m95.28%[0m[1;92m ][0m
[1;93mExtract: [0m[1;92m[ [0m[0;91m95.31%[0m[1;92m ][0m
[1;93mExtract: [0m[1;92m[ [0m[0;91m95.34%[0m[1;92m ][0m
[1;93mExtract: [0m[1;92m[ [0m[0;91m95.36%[0m[1;92m ][0m
[1;93mExtract: [0m[1;92m[ [0m[0;91m95.39%[0m[1;92m ][0m
[1;93mExtract: [0m[1;92m[ [0m[0;91m95.42%[0m[1;92m ][0m
[1;93mExtract: [0m[1;92m[ [0m[0;91m95.45%[0m[1;92m ][0m
[1;93mExtract: [0m[1;92m[ [0m[0;91m95.47%[0m[1;92m ][0m
[1;93mExtract: [0m[1;92m[ [0m[0;91m95.50%[0m[1;92m ][0m
[1;93mExtract: [0m[1;92m[ [0m[0;91m95.53%[0m[1;92m ][0m
[1;93mExtract: [0m[1;92m[ [0m[0;91m95.55%[0m[1;92m ][0m
[1;93mExtract: [0m[1;92m[ [0m[0;91m95.58%[0m[1;92m ][0m
[1;93mExtract: [0m[1;92m[ [0m[0;91m95.61%[0m[1;92m ][0m
[1;93mExtract: [0m[1;92m[ [0m[0;91m95.64%[0m[1;92m ][0m
[1;93mExtract: [0m[1;92m[ [0m[0;91m95.66%[0m[1;92m ][0m
[1;93mExtract: [0m[1;92m[ [0m[0;91m95.69%[0m[1;92m ][0m
[1;93mExtract: [0m[1;92m[ [0m[0;91m95.72%[0m[1;92m ][0m
[1;93mExtract: [0m[1;92m[ [0m[0;91m95.74%[0m[1;92m ][0m
[1;93mExtract: [0m[1;92m[ [0m[0;91m95.77%[0m[1;92m ][0m
[1;93mExtract: [0m[1;92m[ [0m[0;91m95.80%[0m[1;92m ][0m
[1;93mExtract: [0m[1;92m[ [0m[0;91m95.83%[0m[1;92m ][0m
[1;93mExtract: [0m[1;92m[ [0m[0;91m95.85%[0m[1;92m ][0m
[1;93mExtract: [0m[1;92m[ [0m[0;91m95.88%[0m[1;92m ][0m
[1;93mExtract: [0m[1;92m[ [0m[0;91m95.91%[0m[1;92m ][0m
[1;93mExtract: [0m[1;92m[ [0m[0;91m95.93%[0m[1;92m ][0m
[1;93mExtract: [0m[1;92m[ [0m[0;91m95.96%[0m[1;92m ][0m
[1;93mExtract: [0m[1;92m[ [0m[0;91m95.99%[0m[1;92m ][0m
[1;93mExtract: [0m[1;92m[ [0m[0;91m96.02%[0m[1;92m ][0m
[1;93mExtract: [0m[1;92m[ [0m[0;91m96.04%[0m[1;92m ][0m
[1;93mExtract: [0m[1;92m[ [0m[0;91m96.07%[0m[1;92m ][0m
[1;93mExtract: [0m[1;92m[ [0m[0;91m96.10%[0m[1;92m ][0m
[1;93mExtract: [0m[1;92m[ [0m[0;91m96.12%[0m[1;92m ][0m
[1;93mExtract: [0m[1;92m[ [0m[0;91m96.15%[0m[1;92m ][0m
[1;93mExtract: [0m[1;92m[ [0m[0;91m96.18%[0m[1;92m ][0m
[1;93mExtract: [0m[1;92m[ [0m[0;91m96.20%[0m[1;92m ][0m
[1;93mExtract: [0m[1;92m[ [0m[0;91m96.23%[0m[1;92m ][0m
[1;93mExtract: [0m[1;92m[ [0m[0;91m96.26%[0m[1;92m ][0m
[1;93mExtract: [0m[1;92m[ [0m[0;91m96.29%[0m[1;92m ][0m
[1;93mExtract: [0m[1;92m[ [0m[0;91m96.31%[0m[1;92m ][0m
[1;93mExtract: [0m[1;92m[ [0m[0;91m96.34%[0m[1;92m ][0m
[1;93mExtract: [0m[1;92m[ [0m[0;91m96.37%[0m[1;92m ][0m
[1;93mExtract: [0m[1;92m[ [0m[0;91m96.39%[0m[1;92m ][0m
[1;93mExtract: [0m[1;92m[ [0m[0;91m96.42%[0m[1;92m ][0m
[1;93mExtract: [0m[1;92m[ [0m[0;91m96.45%[0m[1;92m ][0m
[1;93mExtract: [0m[1;92m[ [0m[0;91m96.48%[0m[1;92m ][0m
[1;93mExtract: [0m[1;92m[ [0m[0;91m96.50%[0m[1;92m ][0m
[1;93mExtract: [0m[1;92m[ [0m[0;91m96.53%[0m[1;92m ][0m
[1;93mExtract: [0m[1;92m[ [0m[0;91m96.56%[0m[1;92m ][0m
[1;93mExtract: [0m[1;92m[ [0m[0;91m96.58%[0m[1;92m ][0m
[1;93mExtract: [0m[1;92m[ [0m[0;91m96.61%[0m[1;92m ][0m
[1;93mExtract: [0m[1;92m[ [0m[0;91m96.64%[0m[1;92m ][0m
[1;93mExtract: [0m[1;92m[ [0m[0;91m96.67%[0m[1;92m ][0m
[1;93mExtract: [0m[1;92m[ [0m[0;91m96.69%[0m[1;92m ][0m
[1;93mExtract: [0m[1;92m[ [0m[0;91m96.72%[0m[1;92m ][0m
[1;93mExtract: [0m[1;92m[ [0m[0;91m96.75%[0m[1;92m ][0m
[1;93mExtract: [0m[1;92m[ [0m[0;91m96.77%[0m[1;92m ][0m
[1;93mExtract: [0m[1;92m[ [0m[0;91m96.80%[0m[1;92m ][0m
[1;93mExtract: [0m[1;92m[ [0m[0;91m96.83%[0m[1;92m ][0m
[1;93mExtract: [0m[1;92m[ [0m[0;91m96.86%[0m[1;92m ][0m
[1;93mExtract: [0m[1;92m[ [0m[0;91m96.88%[0m[1;92m ][0m
[1;93mExtract: [0m[1;92m[ [0m[0;91m96.91%[0m[1;92m ][0m
[1;93mExtract: [0m[1;92m[ [0m[0;91m96.94%[0m[1;92m ][0m
[1;93mExtract: [0m[1;92m[ [0m[0;91m96.96%[0m[1;92m ][0m
[1;93mExtract: [0m[1;92m[ [0m[0;91m96.99%[0m[1;92m ][0m
[1;93mExtract: [0m[1;92m[ [0m[0;91m97.02%[0m[1;92m ][0m
[1;93mExtract: [0m[1;92m[ [0m[0;91m97.05%[0m[1;92m ][0m
[1;93mExtract: [0m[1;92m[ [0m[0;91m97.07%[0m[1;92m ][0m
[1;93mExtract: [0m[1;92m[ [0m[0;91m97.10%[0m[1;92m ][0m
[1;93mExtract: [0m[1;92m[ [0m[0;91m97.13%[0m[1;92m ][0m
[1;93mExtract: [0m[1;92m[ [0m[0;91m97.15%[0m[1;92m ][0m
[1;93mExtract: [0m[1;92m[ [0m[0;91m97.18%[0m[1;92m ][0m
[1;93mExtract: [0m[1;92m[ [0m[0;91m97.21%[0m[1;92m ][0m
[1;93mExtract: [0m[1;92m[ [0m[0;91m97.24%[0m[1;92m ][0m
[1;93mExtract: [0m[1;92m[ [0m[0;91m97.26%[0m[1;92m ][0m
[1;93mExtract: [0m[1;92m[ [0m[0;91m97.29%[0m[1;92m ][0m
[1;93mExtract: [0m[1;92m[ [0m[0;91m97.32%[0m[1;92m ][0m
[1;93mExtract: [0m[1;92m[ [0m[0;91m97.34%[0m[1;92m ][0m
[1;93mExtract: [0m[1;92m[ [0m[0;91m97.37%[0m[1;92m ][0m
[1;93mExtract: [0m[1;92m[ [0m[0;91m97.40%[0m[1;92m ][0m
[1;93mExtract: [0m[1;92m[ [0m[0;91m97.42%[0m[1;92m ][0m
[1;93mExtract: [0m[1;92m[ [0m[0;91m97.45%[0m[1;92m ][0m
[1;93mExtract: [0m[1;92m[ [0m[0;91m97.48%[0m[1;92m ][0m
[1;93mExtract: [0m[1;92m[ [0m[0;91m97.51%[0m[1;92m ][0m
[1;93mExtract: [0m[1;92m[ [0m[0;91m97.53%[0m[1;92m ][0m
[1;93mExtract: [0m[1;92m[ [0m[0;91m97.56%[0m[1;92m ][0m
[1;93mExtract: [0m[1;92m[ [0m[0;91m97.59%[0m[1;92m ][0m
[1;93mExtract: [0m[1;92m[ [0m[0;91m97.61%[0m[1;92m ][0m
[1;93mExtract: [0m[1;92m[ [0m[0;91m97.64%[0m[1;92m ][0m
[1;93mExtract: [0m[1;92m[ [0m[0;91m97.67%[0m[1;92m ][0m
[1;93mExtract: [0m[1;92m[ [0m[0;91m97.70%[0m[1;92m ][0m
[1;93mExtract: [0m[1;92m[ [0m[0;91m97.72%[0m[1;92m ][0m
[1;93mExtract: [0m[1;92m[ [0m[0;91m97.75%[0m[1;92m ][0m
[1;93mExtract: [0m[1;92m[ [0m[0;91m97.78%[0m[1;92m ][0m
[1;93mExtract: [0m[1;92m[ [0m[0;91m97.80%[0m[1;92m ][0m
[1;93mExtract: [0m[1;92m[ [0m[0;91m97.83%[0m[1;92m ][0m
[1;93mExtract: [0m[1;92m[ [0m[0;91m97.86%[0m[1;92m ][0m
[1;93mExtract: [0m[1;92m[ [0m[0;91m97.89%[0m[1;92m ][0m
[1;93mExtract: [0m[1;92m[ [0m[0;91m97.91%[0m[1;92m ][0m
[1;93mExtract: [0m[1;92m[ [0m[0;91m97.94%[0m[1;92m ][0m
[1;93mExtract: [0m[1;92m[ [0m[0;91m97.97%[0m[1;92m ][0m
[1;93mExtract: [0m[1;92m[ [0m[0;91m97.99%[0m[1;92m ][0m
[1;93mExtract: [0m[1;92m[ [0m[0;91m98.02%[0m[1;92m ][0m
[1;93mExtract: [0m[1;92m[ [0m[0;91m98.05%[0m[1;92m ][0m
[1;93mExtract: [0m[1;92m[ [0m[0;91m98.08%[0m[1;92m ][0m
[1;93mExtract: [0m[1;92m[ [0m[0;91m98.10%[0m[1;92m ][0m
[1;93mExtract: [0m[1;92m[ [0m[0;91m98.13%[0m[1;92m ][0m
[1;93mExtract: [0m[1;92m[ [0m[0;91m98.16%[0m[1;92m ][0m
[1;93mExtract: [0m[1;92m[ [0m[0;91m98.18%[0m[1;92m ][0m
[1;93mExtract: [0m[1;92m[ [0m[0;91m98.21%[0m[1;92m ][0m
[1;93mExtract: [0m[1;92m[ [0m[0;91m98.24%[0m[1;92m ][0m
[1;93mExtract: [0m[1;92m[ [0m[0;91m98.27%[0m[1;92m ][0m
[1;93mExtract: [0m[1;92m[ [0m[0;91m98.29%[0m[1;92m ][0m
[1;93mExtract: [0m[1;92m[ [0m[0;91m98.32%[0m[1;92m ][0m
[1;93mExtract: [0m[1;92m[ [0m[0;91m98.35%[0m[1;92m ][0m
[1;93mExtract: [0m[1;92m[ [0m[0;91m98.37%[0m[1;92m ][0m
[1;93mExtract: [0m[1;92m[ [0m[0;91m98.40%[0m[1;92m ][0m
[1;93mExtract: [0m[1;92m[ [0m[0;91m98.43%[0m[1;92m ][0m
[1;93mExtract: [0m[1;92m[ [0m[0;91m98.45%[0m[1;92m ][0m
[1;93mExtract: [0m[1;92m[ [0m[0;91m98.48%[0m[1;92m ][0m
[1;93mExtract: [0m[1;92m[ [0m[0;91m98.51%[0m[1;92m ][0m
[1;93mExtract: [0m[1;92m[ [0m[0;91m98.54%[0m[1;92m ][0m
[1;93mExtract: [0m[1;92m[ [0m[0;91m98.56%[0m[1;92m ][0m
[1;93mExtract: [0m[1;92m[ [0m[0;91m98.59%[0m[1;92m ][0m
[1;93mExtract: [0m[1;92m[ [0m[0;91m98.62%[0m[1;92m ][0m
[1;93mExtract: [0m[1;92m[ [0m[0;91m98.64%[0m[1;92m ][0m
[1;93mExtract: [0m[1;92m[ [0m[0;91m98.67%[0m[1;92m ][0m
[1;93mExtract: [0m[1;92m[ [0m[0;91m98.70%[0m[1;92m ][0m
[1;93mExtract: [0m[1;92m[ [0m[0;91m98.73%[0m[1;92m ][0m
[1;93mExtract: [0m[1;92m[ [0m[0;91m98.75%[0m[1;92m ][0m
[1;93mExtract: [0m[1;92m[ [0m[0;91m98.78%[0m[1;92m ][0m
[1;93mExtract: [0m[1;92m[ [0m[0;91m98.81%[0m[1;92m ][0m
[1;93mExtract: [0m[1;92m[ [0m[0;91m98.83%[0m[1;92m ][0m
[1;93mExtract: [0m[1;92m[ [0m[0;91m98.86%[0m[1;92m ][0m
[1;93mExtract: [0m[1;92m[ [0m[0;91m98.89%[0m[1;92m ][0m
[1;93mExtract: [0m[1;92m[ [0m[0;91m98.92%[0m[1;92m ][0m
[1;93mExtract: [0m[1;92m[ [0m[0;91m98.94%[0m[1;92m ][0m
[1;93mExtract: [0m[1;92m[ [0m[0;91m98.97%[0m[1;92m ][0m
[1;93mExtract: [0m[1;92m[ [0m[0;91m99.00%[0m[1;92m ][0m
[1;93mExtract: [0m[1;92m[ [0m[0;91m99.02%[0m[1;92m ][0m
[1;93mExtract: [0m[1;92m[ [0m[0;91m99.05%[0m[1;92m ][0m
[1;93mExtract: [0m[1;92m[ [0m[0;91m99.08%[0m[1;92m ][0m
[1;93mExtract: [0m[1;92m[ [0m[0;91m99.11%[0m[1;92m ][0m
[1;93mExtract: [0m[1;92m[ [0m[0;91m99.13%[0m[1;92m ][0m
[1;93mExtract: [0m[1;92m[ [0m[0;91m99.16%[0m[1;92m ][0m
[1;93mExtract: [0m[1;92m[ [0m[0;91m99.19%[0m[1;92m ][0m
[1;93mExtract: [0m[1;92m[ [0m[0;91m99.21%[0m[1;92m ][0m
[1;93mExtract: [0m[1;92m[ [0m[0;91m99.24%[0m[1;92m ][0m
[1;93mExtract: [0m[1;92m[ [0m[0;91m99.27%[0m[1;92m ][0m
[1;93mExtract: [0m[1;92m[ [0m[0;91m99.30%[0m[1;92m ][0m
[1;93mExtract: [0m[1;92m[ [0m[0;91m99.32%[0m[1;92m ][0m
[1;93mExtract: [0m[1;92m[ [0m[0;91m99.35%[0m[1;92m ][0m
[1;93mExtract: [0m[1;92m[ [0m[0;91m99.38%[0m[1;92m ][0m
[1;93mExtract: [0m[1;92m[ [0m[0;91m99.40%[0m[1;92m ][0m
[1;93mExtract: [0m[1;92m[ [0m[0;91m99.43%[0m[1;92m ][0m
[1;93mExtract: [0m[1;92m[ [0m[0;91m99.46%[0m[1;92m ][0m
[1;93mExtract: [0m[1;92m[ [0m[0;91m99.48%[0m[1;92m ][0m
[1;93mExtract: [0m[1;92m[ [0m[0;91m99.51%[0m[1;92m ][0m
[1;93mExtract: [0m[1;92m[ [0m[0;91m99.54%[0m[1;92m ][0m
[1;93mExtract: [0m[1;92m[ [0m[0;91m99.57%[0m[1;92m ][0m
[1;93mExtract: [0m[1;92m[ [0m[0;91m99.59%[0m[1;92m ][0m
[1;93mExtract: [0m[1;92m[ [0m[0;91m99.62%[0m[1;92m ][0m
[1;93mExtract: [0m[1;92m[ [0m[0;91m99.65%[0m[1;92m ][0m
[1;93mExtract: [0m[1;92m[ [0m[0;91m99.67%[0m[1;92m ][0m
[1;93mExtract: [0m[1;92m[ [0m[0;91m99.70%[0m[1;92m ][0m
[1;93mExtract: [0m[1;92m[ [0m[0;91m99.73%[0m[1;92m ][0m
[1;93mExtract: [0m[1;92m[ [0m[0;91m99.76%[0m[1;92m ][0m
[1;93mExtract: [0m[1;92m[ [0m[0;91m99.78%[0m[1;92m ][0m
[1;93mExtract: [0m[1;92m[ [0m[0;91m99.81%[0m[1;92m ][0m
[1;93mExtract: [0m[1;92m[ [0m[0;91m99.84%[0m[1;92m ][0m
[1;93mExtract: [0m[1;92m[ [0m[0;91m99.86%[0m[1;92m ][0m
[1;93mExtract: [0m[1;92m[ [0m[0;91m99.89%[0m[1;92m ][0m
[1;93mExtract: [0m[1;92m[ [0m[0;91m99.92%[0m[1;92m ][0m
[1;93mExtract: [0m[1;92m[ [0m[0;91m99.95%[0m[1;92m ][0m
[1;93mExtract: [0m[1;92m[ [0m[0;91m99.97%[0m[1;92m ][0m
[1;93mExtract: [0m[1;92m[ [0m[0;91m100.00%[0m[1;92m ][0m
[1;93mExtract: [0m[1;92mThe operation took: [0m[0;91m21.446[0m[1;92m second(s).[0m
I: Using Apktool 3.0.2 on services.jar with 8 threads
I: Baksmaling classes.dex...
I: Baksmaling classes4.dex...
I: Baksmaling classes2.dex...
I: Baksmaling classes3.dex...
I: Copying original files...
I: Copying unknown files...
I: Using Apktool 3.0.2 on framework.jar with 8 threads
I: Baksmaling classes2.dex...
I: Baksmaling classes3.dex...
I: Baksmaling classes4.dex...
I: Baksmaling classes5.dex...
I: Baksmaling classes.dex...
I: Baksmaling classes6.dex...
I: Copying original files...
I: Copying unknown files...
I: Using Apktool 3.0.2 on ZuiControl.apk with 8 threads
I: Loading resource table...
I: Baksmaling classes.dex...
I: Decoding value resources...
I: Loading resource table from file: C:\Users\XMY\AppData\Local\apktool\framework\1.apk
I: Decoding file resources...
I: Generating values XMLs...
I: Decoding AndroidManifest.xml with resources...
I: Copying original files...
I: Copying unknown files...
{
  "ok": true,
  "flash_dir": "D:\\3.VScode\\Mi\\work\\v20_4_candidate_20260831104317",
  "apk_sha256": "3bd2dab7292bab3f0fdcac2c72ea444d14bda3971319a5d5af2bdf40fbec9018",
  "uperf_sha256": "f1265757009ff0c85dd8587d9e7bfcf5e51d10d36fe5e1341688215ae1fb49d8",
  "asoul_sha256": "7a2ee5d67ba7c057066176334eca9256e376427916429d66b7593cbb5538ec86",
  "boot_sha256": "e7e85b5cd2806b8c27adf4925e05ee169072a79a43502effc34c97fb27ee8371",
  "super_sha256": "059e910359c39f585ed280b623bde0d8d97d6d8dd12b1efdfd2df5281b629757",
  "vbmeta_sha256": "c1f4ea68ea52bae62e464ddc245dadd740569ba3ac3376ee5d23a40204a744f7",
  "vbmeta_system_sha256": "a92596dd1ab7546a8a937b9663524c6b188ac7ddd60e3a840e9d839232b0a9aa",
  "vendor_image_sha256": "b932ab49e7bc5916b710675bd1ebfa35ba58b978aa55f893564b1cd82caffeae",
  "vendor_apk_count": 17,
  "vendor_apk_inventory_sha256": "9d822d5897bbd8c39027821c3b4912401bd073e4ae7e43e36dfc0803d56a2153",
  "boot_rollback_index": 1736035200,
  "vbmeta_system_rollback_index": 1736035200,
  "scheduler_rc_mode_lines": {
    "powersave": {
      "text": "    write /data/vendor/zui_control/uperf/effective_powermode.txt powersave",
      "hex": "202020207772697465202f646174612f76656e646f722f7a75695f636f6e74726f6c2f75706572662f6566666563746976655f706f7765726d6f64652e74787420706f77657273617665"
    },
    "balance": {
      "text": "    write /data/vendor/zui_control/uperf/effective_powermode.txt balance",
      "hex": "202020207772697465202f646174612f76656e646f722f7a75695f636f6e74726f6c2f75706572662f6566666563746976655f706f7765726d6f64652e7478742062616c616e6365"
    },
    "performance": {
      "text": "    write /data/vendor/zui_control/uperf/effective_powermode.txt performance",
      "hex": "202020207772697465202f646174612f76656e646f722f7a75695f636f6e74726f6c2f75706572662f6566666563746976655f706f7765726d6f64652e74787420706572666f726d616e6365"
    },
    "fast": {
      "text": "    write /data/vendor/zui_control/uperf/effective_powermode.txt fast",
      "hex": "202020207772697465202f646174612f76656e646f722f7a75695f636f6e74726f6c2f75706572662f6566666563746976655f706f7765726d6f64652e7478742066617374"
    }
  }
}
{
  "ok": true,
  "phase": "V20_4",
  "flash_dir": "D:\\3.VScode\\Mi\\work\\v20_4_candidate_20260831104317",
  "base_verifier": "D:\\3.VScode\\Mi\\work\\v20_4_scratch_20260831104317\\repo\\scripts\\VerifyZuiControlFlashPackage.ps1",
  "marker_count": 48
}
